B1 B2 B3 B4 B5 B6 B7 B8 B9 B10 B11 B12 B13 B14 B15 B16 B17 B18 P1 P2 P3 P4 P5 P6 P7 P8 P9 P10 P11 P12 P13 P14 P15 P16 P17 P18 Label 
489 490 476 489 441 490 346 298 329 315 331 309 440 398 379 431 430 410 1 0 0 1 49 0 109 157 113 140 124 146 50 92 97 59 60 80 n86
254 256 264 270 267 222 210 225 188 209 243 204 236 261 182 227 239 227 16 29 6 0 18 48 60 60 82 61 42 66 34 24 88 43 46 43 a299
318 263 277 324 324 234 291 180 183 217 295 182 262 246 215 246 236 245 6 61 47 0 0 90 33 144 141 107 29 142 62 78 109 78 88 79 a181
559 667 667 632 644 667 462 463 550 442 496 443 521 619 667 644 644 667 85 0 0 12 0 0 182 204 117 202 148 224 123 48 0 0 0 0 j146
620 663 663 646 610 663 520 489 586 549 506 530 548 534 503 514 488 530 26 0 0 0 36 0 126 174 77 97 140 133 98 129 160 132 158 133 n31
293 291 268 258 289 259 248 279 268 248 276 261 312 312 312 312 305 312 19 21 44 54 23 53 88 57 68 88 60 75 0 0 0 0 7 0 m293
1231 973 1114 1136 1108 1135 1274 1008 1244 1226 1231 1221 1248 1063 1149 1248 1209 1248 17 236 134 112 101 113 6 232 36 54 9 59 0 146 99 0 0 0 j205
320 287 303 305 280 292 345 326 282 296 270 340 400 400 400 400 338 400 80 113 97 95 120 108 30 49 93 79 105 35 0 0 0 0 62 0 m322
353 356 368 363 361 346 329 347 274 282 293 315 396 414 414 396 372 414 43 58 46 33 35 68 89 90 163 136 125 122 0 0 0 0 24 0 m300
728 590 756 689 558 651 656 431 450 409 380 495 654 600 643 729 729 729 1 139 0 40 171 78 46 271 278 293 322 207 75 129 113 0 0 0 ad97
794 916 950 925 950 950 706 775 751 773 821 845 796 766 761 727 804 773 156 34 0 0 0 0 244 175 199 152 129 105 154 184 189 198 146 177 f221
861 988 984 1000 980 981 724 719 717 681 703 650 928 1023 1023 1023 1019 1023 162 35 39 23 43 42 268 273 275 311 289 342 95 0 0 0 4 0 f469
269 228 275 291 276 308 196 223 161 179 162 231 273 293 299 268 268 248 39 69 33 17 21 0 112 74 147 129 135 77 35 4 9 40 29 60 s225
568 536 575 582 565 523 404 496 438 452 465 489 495 598 598 621 598 598 30 62 23 39 33 75 194 102 160 169 133 109 103 0 0 0 0 0 j202
465 494 513 500 443 513 412 433 446 448 369 399 420 358 354 405 356 388 48 0 0 13 51 0 74 35 40 38 99 87 93 136 159 108 138 125 jd445
434 513 475 504 489 504 428 423 295 347 366 396 412 487 491 491 461 434 70 9 29 0 33 0 104 128 237 185 185 136 92 35 13 13 61 70 s318
713 664 714 658 663 714 713 560 714 644 528 635 529 449 517 539 563 507 1 50 0 35 51 0 1 154 0 49 186 79 185 265 197 154 151 207 s440
339 336 342 361 342 342 212 196 244 261 250 235 281 320 311 350 319 342 3 6 0 0 0 0 112 128 80 81 74 89 61 22 31 11 23 0 m265
653 703 765 749 714 708 608 584 595 582 646 608 637 768 768 768 768 768 115 65 3 19 54 60 128 152 141 154 90 128 131 0 0 0 0 0 j409
314 315 268 315 243 315 269 243 153 198 216 288 243 206 201 210 226 254 1 0 32 0 72 0 67 93 167 138 120 48 72 109 99 105 89 61 a495
464 480 480 438 480 480 351 355 335 348 364 343 391 475 478 500 476 475 16 0 0 66 0 0 149 145 165 177 136 157 89 5 2 4 4 5 jd330
1095 1129 1093 1134 1106 1101 1033 1059 948 1054 1148 1111 1098 1187 1181 1242 1194 1260 165 131 139 126 154 159 272 246 328 251 157 194 162 73 51 18 66 0 m12
1369 1369 1235 1156 1369 1406 1195 1149 1164 1080 1073 1254 1177 1369 1406 1406 1343 1406 37 0 171 250 0 0 249 257 280 364 333 190 229 0 0 0 26 0 jt411
417 493 510 493 474 493 425 428 434 470 464 483 398 404 432 427 403 402 76 0 0 0 19 0 97 94 106 52 58 39 95 89 78 66 90 91 d61
314 299 300 349 349 316 357 336 278 280 274 248 406 420 406 406 388 406 92 121 106 57 71 90 49 84 128 126 146 158 0 0 0 0 32 0 m280
910 1118 1092 1073 1097 1078 1003 987 895 964 838 950 937 968 935 894 997 925 182 0 0 19 21 14 89 131 197 128 280 142 155 150 157 198 121 167 jd12
385 408 373 391 397 408 385 398 342 414 377 430 312 334 328 267 307 332 23 0 35 0 11 0 47 34 90 0 55 2 96 74 80 124 101 76 s61
874 946 924 814 946 924 758 799 802 699 773 871 715 799 786 839 852 736 50 0 0 110 0 0 124 104 80 183 130 11 209 147 138 85 94 188 d64
883 771 856 813 858 910 756 724 842 772 722 843 783 718 733 638 785 703 1 139 54 71 26 0 94 151 33 78 128 32 101 192 177 246 99 207 s490
1040 1184 1184 1175 1164 1184 909 956 1001 979 1046 966 1019 1184 1184 1184 1184 1184 144 0 0 9 20 0 275 228 183 205 138 218 165 0 0 0 0 0 j489
309 262 274 291 300 310 254 198 228 182 233 258 250 218 249 259 225 237 1 38 36 19 0 0 87 132 113 159 97 83 60 82 61 51 75 73 s340
719 593 726 631 720 744 662 573 684 558 673 630 490 534 556 518 566 543 1 151 18 89 0 0 88 202 91 192 77 145 230 210 188 202 154 201 o329
1763 1986 1980 1978 2013 1980 1717 1629 1569 1596 1548 1596 1642 1944 1977 1911 1982 1913 217 27 0 2 0 0 203 323 351 324 404 324 338 69 3 69 31 67 j354
996 1023 1023 978 955 1023 679 759 593 817 699 817 1056 899 914 1056 1056 1023 60 0 0 78 101 0 345 233 399 207 325 175 0 124 109 0 0 0 d277
566 582 616 637 672 547 546 402 460 413 482 470 567 628 672 651 672 672 106 90 56 14 0 125 94 238 180 207 158 170 105 44 0 0 0 0 j477
641 630 750 740 721 779 692 586 706 685 576 722 604 591 604 621 650 585 138 130 29 39 39 0 128 214 114 135 224 98 175 169 175 158 110 194 s463
503 528 504 504 435 474 473 452 414 501 375 499 420 383 401 403 504 451 1 0 0 0 93 30 31 76 90 3 153 5 84 145 103 101 24 53 a414
723 782 782 759 709 782 646 642 667 711 607 632 743 751 671 716 710 759 59 0 0 0 73 0 170 174 149 81 209 184 39 31 111 43 72 23 d450
724 651 700 662 661 725 673 667 642 651 645 702 519 597 551 528 521 584 1 74 0 63 64 0 81 87 86 103 109 52 206 128 149 197 204 141 o407
233 242 263 285 265 288 283 191 207 208 170 208 245 244 272 253 249 231 55 34 25 3 11 0 5 85 81 80 106 80 43 32 16 35 27 57 jt13
1292 1617 1450 1423 1503 1541 1267 1444 1359 1407 1484 1478 1390 1617 1568 1617 1617 1617 325 0 118 194 114 76 383 206 241 243 166 172 227 0 0 0 0 0 jt183
881 900 916 868 786 873 776 663 617 631 690 712 886 907 798 893 952 952 71 52 36 56 166 79 142 255 301 260 228 206 66 45 154 31 0 0 ad319
629 598 595 630 585 579 486 418 492 489 457 407 593 601 579 605 578 583 1 17 20 0 45 36 102 156 82 99 131 167 37 14 36 25 52 32 n20
373 353 361 364 380 361 276 217 264 328 378 358 342 283 290 319 373 361 7 8 0 16 0 0 104 144 97 52 2 3 38 78 71 61 7 0 md230
1849 1716 1850 1821 1813 1850 1811 1523 1864 1743 1829 1900 1634 1597 1647 1695 1563 1554 1 97 0 29 0 0 89 339 36 157 33 0 216 216 203 155 250 296 s448
637 609 579 520 527 638 587 484 502 459 396 539 491 589 638 638 609 638 1 0 59 118 82 0 73 146 158 201 234 121 147 20 0 0 0 0 jt432
212 216 208 206 170 164 145 111 111 140 119 148 201 176 156 189 188 211 4 0 8 10 46 52 53 87 87 58 79 50 15 40 60 27 28 5 m141
799 832 832 806 741 832 641 684 703 683 724 691 832 667 832 806 832 832 33 0 0 0 91 0 223 180 161 154 140 173 0 165 0 0 0 0 ad62
630 742 725 725 723 725 516 487 454 497 474 517 725 699 696 725 750 725 95 8 0 0 27 0 180 233 242 199 246 179 0 51 29 0 0 0 d50
383 368 368 384 369 368 320 313 309 320 359 255 346 300 281 300 299 301 1 0 0 0 15 0 64 55 59 64 25 113 38 68 87 84 85 67 md23
688 697 691 688 732 721 539 613 603 585 658 618 652 806 780 780 806 780 92 109 89 92 74 59 211 162 147 165 117 132 128 0 0 0 0 0 f127
1370 1404 1440 1346 1311 1439 1064 973 1033 1027 1066 1135 1440 1272 1314 1440 1404 1440 70 0 0 94 93 1 416 470 447 453 377 345 0 132 126 0 0 0 d35
601 602 588 602 548 602 517 466 462 498 374 453 559 455 481 515 540 490 1 0 0 0 54 0 128 179 168 147 271 192 43 147 107 87 62 112 n376
477 492 445 384 372 417 400 393 385 417 383 417 525 525 525 525 461 525 48 33 80 141 153 108 90 97 105 73 107 73 0 0 0 0 64 0 m298
612 608 618 632 548 637 581 567 425 556 522 532 713 673 608 713 690 713 101 82 95 81 142 76 132 123 288 157 168 181 0 17 105 0 0 0 ad114
1619 1620 1531 1507 1620 1620 1571 1623 1439 1413 1552 1529 1320 1360 1268 1282 1427 1295 1 0 89 113 0 0 94 42 226 252 113 136 300 260 352 338 193 325 o176
879 902 902 878 790 902 785 797 739 779 671 820 851 741 754 730 717 722 1 0 0 2 90 0 135 146 204 141 249 123 29 161 148 150 163 180 n483
850 988 988 1014 988 988 739 736 727 791 770 748 922 988 988 1014 988 988 138 0 0 0 0 0 249 252 261 223 218 240 66 0 0 0 0 0 f478
593 630 665 648 671 600 661 527 492 505 581 556 696 636 696 696 725 696 103 95 31 48 54 96 11 173 180 167 119 116 0 89 0 0 0 0 j11
1098 1102 1102 1102 822 1018 935 897 936 977 943 985 999 954 1102 1102 1102 1102 4 0 0 0 280 84 196 234 195 154 188 146 103 148 0 0 0 0 ad31
523 512 497 471 470 476 420 380 453 416 415 406 520 501 502 547 526 531 32 43 43 84 85 79 135 175 87 139 140 149 35 54 38 8 29 24 n252
673 676 676 702 676 676 598 613 564 560 572 549 648 593 599 641 492 593 3 0 0 0 0 0 52 37 86 115 78 101 28 83 77 61 184 83 m440
608 573 636 652 607 700 691 504 517 483 401 527 700 560 700 700 700 690 92 127 64 48 93 0 9 196 183 217 299 173 0 140 0 0 0 10 jt172
719 738 691 717 720 738 616 681 611 625 633 636 611 594 648 585 587 612 1 0 47 3 0 0 144 98 168 135 127 143 109 144 90 135 133 126 o175
257 202 242 288 261 272 262 155 222 248 246 206 288 207 232 185 192 215 31 70 30 0 27 0 44 134 67 58 60 83 0 65 40 103 96 57 md364
899 882 882 900 819 840 745 671 615 699 675 648 776 647 704 802 723 723 1 0 0 0 81 42 155 211 267 201 225 234 124 235 178 98 177 159 n333
634 597 570 599 538 541 501 495 516 549 564 523 549 640 660 682 660 660 26 63 90 83 122 119 129 135 114 102 66 107 111 20 0 0 0 0 j461
410 401 387 406 364 427 290 274 341 286 210 329 421 415 421 434 388 431 32 41 55 36 78 15 118 134 67 122 198 79 21 27 21 8 54 11 n360
294 318 336 305 314 336 276 236 225 225 192 304 286 283 310 303 251 274 42 6 0 31 10 0 88 115 139 139 159 60 50 41 26 33 73 62 s304
519 532 480 513 499 532 347 475 394 454 400 460 465 429 409 381 318 385 13 0 52 0 33 0 157 29 110 32 104 44 67 103 123 132 214 147 o362
574 600 575 575 496 532 351 446 423 396 395 445 552 531 512 572 584 557 1 0 0 0 104 43 224 154 152 179 205 130 23 69 63 3 16 18 ad120
1633 1596 1563 1634 1576 1634 1507 1424 1309 1576 1320 1478 1472 1277 1258 1276 1237 1399 1 0 71 0 20 0 84 130 282 15 234 113 162 319 376 358 359 235 s320
979 980 1000 980 926 980 907 909 953 954 878 932 838 823 833 817 785 811 1 0 0 0 54 0 73 71 47 26 102 48 142 157 167 163 195 169 n184
645 703 667 566 728 728 558 595 546 476 588 685 589 728 728 700 651 728 83 25 61 134 0 0 196 159 208 249 166 69 139 0 0 0 77 0 jd108
870 895 844 879 872 910 701 823 830 799 818 811 789 992 960 960 992 960 90 97 116 81 120 50 229 138 100 131 143 119 171 0 0 0 0 0 j109
284 266 289 289 306 230 227 174 221 236 293 199 244 241 253 231 258 257 5 40 0 0 0 59 79 150 85 70 31 107 45 65 36 58 48 32 a378
559 643 646 646 630 646 516 524 429 404 529 503 567 606 593 613 609 580 87 3 0 0 16 0 164 156 251 276 151 177 79 40 53 33 37 66 f150
185 194 230 193 240 240 208 151 173 112 200 174 183 166 194 198 190 194 55 46 10 32 0 0 16 73 51 98 24 50 57 74 46 27 50 46 jt317
431 444 432 432 410 429 346 361 297 358 339 359 403 341 369 389 399 362 1 0 0 0 34 3 122 120 171 110 142 109 29 103 63 43 45 70 n474
331 324 362 338 359 357 365 358 292 365 281 328 442 442 442 459 396 442 111 118 80 121 83 85 51 58 124 67 135 88 0 0 0 0 46 0 m76
604 651 630 560 644 651 424 381 410 444 416 549 565 505 602 625 613 605 47 0 0 91 7 0 196 239 190 176 204 71 86 146 28 26 38 46 d30
535 560 576 550 560 576 381 379 429 415 416 459 416 431 440 459 477 443 41 0 0 26 0 0 159 146 111 125 109 81 160 129 136 117 83 133 d306
329 330 330 323 330 330 247 222 267 258 255 202 287 268 251 258 262 286 1 0 0 22 0 0 61 86 41 64 53 106 43 62 79 87 68 44 md271
783 791 680 686 656 661 638 574 494 496 583 609 776 779 751 792 753 792 9 1 88 106 136 131 121 185 242 263 176 150 16 13 17 0 39 0 m320
463 448 457 415 464 464 424 357 354 424 403 371 387 345 300 323 281 364 1 16 7 49 0 0 69 136 139 69 90 122 77 119 164 141 183 100 s129
467 381 459 380 406 408 401 317 390 352 423 396 444 384 468 468 450 468 1 69 9 88 44 60 93 158 104 142 52 98 24 66 0 0 0 0 jt102
285 374 342 399 378 378 261 303 229 324 342 246 318 306 312 291 291 297 93 4 36 0 0 0 99 57 131 56 18 114 60 72 66 108 87 81 a147
325 315 320 301 298 288 205 220 249 205 224 255 297 357 374 374 357 374 49 42 54 73 59 86 147 116 103 147 112 97 77 0 0 0 0 0 j237
699 584 700 700 622 700 685 465 452 437 449 608 641 700 578 656 684 629 1 116 0 0 78 0 43 263 276 291 279 120 59 0 122 44 16 71 ad101
285 286 286 273 273 286 233 247 254 201 232 196 258 232 196 197 211 233 1 0 0 0 13 0 53 39 32 72 54 90 28 54 90 76 75 53 md38
861 1025 1023 1009 1021 1005 705 663 729 693 713 662 937 1025 1025 1025 1025 1025 164 0 2 16 4 20 320 362 296 332 312 363 88 0 0 0 0 0 f209
804 797 864 880 792 759 746 703 641 629 634 603 872 858 770 876 762 880 76 61 16 0 66 121 174 194 279 291 263 317 8 0 110 4 96 0 d116
496 488 527 454 527 527 362 412 422 343 379 418 407 340 419 432 476 398 31 39 0 73 0 0 165 115 105 184 148 109 120 187 108 95 51 129 o365
275 276 235 210 273 217 234 191 158 232 212 236 276 240 218 197 233 225 1 0 29 66 3 59 65 108 128 67 87 63 0 36 46 79 43 51 md359
755 670 756 755 732 756 729 576 758 755 636 764 610 628 636 631 648 566 1 68 0 1 6 0 69 203 40 43 143 34 146 110 120 125 90 190 s403
637 588 594 596 647 638 609 488 512 472 565 526 528 490 510 518 506 521 1 72 44 42 13 0 29 172 126 166 95 112 110 170 128 120 154 117 s330
407 391 391 408 373 391 405 398 395 419 355 392 340 309 279 325 316 313 1 0 0 0 35 0 27 16 19 13 77 22 68 82 112 83 92 78 n266
671 725 750 725 725 725 557 651 669 700 645 603 561 585 634 562 607 592 54 0 0 0 0 0 197 103 111 54 109 151 164 140 116 163 118 133 j337
595 533 598 464 490 598 451 399 443 340 408 375 527 516 598 598 572 598 3 39 0 134 82 0 124 151 132 235 142 200 71 56 0 0 0 0 jt282
683 651 684 646 684 684 574 493 620 621 684 684 576 638 581 578 498 525 1 33 0 57 0 0 110 191 64 82 0 0 108 46 103 125 186 159 s18
607 589 546 608 539 589 526 584 499 597 467 533 472 466 549 479 441 444 1 0 43 0 69 0 82 5 90 11 141 56 136 123 40 129 167 145 o409
436 396 388 350 418 437 434 413 383 323 362 410 332 261 278 280 267 334 1 22 49 87 0 0 26 27 77 137 78 50 105 157 159 157 151 103 o287
594 685 728 754 722 699 599 515 591 579 582 600 659 667 728 756 728 728 134 43 0 2 6 29 129 213 137 177 146 128 69 61 0 0 0 0 j6
376 368 326 328 363 302 321 306 241 273 296 322 384 368 368 384 360 368 8 0 42 56 21 66 87 85 150 135 112 69 0 0 0 0 24 0 m216
811 855 814 655 810 825 586 614 521 615 671 794 825 794 726 825 858 825 14 3 11 170 48 0 264 270 329 235 213 56 0 64 99 0 0 0 ad108
653 680 715 720 678 683 597 608 642 644 668 529 713 738 738 720 667 706 67 58 23 0 42 55 163 171 137 116 92 250 7 0 0 0 53 32 d20
526 507 537 583 535 495 387 418 398 407 392 452 521 576 576 594 576 576 50 69 39 11 41 81 157 126 146 154 152 92 55 0 0 0 0 0 j288
575 594 576 576 517 576 506 560 470 476 352 448 499 358 428 436 456 465 1 0 0 0 77 0 70 34 106 100 242 128 77 236 148 140 138 111 n138
387 404 411 372 312 432 342 330 251 270 279 278 440 440 349 418 440 440 53 36 29 46 128 8 78 90 169 129 141 142 0 0 91 0 0 0 ad151
734 744 768 744 744 744 594 538 560 532 591 561 656 694 757 711 718 718 10 0 0 0 0 0 119 175 176 181 122 152 88 50 11 33 26 26 j246
710 628 650 729 756 756 547 556 612 581 569 601 670 685 691 657 727 690 46 128 106 0 0 0 181 172 116 121 159 127 86 71 65 72 29 66 md430
519 520 428 520 520 395 484 449 323 387 491 419 414 402 435 414 425 413 1 0 92 0 0 125 62 97 223 159 55 127 106 118 85 106 95 107 a279
623 720 720 702 720 720 545 545 520 524 516 512 669 660 682 652 688 669 97 0 0 0 0 0 175 175 200 178 204 208 51 60 38 50 32 51 f375
509 493 510 501 493 510 450 387 407 425 422 414 453 416 402 377 371 509 1 0 0 9 0 0 60 106 103 85 71 96 57 77 108 133 122 1 md212
311 303 247 308 291 269 223 241 164 233 241 194 324 324 310 324 303 324 13 21 65 16 33 55 101 83 148 91 83 130 0 0 2 0 21 0 m409
559 544 471 560 518 560 469 488 439 457 351 506 451 398 442 463 453 439 1 0 89 0 26 0 91 56 121 103 193 54 109 146 118 97 91 121 s173
402 424 432 509 496 510 368 385 436 332 372 443 478 487 446 441 370 430 108 86 78 16 14 0 176 159 108 228 172 101 32 23 64 84 140 80 o25
413 326 316 356 326 295 340 291 317 323 342 332 352 349 399 418 418 399 5 73 83 62 92 104 78 108 82 95 76 67 66 50 0 0 0 0 j318
359 357 356 360 360 323 306 296 252 300 314 323 293 337 288 297 336 330 1 3 4 0 0 37 74 84 128 80 66 57 67 23 72 63 24 30 a341
333 323 342 311 279 342 247 208 212 192 196 211 258 318 342 342 323 342 9 0 0 31 44 0 77 98 112 132 110 113 84 5 0 0 0 0 jd219
881 839 730 787 861 882 766 770 637 705 694 812 736 703 694 719 705 741 1 22 152 95 0 0 116 91 245 177 167 70 146 158 188 163 156 141 o332
375 384 354 284 384 384 298 261 240 239 257 257 278 384 384 384 384 384 9 0 30 100 0 0 70 107 128 129 111 111 106 0 0 0 0 0 jt140
811 799 768 725 682 794 677 633 521 555 619 664 812 803 685 812 812 812 1 13 44 87 130 18 163 207 319 285 221 176 0 9 127 0 0 0 ad347
591 553 622 648 626 666 497 469 481 465 441 516 493 499 529 560 514 513 75 95 44 18 22 0 132 143 148 164 171 113 173 149 137 106 134 153 s452
463 464 464 464 452 464 441 398 343 421 388 380 398 436 411 407 460 393 1 0 0 0 12 0 52 95 150 72 105 113 66 28 53 57 4 71 md438
853 934 966 931 909 958 754 655 732 725 714 809 966 828 966 966 966 966 113 32 0 35 57 8 212 311 234 241 252 157 0 138 0 0 0 0 d114
478 497 525 513 378 528 467 452 286 437 452 429 528 507 449 528 528 528 50 31 3 15 150 0 85 100 266 115 100 123 0 21 79 0 0 0 ad86
504 549 550 550 550 550 506 416 518 505 506 491 448 424 413 449 405 426 46 1 0 0 0 0 19 109 7 20 19 34 102 126 137 101 145 124 j398
435 475 475 475 451 475 410 342 351 374 365 395 391 353 405 307 353 371 40 0 0 0 24 0 40 108 99 76 85 55 84 122 70 168 122 104 j427
639 616 626 635 660 707 698 657 614 576 595 695 713 713 601 703 713 713 74 97 87 78 53 6 15 56 99 137 118 18 0 0 112 10 0 0 md490
515 525 558 493 499 558 358 319 356 360 353 343 540 463 558 540 540 556 25 33 0 47 41 0 152 208 171 150 157 184 0 95 0 0 0 2 d481
671 693 589 648 622 693 555 640 527 559 504 567 630 685 618 626 666 693 1 0 104 24 50 0 149 86 199 145 200 159 42 8 75 46 6 0 o177
968 970 975 995 953 981 687 671 739 723 710 726 915 984 1008 1008 984 1008 40 14 33 13 31 27 279 272 227 243 233 240 93 0 0 0 0 0 f404
224 336 352 368 352 352 187 295 306 334 278 305 294 265 240 274 226 271 128 16 0 0 0 0 187 79 68 57 96 69 58 87 112 94 126 81 d500
476 538 506 472 523 532 345 384 328 329 386 363 488 538 511 507 539 465 70 22 40 74 37 14 162 136 179 178 134 144 58 22 35 39 21 81 f13
306 283 305 308 305 286 293 290 228 304 238 272 350 350 336 350 329 350 44 67 31 42 45 64 82 85 132 71 137 103 0 0 0 0 21 0 m433
1872 1952 1874 1920 1849 1865 1481 1470 1499 1575 1473 1532 1833 1952 1920 1920 1932 1920 48 0 46 0 103 55 439 482 421 345 479 388 87 0 0 0 20 0 n183
395 425 425 425 425 425 334 374 334 383 312 348 337 346 373 400 380 348 30 0 0 0 0 0 66 26 66 17 88 52 88 79 52 25 45 77 jt20
608 626 497 542 628 609 466 492 439 431 491 498 498 556 530 533 562 544 1 4 112 67 2 0 172 168 199 207 169 140 111 74 79 76 68 65 o34
531 518 532 532 492 532 448 401 441 402 396 427 449 389 442 506 441 419 1 0 0 0 26 0 122 154 129 168 159 143 83 129 90 26 77 113 n456
570 535 460 588 560 558 554 445 379 551 565 429 474 411 415 460 426 463 18 25 128 0 0 30 55 135 230 58 15 180 114 149 173 128 134 125 a415
925 1036 1008 1024 1036 1034 759 909 800 881 882 892 921 981 961 948 1003 970 111 0 0 12 0 2 314 164 244 192 191 181 115 55 47 88 33 66 f483
1368 1219 1369 1369 1332 1369 1323 1127 1383 1289 1363 1406 1169 1055 1093 1101 1095 1118 1 113 0 0 0 0 83 241 23 117 5 0 200 277 276 268 237 251 s116
716 752 806 780 709 711 674 592 613 584 579 498 665 808 781 790 777 819 82 67 13 18 89 108 86 188 167 176 181 282 133 11 38 8 21 0 jd443
407 408 408 425 386 408 306 331 329 333 338 381 355 274 339 310 305 329 1 0 0 0 22 0 78 53 55 67 46 3 53 134 69 115 103 79 md348
902 1118 960 1161 1118 1161 911 1010 958 1078 1055 1185 1119 1073 1077 1119 1090 1119 259 0 201 0 0 0 277 134 230 110 89 3 42 45 84 42 28 42 md213
1246 1428 1394 1394 1392 1394 1097 1162 1063 1133 1204 1145 1240 1428 1394 1394 1428 1394 148 0 0 0 36 0 297 266 331 261 224 249 154 0 0 0 0 0 f153
615 623 645 585 595 632 549 525 560 537 541 597 570 620 700 672 672 700 57 77 55 87 77 68 123 175 140 135 131 103 102 80 0 0 0 0 j277
321 357 340 284 332 310 235 187 220 210 304 270 324 361 364 350 364 364 43 7 24 66 32 54 129 177 144 140 60 94 40 3 0 0 0 0 f468
522 551 532 518 551 532 480 487 414 411 462 453 429 504 462 451 444 436 10 0 0 14 0 0 52 64 118 121 89 79 103 47 70 81 107 96 jd178
668 648 732 712 699 659 593 574 575 616 620 569 637 698 659 651 697 692 46 87 3 2 15 76 87 126 125 64 60 131 77 37 76 63 17 43 md94
531 551 532 532 536 532 470 522 504 496 519 411 445 425 384 395 378 441 1 0 0 0 15 0 34 0 0 8 3 93 87 126 148 137 173 91 md113
268 275 253 269 216 228 191 170 170 185 231 180 269 271 267 275 259 268 7 0 22 6 59 47 109 130 130 115 69 120 6 4 8 0 16 7 m238
782 764 808 823 810 818 729 702 664 687 735 683 723 837 837 837 837 837 55 73 29 14 27 19 81 108 146 123 75 127 114 0 0 0 0 0 j64
611 579 457 576 612 612 477 461 497 511 585 559 448 480 473 462 503 525 1 33 155 36 0 0 171 187 151 137 63 89 164 132 139 150 109 87 o149
407 336 379 392 408 367 355 270 328 323 356 301 344 310 302 302 324 356 1 55 12 16 0 24 53 121 63 85 52 90 64 81 89 106 84 35 s464
794 789 715 693 687 800 689 722 639 729 631 587 672 573 584 571 517 567 6 11 85 132 113 0 143 110 193 129 201 245 128 227 216 254 283 233 o270
251 205 252 238 252 252 212 151 156 181 170 144 211 194 188 169 185 203 1 47 0 0 0 0 22 83 78 40 64 90 41 58 64 69 67 49 jt17
1533 1585 1631 1678 1627 1668 1262 1382 1338 1349 1368 1305 1554 1664 1659 1696 1664 1696 163 79 65 18 37 28 434 282 358 347 296 391 142 0 37 0 0 0 f176
413 314 391 414 414 366 411 248 284 335 396 331 382 390 390 397 401 338 1 77 0 0 0 25 21 160 124 97 36 77 32 1 1 17 13 53 a265
456 429 462 371 255 383 380 330 373 387 389 457 440 350 376 449 429 462 6 0 0 91 174 79 82 99 89 75 40 5 22 79 86 13 0 0 jd418
314 315 330 315 309 315 214 217 207 215 212 236 243 287 315 287 291 303 1 0 0 0 6 0 101 98 123 100 103 79 72 28 15 28 24 12 f240
639 556 560 516 555 598 640 541 605 626 628 573 574 588 630 660 660 630 21 74 70 144 105 32 42 110 46 56 54 78 86 42 0 0 0 0 jt353
589 549 533 575 584 527 420 490 516 502 565 462 557 516 526 492 502 528 9 49 65 0 14 71 204 134 108 98 59 162 41 82 72 83 96 70 a109
1159 1239 1260 1260 1172 1260 912 996 1044 1221 1001 854 1085 1079 1050 1025 1092 1196 101 0 0 0 67 0 348 243 216 39 238 406 175 160 210 235 147 64 n458
313 270 323 323 298 298 245 224 227 251 254 272 254 250 254 293 228 278 10 36 0 0 8 25 78 82 96 72 52 51 69 56 69 30 78 45 a306
319 340 264 342 342 313 293 263 234 277 294 290 282 250 232 281 243 259 23 2 60 0 0 29 68 98 108 84 67 71 60 92 92 61 99 83 a421
494 495 480 442 483 495 378 354 359 327 355 341 458 417 371 456 437 429 1 0 0 53 12 0 117 141 121 168 140 154 37 78 109 39 58 66 n254
804 950 912 945 950 913 720 618 637 697 753 683 841 950 950 975 950 950 146 0 38 30 0 37 268 370 351 317 235 305 109 0 0 0 0 0 f333
449 484 484 456 453 484 366 359 340 330 354 379 391 474 482 462 469 472 35 0 0 6 31 0 140 147 166 153 152 127 93 10 2 0 15 12 jd37
1261 1378 1334 1422 1380 1354 1160 939 970 956 1112 1018 1271 1406 1406 1443 1406 1406 145 28 72 21 26 52 208 429 398 448 256 350 135 0 0 0 0 0 f126
504 620 600 602 620 569 426 379 461 430 449 389 620 520 600 620 620 620 116 0 0 18 0 51 225 272 169 221 202 262 0 100 0 0 0 0 d241
467 400 465 456 432 468 493 313 357 406 432 437 394 417 353 336 339 377 1 50 3 12 18 0 1 162 137 88 43 57 74 33 115 132 111 91 md487
444 427 484 462 439 480 449 274 375 285 297 345 484 470 407 404 484 484 40 57 0 0 45 4 13 188 87 156 165 117 0 14 77 58 0 0 d418
375 350 400 332 350 380 335 276 332 303 292 348 327 336 354 344 299 290 5 30 0 48 30 0 26 85 48 58 69 13 53 44 46 36 81 90 jt398
431 402 394 414 432 444 334 228 230 283 301 265 359 401 417 381 337 375 1 42 50 18 0 0 62 179 177 113 95 142 73 43 27 51 95 69 s390
676 680 700 697 679 700 490 481 475 477 450 509 551 622 618 603 615 615 24 0 0 3 1 0 175 165 190 188 196 156 149 58 82 97 65 85 f368
1620 1672 1802 1689 1768 1802 1625 1616 1763 1688 1647 1796 1606 1576 1520 1608 1568 1597 182 96 0 113 0 0 230 204 92 167 173 59 196 192 282 194 200 205 n430
327 432 448 383 432 448 308 284 339 226 340 295 388 331 354 313 307 352 121 0 0 65 0 0 140 148 109 222 92 153 60 101 94 135 125 96 n241
874 801 850 766 875 875 757 687 755 672 627 698 688 753 794 753 807 787 1 74 50 109 0 0 83 153 109 168 213 142 187 122 106 122 68 88 o166
1437 1517 1517 1311 1476 1517 1289 1304 1292 1221 1150 1412 1265 1517 1517 1476 1476 1517 39 0 0 165 0 0 187 213 225 255 326 105 211 0 0 0 0 0 jd115
344 330 345 335 320 336 283 246 285 213 252 255 335 289 288 282 226 304 1 0 0 10 10 9 85 106 83 155 100 113 10 41 57 63 104 41 md437
439 460 440 440 438 440 339 358 394 373 438 378 369 386 341 329 336 354 1 0 0 0 22 0 101 102 46 67 22 62 71 74 99 111 124 86 md109
738 748 698 779 798 754 836 852 651 740 744 794 900 900 873 875 846 900 162 152 202 96 102 146 64 48 249 135 156 106 0 0 27 0 54 0 m443
376 444 358 383 448 434 350 354 291 321 277 348 337 330 320 334 354 335 58 4 76 51 0 0 115 126 174 144 203 117 97 118 114 100 94 99 o326
827 881 799 717 831 797 658 709 681 706 695 768 725 884 884 850 884 884 57 3 85 133 53 87 200 149 177 119 163 90 159 0 0 0 0 0 jt149
497 492 517 494 486 435 355 362 364 352 393 386 445 516 522 522 522 522 25 30 5 28 36 87 138 131 129 141 100 107 77 6 0 0 0 0 j83
552 713 710 690 690 713 530 408 424 462 492 475 600 654 676 622 626 713 138 0 3 0 0 0 130 274 258 198 168 207 90 59 37 68 64 0 f413
654 638 685 619 635 698 520 522 469 525 565 520 703 629 703 703 722 703 49 84 18 84 87 5 183 200 234 178 157 183 0 93 0 0 0 0 d204
323 334 294 324 271 309 281 249 258 238 178 337 276 250 256 267 268 299 1 8 48 0 53 33 43 93 84 86 146 5 48 92 86 57 56 43 a30
307 265 276 322 296 308 299 224 215 250 284 221 258 252 243 222 225 219 1 43 32 0 12 0 9 84 93 72 24 87 50 56 65 100 83 89 md133
2151 1861 2140 2051 2176 2176 1808 1830 1992 1853 1954 2002 1977 1792 1755 1707 1799 1878 25 315 36 93 0 0 300 278 116 224 154 106 199 384 421 437 377 298 s180
675 648 676 597 572 676 572 489 560 516 509 525 567 578 676 676 650 676 1 2 0 79 78 0 130 186 142 186 166 177 109 72 0 0 0 0 jd440
671 644 637 459 533 644 563 530 537 387 488 487 546 518 580 615 603 592 1 0 7 213 139 0 109 114 107 285 184 157 126 126 64 57 69 52 jt209
509 564 579 571 568 575 395 480 466 459 485 452 515 580 600 580 580 578 71 16 21 9 12 5 214 129 164 150 124 157 65 0 0 0 0 2 f397
479 463 495 480 433 495 365 238 319 330 268 259 395 381 405 375 406 377 1 32 0 0 47 0 83 224 143 118 180 203 85 114 90 105 74 118 s264
240 246 263 270 285 270 190 151 228 202 240 221 242 250 237 227 254 247 30 39 7 0 0 0 80 134 42 68 45 49 28 35 33 43 31 23 md15
855 972 958 936 859 879 589 690 672 646 573 718 943 809 929 955 982 957 107 16 4 26 129 83 336 260 253 279 377 207 19 179 33 7 6 5 d278
625 608 593 637 599 636 460 388 351 416 421 398 567 553 533 602 545 501 12 29 44 0 38 1 128 200 237 172 167 190 70 84 104 35 92 136 n79
175 187 187 176 157 173 116 119 86 99 133 98 162 158 142 121 146 161 1 0 0 0 19 14 44 51 84 61 27 72 14 29 45 55 30 26 md141
531 546 546 502 532 546 428 390 391 380 394 412 482 428 393 427 404 437 1 0 0 30 0 0 104 156 155 152 138 134 50 118 153 105 128 109 n194
529 567 546 521 422 512 411 410 297 349 374 426 546 567 459 546 567 546 17 0 0 25 145 34 161 184 275 223 220 146 0 0 87 0 0 0 ad321
449 447 450 450 390 438 383 324 358 426 318 450 365 360 329 399 377 393 1 3 0 0 60 12 67 126 92 24 132 0 85 90 121 51 73 57 a92
965 985 821 907 896 989 723 841 703 760 740 817 797 846 836 825 867 825 1 4 168 59 70 0 201 105 243 164 184 129 169 143 153 141 99 164 o78
611 633 644 636 656 606 529 540 558 503 558 559 627 725 750 725 725 725 114 92 106 89 69 119 167 156 162 193 138 137 98 0 0 0 0 0 f330
607 620 620 640 511 620 475 580 547 606 474 620 505 566 484 512 569 549 33 0 0 0 129 0 165 40 73 34 166 0 135 54 136 128 71 71 a62
186 176 187 187 170 157 153 137 146 129 101 105 177 150 149 158 176 181 1 0 0 0 6 30 51 55 58 75 91 99 10 26 38 29 0 6 md465
748 809 836 881 920 897 722 755 718 754 827 819 760 760 734 719 636 674 149 111 61 16 0 0 175 165 179 143 93 78 137 160 163 178 284 223 o118
287 227 288 270 288 288 270 197 216 221 199 240 265 273 264 254 225 251 1 61 0 0 0 0 34 107 88 64 105 64 23 15 24 16 63 37 m21
295 317 314 351 348 343 296 269 207 251 259 285 346 362 346 352 336 338 57 51 38 1 20 9 78 122 167 123 132 89 6 6 6 0 32 14 m53
719 702 682 666 702 720 584 674 577 633 630 676 543 603 592 604 576 616 1 0 38 54 0 0 176 67 183 127 111 84 177 99 128 116 126 104 o36
251 234 266 252 252 266 209 177 211 200 235 185 203 204 190 217 225 203 1 32 0 0 0 0 43 89 55 52 17 81 49 62 76 35 27 63 a261
535 676 680 697 662 680 459 487 523 562 540 499 576 536 571 472 569 501 145 4 0 0 18 0 181 153 117 94 100 141 104 144 109 225 111 179 f167
355 321 360 360 360 360 265 221 340 368 360 376 286 229 259 266 219 249 5 39 0 0 0 0 115 159 40 12 20 4 74 131 101 94 141 111 o500
424 425 406 414 377 368 306 293 246 312 305 320 423 416 384 423 386 419 1 0 2 11 48 57 119 132 162 113 120 105 2 9 24 2 39 6 m227
299 268 297 300 278 300 253 183 208 230 249 209 251 221 244 259 174 261 1 17 3 0 7 0 67 121 112 90 55 111 49 64 56 41 111 39 a453
390 413 422 449 437 456 342 368 373 348 302 382 452 437 456 456 416 394 66 24 34 7 0 0 90 46 59 84 112 50 4 0 0 0 21 62 jd20
688 706 722 732 760 740 513 642 555 545 564 553 638 760 740 740 758 723 52 54 18 8 0 0 264 156 222 232 234 224 102 0 0 0 2 17 j187
546 499 598 571 463 575 462 351 366 352 354 390 505 575 458 571 575 575 29 76 0 4 112 0 88 199 206 198 196 160 70 0 140 4 0 0 ad412
835 738 836 756 797 836 670 581 768 707 535 726 696 620 669 571 688 698 1 98 0 58 39 0 128 217 30 70 263 72 140 216 167 243 148 138 s231
628 629 646 629 614 629 533 573 560 530 531 529 549 506 506 471 547 516 1 0 0 0 15 0 96 56 86 99 98 100 80 123 140 158 82 113 f328
773 745 751 689 743 774 537 588 592 599 528 641 595 558 565 615 522 550 1 11 23 85 13 0 237 168 182 175 228 133 179 198 209 159 234 224 o416
945 813 897 894 968 946 825 750 761 744 711 812 781 732 826 729 785 849 1 155 49 52 0 0 78 174 142 159 213 91 165 236 120 217 183 97 s332
603 616 594 610 620 620 430 499 439 452 479 504 553 462 455 455 440 487 17 4 6 10 0 0 190 121 161 168 141 116 67 158 145 165 180 133 f488
748 799 799 808 800 799 563 699 704 746 520 635 692 634 661 686 664 659 68 0 0 8 16 0 205 53 48 22 248 117 124 165 138 130 152 140 n62
561 559 625 557 498 612 595 581 528 501 618 575 676 676 576 598 676 676 115 117 51 93 178 64 107 121 174 174 84 127 0 0 100 52 0 0 ad128
774 775 800 775 662 775 700 736 756 741 525 647 641 506 587 567 599 557 1 0 0 0 113 0 44 8 12 3 219 97 134 269 213 208 176 218 n41
270 292 302 296 321 275 315 324 263 265 252 299 360 360 360 345 332 360 90 68 58 49 39 85 45 36 97 80 108 61 0 0 0 0 28 0 m142
520 532 448 491 552 519 404 410 334 416 391 416 445 532 532 560 560 532 40 0 84 69 8 13 136 103 179 124 149 97 115 0 0 0 0 0 jt30
365 408 432 402 408 414 303 283 329 261 327 305 334 414 432 414 414 414 49 6 0 12 6 0 134 154 127 176 110 132 80 0 0 0 0 0 j358
1241 1242 1242 1176 1242 1242 1120 1058 1094 1038 1024 1038 1084 921 938 1016 1031 940 1 0 0 93 0 0 122 184 148 231 218 204 158 321 304 253 211 302 n131
307 258 276 331 269 254 266 247 271 283 255 304 289 336 352 352 336 352 45 78 76 21 67 98 86 89 81 69 81 48 63 0 0 0 0 0 j141
2465 2713 2800 2760 2718 2800 2192 2237 2309 2202 2292 2282 2797 2800 2534 2760 2800 2800 335 87 0 0 82 0 678 633 561 627 578 588 3 0 266 0 0 0 d163
570 560 634 586 660 666 604 532 573 538 490 633 541 534 556 499 549 492 96 106 50 80 6 0 99 171 149 165 213 70 125 132 128 167 117 174 s190
635 610 689 647 700 719 556 475 404 409 502 441 672 720 708 700 720 699 85 110 31 53 20 1 164 245 316 291 218 279 48 0 12 0 0 21 f47
859 832 864 864 603 787 736 586 498 609 533 772 794 781 665 798 819 786 5 0 0 0 229 77 128 246 366 255 299 92 70 51 199 66 13 78 ad488
436 470 638 609 609 609 473 522 470 490 400 496 609 609 638 609 529 609 173 139 0 0 0 0 136 87 168 119 209 113 0 0 0 0 80 0 m71
684 706 736 726 768 732 610 431 559 446 576 530 638 658 736 736 768 736 52 62 0 10 0 4 126 337 177 290 192 206 98 110 0 0 0 0 j179
337 338 338 351 310 338 276 270 285 272 193 272 308 269 304 320 309 303 1 0 0 0 28 0 88 94 79 106 171 92 30 69 34 31 29 35 n259
1049 1045 1022 1048 1049 1050 994 894 984 976 973 978 844 914 905 948 915 853 1 5 28 2 1 0 56 156 66 74 77 72 206 136 145 102 135 197 s22
579 531 580 559 570 557 575 434 468 466 490 447 503 550 580 580 580 580 1 49 0 21 10 23 5 146 112 114 90 133 77 30 0 0 0 0 j414
506 525 500 514 520 525 338 409 424 351 349 394 407 505 496 523 524 519 19 0 0 11 5 0 166 95 56 153 155 110 118 20 4 2 1 6 jd216
251 244 290 292 264 277 190 239 240 220 281 225 277 226 231 243 297 264 46 53 7 5 33 20 134 85 84 104 43 99 20 71 66 54 0 33 ad80
639 684 653 461 656 632 517 540 522 417 551 511 547 651 660 660 690 660 21 6 7 199 34 28 143 150 138 243 139 149 113 39 0 0 0 0 jt393
831 832 832 808 781 832 632 572 598 596 542 705 832 675 795 797 804 814 1 0 0 24 51 0 174 234 208 210 264 101 0 157 37 35 28 18 ad153
1024 1130 1110 1110 1108 1110 947 1015 981 1027 1028 974 1001 1122 1110 1110 1147 1110 86 17 0 0 39 0 193 163 159 113 150 166 109 25 0 0 0 0 jd121
333 350 380 299 361 325 258 283 297 249 293 318 286 361 380 361 361 361 28 11 0 62 0 36 122 97 103 131 87 62 75 0 0 0 0 0 jd69
547 483 484 551 549 406 508 334 405 463 484 409 422 446 528 535 525 510 4 68 96 0 2 145 62 236 195 107 86 161 129 105 52 16 26 41 a71
243 256 256 300 270 315 253 163 221 155 168 176 300 260 241 206 204 254 57 59 59 0 30 0 27 131 73 125 112 118 0 55 74 94 96 61 md270
400 480 480 480 458 480 356 333 316 328 381 287 400 359 371 345 333 368 80 0 0 0 22 0 94 117 134 122 69 163 80 121 109 135 147 112 f270
227 216 213 205 236 217 280 240 197 185 188 239 286 286 286 273 251 272 59 70 73 68 50 69 28 68 111 109 120 69 0 0 0 0 35 14 m244
546 510 499 522 483 497 478 533 602 513 579 566 532 660 660 640 640 660 94 150 161 118 157 163 162 127 58 127 61 94 108 0 0 0 0 0 j275
316 341 370 346 370 405 329 377 271 347 292 338 425 425 425 425 387 425 109 84 55 79 55 20 96 48 154 78 133 87 0 0 0 0 38 0 m231
1311 1323 1302 1323 1269 1323 1198 1162 1123 1189 1059 1238 1152 1194 1100 1161 1140 1108 12 0 0 0 54 0 188 224 241 197 327 148 171 129 202 162 183 215 n436
507 497 468 489 510 511 420 486 498 479 506 487 485 588 567 567 588 567 60 91 99 78 78 56 120 74 42 61 54 53 82 0 0 0 0 0 f19
743 775 775 744 598 775 592 647 569 616 640 651 744 663 691 744 744 775 1 0 0 0 146 0 176 153 231 152 128 149 0 112 84 0 0 0 ad227
268 268 280 272 240 235 188 185 206 212 208 222 220 237 197 215 246 270 4 4 8 0 32 37 84 87 82 60 64 50 52 35 91 57 26 2 a431
583 687 690 713 576 690 518 482 401 580 482 494 690 636 613 713 690 690 107 3 0 0 114 0 172 208 289 133 208 196 0 54 77 0 0 0 ad284
927 913 954 881 782 938 820 618 629 690 566 616 791 860 957 928 928 957 1 44 3 47 146 19 76 306 295 206 330 308 137 97 0 0 0 0 jd454
468 498 509 460 528 528 429 405 447 442 425 411 425 528 528 550 528 528 60 30 19 90 0 0 123 147 105 133 127 141 103 0 0 0 0 0 jd204
347 352 361 248 365 334 292 302 325 262 292 322 338 353 380 380 380 380 33 28 19 132 15 46 107 97 74 137 107 77 42 27 0 0 0 0 jt174
292 305 354 366 351 334 309 224 256 244 248 284 384 384 384 384 327 384 92 79 30 18 33 50 51 136 104 116 112 76 0 0 0 0 57 0 m102
757 832 832 733 776 832 639 646 631 648 523 665 832 820 694 806 832 832 75 0 0 73 56 0 225 218 233 189 341 199 0 12 138 0 0 0 d287
1478 1702 1657 1665 1702 1665 1210 1391 1243 1407 1439 1518 1578 1702 1665 1665 1699 1656 187 0 8 0 0 0 500 357 467 303 309 192 87 0 0 0 3 9 f388
539 536 551 532 523 565 583 533 596 571 552 554 638 638 660 638 638 632 99 102 109 106 115 73 26 76 34 38 57 55 0 0 0 0 0 6 f462
524 525 451 442 525 495 500 451 387 371 421 379 454 472 458 391 370 410 1 0 74 83 0 30 0 49 113 129 79 121 71 53 67 134 155 115 a214
1209 1326 1357 1298 1326 1326 1042 1049 1124 951 1109 1053 1231 1250 1360 1326 1326 1326 117 0 3 28 0 0 284 277 236 375 217 273 95 76 0 0 0 0 f51
791 796 775 646 760 792 688 751 647 557 606 592 614 656 609 615 801 674 1 18 17 146 54 0 68 26 109 199 171 164 178 158 183 177 13 118 o228
665 569 676 676 650 515 687 449 669 689 657 460 474 420 521 510 549 523 11 81 0 0 0 161 15 226 33 13 18 242 202 230 155 166 101 153 a331
495 536 594 592 564 594 437 319 383 381 273 381 582 540 556 592 588 591 99 58 0 2 30 0 157 275 211 213 321 213 12 54 38 2 6 3 d96
383 446 462 476 467 462 349 349 318 318 296 344 456 356 357 370 388 373 93 16 0 0 9 0 93 80 111 124 146 85 20 106 105 106 88 89 f255
175 176 176 184 176 173 132 156 175 127 162 133 170 150 156 148 162 168 1 0 0 0 0 3 66 42 23 80 36 65 6 26 20 36 14 8 md124
429 420 440 423 303 439 298 261 264 245 224 277 440 399 362 435 420 440 11 0 0 17 117 1 120 138 154 173 175 141 0 21 78 5 0 0 ad219
539 558 501 526 558 540 459 494 424 401 457 438 445 441 415 398 447 427 1 0 39 14 0 0 51 33 86 109 70 72 95 117 125 142 111 113 o306
285 339 326 305 326 340 284 235 215 243 298 360 301 333 275 308 279 305 55 1 14 18 14 0 76 125 145 99 62 0 39 7 65 15 61 35 a290
390 408 391 391 397 391 340 350 315 314 333 307 359 309 355 306 349 327 1 0 0 0 11 0 28 34 53 54 51 61 32 99 36 85 59 64 md328
322 293 291 323 323 257 259 220 148 254 263 220 283 265 273 277 260 260 1 30 32 0 0 66 64 103 175 69 60 103 40 58 50 46 63 63 a427
468 492 495 473 448 426 383 373 407 366 381 460 496 532 513 513 483 513 45 40 18 40 84 87 157 187 133 174 179 80 17 0 0 0 49 0 m149
993 996 1081 1034 1008 1050 808 978 951 932 948 898 904 1073 1102 1073 1073 1073 80 77 21 39 65 23 302 132 189 178 162 212 169 0 0 0 0 0 j104
430 441 441 441 462 360 356 415 379 391 468 329 329 350 363 416 432 368 11 21 0 0 0 81 106 69 83 71 16 133 112 112 78 25 30 73 a122
223 217 198 186 224 222 176 152 126 136 180 138 192 193 174 157 165 197 1 7 26 24 0 2 32 56 82 59 28 70 32 31 50 53 59 27 md301
195 181 199 225 215 234 234 150 153 149 154 162 240 216 217 235 224 240 45 43 41 15 9 6 21 88 102 106 84 93 0 8 23 5 0 0 md247
269 290 273 281 293 248 223 211 229 181 212 256 306 323 306 306 291 306 37 33 33 25 30 58 65 93 59 107 92 32 0 0 0 0 32 0 m464
1157 1153 1238 1234 1109 1254 1116 1056 1071 1136 1081 1078 1254 1158 1192 1254 1221 1254 97 68 16 20 112 0 176 202 221 156 177 214 0 63 62 0 0 0 d121
484 511 529 420 482 508 385 384 434 392 407 462 438 491 529 529 529 529 45 18 0 109 47 21 167 168 118 160 145 90 91 38 0 0 0 0 jd241
697 769 711 744 691 547 657 480 459 465 542 710 777 777 756 692 765 777 80 8 45 33 86 230 157 334 333 349 272 104 0 0 0 85 12 0 m365
363 375 390 378 375 390 269 267 286 345 256 305 360 307 296 291 279 274 27 0 0 12 0 0 95 83 78 19 94 59 30 68 94 99 96 116 n144
558 600 576 526 540 572 425 438 476 457 502 459 471 600 576 576 600 576 18 0 0 50 60 4 151 162 100 119 98 117 105 0 0 0 0 0 jd401
265 293 300 315 291 290 237 163 179 177 190 118 293 278 264 248 225 257 35 7 0 0 9 10 43 117 101 117 90 162 7 22 36 67 75 43 md372
831 780 762 727 858 832 807 691 663 674 809 751 752 806 772 780 816 780 1 78 70 105 0 0 57 200 201 190 82 113 80 52 60 52 42 52 md498
648 671 725 726 671 726 442 325 383 489 347 487 710 611 698 726 717 708 78 55 1 0 55 0 284 401 343 237 379 239 16 115 28 0 9 18 d154
882 871 912 912 909 912 780 583 636 748 621 709 720 722 778 827 697 749 30 65 0 0 27 0 132 353 276 164 315 203 192 214 134 85 239 163 s97
1655 1553 1470 1517 1656 1643 1394 1601 1487 1442 1384 1400 1356 1404 1457 1405 1475 1387 1 103 210 139 0 13 262 55 193 214 272 256 300 252 223 251 181 269 o323
467 468 383 437 468 468 322 361 245 332 326 368 372 330 382 367 360 329 1 0 85 49 0 0 120 81 197 127 116 74 96 138 86 119 108 139 o303
831 741 810 734 836 832 847 618 613 493 672 677 697 740 825 832 828 782 1 123 22 98 28 0 11 273 245 365 219 181 135 124 7 0 36 50 jt106
1231 1065 1232 1069 1232 1232 1071 890 1204 957 1111 1122 960 829 915 954 939 998 1 167 0 135 0 0 161 342 28 247 121 110 272 403 317 250 293 234 s131
536 472 484 525 521 455 456 426 395 405 509 420 478 407 464 446 438 477 10 74 62 0 25 91 90 120 151 120 37 126 68 139 82 79 108 69 a487
386 402 371 366 400 334 319 344 347 291 297 338 342 361 335 322 347 347 4 1 19 24 3 56 101 90 73 129 137 82 48 42 55 68 56 43 o309
502 559 608 449 508 599 598 440 533 451 488 527 584 510 621 594 594 621 92 62 13 145 86 22 18 204 111 165 128 117 10 111 0 0 0 0 jt92
526 474 527 527 498 527 469 372 459 516 369 465 423 378 412 413 375 405 1 36 0 0 12 0 58 138 68 11 141 62 104 132 115 114 135 122 s465
537 540 540 440 402 490 369 346 313 433 310 406 540 472 465 563 536 540 3 0 0 127 138 50 151 174 207 113 210 114 0 68 75 4 4 0 ad44
695 696 611 606 696 696 595 575 505 517 599 581 571 690 696 696 696 696 1 0 85 90 0 0 101 121 191 179 97 115 125 6 0 0 0 0 jt177
849 891 851 802 697 756 798 806 758 800 792 737 900 918 918 900 887 894 51 27 67 98 203 162 152 163 211 150 158 232 0 0 0 0 13 24 m268
657 683 706 642 719 709 544 576 622 543 652 555 629 768 768 744 768 768 111 85 62 102 49 59 192 160 114 170 84 181 139 0 0 0 0 0 j439
450 471 392 403 454 443 320 325 350 349 340 402 369 480 480 504 480 480 30 9 88 101 26 37 140 135 110 134 120 58 111 0 0 0 0 0 jt202
378 400 400 335 338 400 310 257 290 252 273 289 400 330 400 425 400 400 22 0 0 90 62 0 74 127 94 156 111 95 0 70 0 0 0 0 jt57
278 285 283 212 282 270 160 192 159 145 152 193 220 273 285 285 285 285 7 0 2 73 3 15 144 112 145 159 152 111 65 12 0 0 0 0 jd237
479 485 492 480 457 477 319 334 306 334 217 318 470 441 454 476 457 448 1 7 0 0 23 15 121 117 145 106 223 133 10 51 38 4 23 44 n82
935 847 914 848 951 936 844 739 808 705 809 717 794 709 694 762 861 763 1 115 22 88 11 0 56 186 92 195 116 183 142 253 242 174 101 173 s162
671 597 670 636 591 672 622 504 571 555 541 635 589 478 565 568 564 555 1 54 2 36 60 0 82 178 133 149 141 69 83 173 107 104 87 117 s3
1112 1200 1200 1204 1200 1200 1038 1017 1069 1030 1077 1075 1090 1085 982 1114 1094 1108 88 0 0 26 0 0 202 223 171 241 163 165 110 115 218 116 106 92 d455
790 822 893 884 898 852 670 756 763 766 750 759 757 900 900 930 900 900 110 78 7 46 2 48 200 114 107 133 120 111 143 0 0 0 0 0 j70
360 365 418 418 399 418 288 316 312 318 268 376 380 347 320 348 280 418 58 34 0 0 0 0 130 83 106 100 131 42 38 52 98 70 119 0 md71
1217 1234 1120 1138 1218 1246 1084 1146 1062 1023 973 1041 1053 1054 966 995 1083 1092 1 13 127 80 0 1 134 101 185 195 245 206 165 193 281 223 135 155 o58
689 690 633 713 690 690 641 662 607 666 612 615 504 562 595 557 540 542 1 0 57 0 0 0 49 28 83 47 78 75 186 128 95 156 150 148 o93
671 770 770 740 723 734 531 609 502 568 504 592 667 770 770 745 748 770 77 0 0 8 25 36 217 161 268 180 244 178 81 0 0 3 0 0 f191
155 144 156 143 144 156 142 78 128 135 70 162 127 102 121 119 101 136 1 0 0 13 0 0 27 78 41 34 86 7 29 42 35 37 43 20 a256
353 400 462 441 416 441 311 323 308 289 270 366 389 411 446 417 435 441 88 41 0 0 25 0 151 139 176 173 192 96 52 30 16 24 6 0 n4
521 540 389 458 525 522 436 468 384 393 409 423 396 446 408 431 482 441 1 0 133 64 15 0 86 72 138 129 131 99 126 94 114 91 58 81 o39
192 220 240 225 224 222 109 146 82 149 150 141 217 182 219 206 212 207 38 10 0 5 6 8 121 84 158 81 80 89 13 48 21 24 18 23 ad249
690 850 848 825 850 850 679 656 612 631 657 760 807 648 647 569 703 680 160 0 2 0 0 0 205 228 272 227 227 124 43 202 203 256 147 170 f295
417 405 337 409 386 369 369 358 292 369 343 391 296 299 360 317 350 332 1 13 81 9 32 49 68 79 145 68 94 46 122 119 58 101 68 86 a108
623 600 600 624 553 600 418 368 447 436 426 400 611 492 600 624 623 570 1 0 0 0 71 0 206 232 153 188 198 200 13 108 0 0 1 30 ad306
403 426 437 414 384 437 335 322 305 315 259 285 297 434 437 414 414 437 11 11 0 0 30 0 79 115 132 99 155 152 117 3 0 0 0 0 jd140
373 342 361 376 361 360 373 377 291 282 341 383 448 448 448 464 410 448 75 106 87 88 87 88 75 71 157 182 107 65 0 0 0 0 38 0 m428
988 989 989 989 930 989 860 791 817 813 733 874 864 763 794 877 793 724 1 0 0 0 59 0 86 155 129 133 213 72 125 226 195 112 196 265 n494
717 797 839 857 821 858 537 574 543 568 513 651 811 711 839 846 897 838 141 100 19 1 76 0 299 300 293 268 361 185 47 186 19 12 0 20 ad295
299 291 299 282 239 279 229 192 206 190 211 237 225 204 206 237 208 227 1 9 1 3 61 21 91 128 114 114 109 83 75 96 94 48 92 73 a368
239 252 252 226 236 252 193 179 178 183 204 192 215 214 203 180 184 203 1 0 0 14 4 0 47 73 74 57 36 60 25 38 49 60 56 49 md397
610 775 775 750 750 775 504 550 575 564 620 604 659 763 771 744 750 755 140 0 0 0 0 0 216 194 169 156 100 140 91 12 4 6 0 20 f52
835 882 928 829 886 910 697 532 604 646 555 663 894 766 900 882 880 910 75 28 8 81 24 0 178 343 296 229 320 212 16 144 36 28 30 0 d362
1154 1156 1190 1165 1073 1190 945 973 1047 1093 949 958 1020 1156 1190 1190 1156 1190 36 0 0 25 83 0 210 149 108 62 173 197 170 0 0 0 0 0 jd184
755 756 756 756 729 756 723 622 602 603 607 680 648 647 712 730 683 605 1 0 0 0 27 0 33 134 154 153 149 76 108 109 44 26 73 151 n121
1207 1287 1248 1202 965 1190 1021 970 889 894 977 989 1247 1285 1012 1248 1287 1248 41 0 0 46 322 58 195 284 327 322 277 227 1 2 236 0 0 0 ad411
344 352 345 305 342 345 316 333 328 277 280 291 271 268 256 275 278 277 1 8 0 40 18 0 52 51 40 91 104 77 74 92 89 70 82 68 jd344
541 581 585 554 540 574 514 447 517 514 460 498 555 608 646 646 627 646 105 46 61 92 87 72 132 180 129 132 167 148 91 19 0 0 0 0 jd105
456 499 525 517 509 488 397 379 420 389 416 372 457 540 540 540 540 540 84 41 15 23 31 52 116 134 93 124 97 141 83 0 0 0 0 0 jd23
464 460 480 439 460 480 402 277 345 321 334 285 388 450 478 480 460 475 16 0 0 41 0 0 54 160 111 135 103 171 92 10 2 0 0 5 jd306
385 420 425 439 438 417 305 325 327 323 334 339 413 448 448 448 448 448 63 28 23 9 10 31 143 123 121 125 114 109 35 0 0 0 0 0 f72
671 700 581 608 672 700 623 645 528 518 610 579 467 541 562 422 529 525 1 0 119 64 0 0 25 30 147 130 38 96 205 159 138 250 143 175 o5
865 878 912 894 909 912 712 485 686 594 659 636 803 869 912 912 912 906 47 34 0 18 3 0 200 427 226 318 253 276 109 43 0 0 0 6 j123
224 247 287 272 271 288 190 212 217 203 203 221 248 273 204 203 217 237 64 41 1 0 17 0 98 76 71 69 85 67 40 15 84 69 71 51 md46
311 262 308 299 295 312 267 268 259 255 222 274 238 226 238 255 242 231 1 50 4 0 17 0 69 68 77 67 114 62 74 86 74 44 70 81 s350
607 592 634 613 538 613 511 423 370 403 378 556 660 595 547 660 660 638 53 46 4 47 122 25 149 215 268 257 282 82 0 43 91 0 0 0 ad76
360 417 386 321 432 408 319 311 266 221 254 276 369 432 432 414 432 430 72 15 46 93 0 24 89 97 142 170 154 132 63 0 0 0 0 2 jt390
417 437 342 407 437 418 391 368 285 304 319 389 329 308 298 301 332 295 1 0 76 11 0 0 27 69 133 114 118 29 89 129 120 117 105 123 o381
415 461 441 490 497 457 462 434 337 373 398 403 527 544 527 527 506 527 112 83 86 37 47 70 65 110 190 154 146 124 0 0 0 0 38 0 m404
256 249 306 306 304 306 223 261 243 292 267 245 254 306 267 261 258 266 50 57 0 0 2 0 83 45 63 14 39 61 52 0 39 45 48 40 md484
367 348 360 368 282 368 290 254 211 181 225 260 364 374 347 279 376 361 1 36 8 0 102 0 78 130 157 187 159 108 4 10 21 89 8 7 ad366
394 430 475 475 456 475 437 310 376 396 322 437 429 390 358 418 368 401 81 26 0 0 0 0 63 170 124 104 158 63 46 66 117 57 88 74 j155
1350 1504 1493 1496 1532 1504 1080 1142 1073 1077 1280 1092 1322 1504 1504 1536 1536 1465 186 0 11 40 4 0 504 409 478 507 304 459 214 0 0 0 0 39 f392
511 465 496 491 477 496 398 327 378 445 332 345 449 387 378 410 449 395 1 31 0 21 35 0 82 138 87 35 148 120 63 109 118 102 63 101 s69
788 810 829 887 866 874 705 778 605 727 762 880 711 626 599 631 643 625 86 64 45 10 8 0 207 134 307 209 150 32 163 248 275 266 231 249 o123
1039 955 1020 994 962 1054 974 763 804 707 769 771 842 955 987 1052 1054 1036 15 99 0 60 92 0 80 291 216 347 285 283 212 99 33 2 0 18 jd106
1721 1599 1722 1719 1658 1722 1630 1369 1371 1398 1432 1442 1557 1526 1722 1722 1722 1722 1 123 0 3 64 0 51 312 310 283 249 239 165 196 0 0 0 0 j87
571 616 594 479 616 594 422 400 444 415 406 403 479 616 594 594 616 594 23 0 0 115 0 0 145 188 123 152 182 164 115 0 0 0 0 0 jd391
988 1080 1080 1104 1084 1080 919 948 1016 1067 1015 1080 982 879 924 885 884 942 116 0 0 0 20 0 185 132 64 37 89 0 122 201 156 219 220 138 n489
579 509 583 530 601 576 575 580 503 499 509 539 616 640 624 624 607 624 45 131 41 94 39 48 49 60 121 125 131 85 8 0 0 0 33 0 m184
964 972 839 836 818 972 772 936 703 919 740 936 822 819 786 866 773 800 8 0 133 136 154 0 164 0 233 17 196 0 150 153 186 106 199 172 o311
514 540 501 421 524 536 420 451 392 415 378 381 444 485 540 540 540 540 26 0 39 119 16 4 100 69 128 105 142 139 96 55 0 0 0 0 jt227
971 1026 1010 883 1002 995 918 1044 986 1077 930 995 1004 1075 1075 1118 991 1069 147 49 65 235 116 80 174 6 64 15 162 55 114 0 0 0 127 6 jt224
356 357 326 270 357 357 247 329 273 212 300 268 271 273 289 249 259 281 1 0 31 87 0 0 89 7 63 124 36 68 86 84 68 108 98 76 jt344
409 399 353 419 403 363 449 429 319 397 349 406 510 493 485 510 461 493 101 94 140 91 107 130 91 93 203 143 191 116 0 0 8 0 49 0 m162
716 640 617 717 690 700 611 494 515 573 463 546 814 788 781 759 755 814 98 174 175 97 124 114 166 283 241 204 314 231 0 26 11 55 59 0 m171
1084 1085 989 955 1085 1085 829 844 869 724 820 840 876 1085 1120 1085 1085 1085 1 0 131 130 0 0 256 241 251 361 265 245 209 0 0 0 0 0 jt131
411 450 468 450 352 450 352 386 356 364 274 285 328 450 468 450 450 450 39 0 0 0 98 0 123 89 138 111 201 190 122 0 0 0 0 0 jd457
631 665 665 655 666 665 384 443 408 531 328 438 684 585 614 682 684 665 53 0 0 29 18 0 300 222 257 153 356 227 0 80 51 2 0 0 d387
288 289 272 289 243 289 258 203 221 222 248 215 242 220 191 184 190 214 1 0 0 0 46 0 14 69 35 50 24 57 47 69 81 105 99 75 md208
546 564 607 577 630 612 506 420 451 378 469 474 494 401 436 466 465 437 66 66 5 35 0 0 72 175 127 200 126 104 118 229 176 146 165 175 s221
165 151 169 169 167 145 138 72 139 131 167 145 143 120 144 156 158 149 4 18 0 0 2 24 44 110 43 51 15 37 26 49 25 13 11 20 a217
525 511 510 507 437 472 408 376 399 487 370 533 468 464 354 383 410 527 2 16 0 20 90 55 150 182 141 71 188 25 59 63 156 144 117 0 md56
592 618 680 574 585 680 520 473 571 524 530 569 548 614 680 680 640 680 88 22 0 106 55 0 177 183 126 173 126 128 132 26 0 0 0 0 jd466
501 461 504 481 471 504 412 354 403 358 348 327 394 483 504 504 480 504 3 22 0 23 12 0 92 129 101 146 135 177 110 0 0 0 3 0 jd142
487 606 594 594 554 594 505 353 370 380 364 467 528 479 523 552 548 481 107 6 0 0 58 0 122 293 257 247 282 160 66 133 71 42 64 113 d303
1073 1246 1162 1277 1315 1256 1147 1054 995 1139 1189 1067 1330 1231 1330 1330 1246 1330 257 84 168 53 15 74 145 238 297 153 103 225 0 99 0 0 84 0 m442
445 474 534 550 547 510 359 426 263 427 328 436 526 552 552 552 464 552 107 78 18 2 5 42 193 126 289 125 224 116 26 0 0 0 88 0 m214
753 659 754 754 634 754 608 510 628 615 533 705 675 615 752 709 629 619 1 69 0 0 94 0 117 190 97 110 167 20 79 113 2 45 99 135 jd375
275 327 350 357 360 350 299 283 260 249 287 227 312 291 320 260 280 262 89 23 0 7 4 0 39 42 65 89 51 98 52 59 30 104 84 88 j144
307 287 293 249 294 308 180 246 213 169 184 207 238 211 224 207 216 245 1 7 15 59 0 0 128 48 95 139 110 101 70 83 84 101 78 63 o237
1376 1389 1350 1402 1243 1383 1146 1234 1247 1322 1167 1180 1246 1383 1406 1406 1406 1406 30 17 56 4 163 23 222 134 121 46 201 188 160 23 0 0 0 0 jt94
768 738 827 794 806 824 614 507 587 609 506 612 787 812 884 858 854 858 90 120 57 64 52 34 277 384 331 282 385 279 71 46 0 0 4 0 f234
550 651 630 651 644 651 536 555 556 592 568 615 607 510 502 493 546 524 101 0 0 0 7 0 84 65 44 28 52 5 44 141 128 158 105 127 f486
704 749 609 716 754 780 553 560 625 580 621 661 780 754 780 780 749 780 76 5 171 64 0 0 197 165 125 170 104 89 0 0 0 0 5 0 o406
350 351 338 348 345 333 296 282 308 308 336 253 293 318 264 263 272 296 1 0 0 3 6 18 82 96 56 70 42 125 58 33 74 88 79 55 md70
546 597 609 502 634 578 485 485 523 486 452 513 523 585 609 638 638 609 92 12 0 136 4 31 175 145 107 174 208 117 115 24 0 0 0 0 jt46
664 618 626 713 713 713 654 419 609 604 683 524 605 619 592 479 537 526 49 95 64 0 0 0 59 294 81 109 30 189 108 94 98 234 176 187 md386
643 550 621 642 585 621 460 370 406 468 329 431 638 547 544 641 624 602 1 71 0 2 59 0 156 224 188 148 287 163 6 74 77 3 20 19 d381
743 758 764 728 858 858 597 704 597 555 640 695 669 853 858 815 847 852 115 100 94 97 0 0 261 154 261 270 218 163 189 5 0 10 11 6 jt451
466 586 648 637 648 648 502 372 400 471 430 502 514 545 432 418 549 498 182 62 0 29 0 0 110 240 212 158 182 110 134 103 216 248 99 150 j365
211 250 270 255 255 255 161 159 218 229 228 194 226 224 226 217 249 250 44 5 0 0 0 0 111 113 70 43 44 78 29 31 44 38 6 5 md420
898 923 919 844 871 868 740 721 752 771 780 780 774 957 928 957 957 957 59 34 9 113 86 89 184 203 144 153 144 144 183 0 0 0 0 0 jd404
349 380 380 400 349 380 321 306 302 310 263 275 283 370 380 398 400 380 51 0 0 0 51 0 99 93 97 110 157 124 117 10 0 2 0 0 jd208
758 760 735 743 777 703 737 719 847 737 711 851 725 888 912 912 888 912 154 128 177 169 111 209 213 206 103 213 214 99 187 0 0 0 0 0 j279
857 944 1035 1058 1038 994 776 647 724 782 650 734 963 1018 852 990 1039 956 201 91 0 0 20 41 236 343 266 230 362 256 95 17 183 68 19 79 d410
531 532 532 546 504 532 384 375 344 385 373 409 478 407 421 474 449 381 1 0 0 0 28 0 148 157 188 161 159 123 54 125 111 72 83 151 n274
458 488 479 528 521 510 503 561 448 479 467 484 578 595 578 578 560 578 120 107 99 50 74 68 75 34 130 99 128 94 0 0 0 0 35 0 m65
811 805 721 644 758 812 677 598 572 613 709 769 716 690 775 746 713 635 1 7 91 168 54 0 106 185 211 170 74 14 96 122 37 66 99 177 jt375
354 316 323 251 367 313 264 190 159 186 204 218 336 302 357 370 374 357 20 41 34 123 7 44 88 146 177 166 148 118 38 55 0 4 0 0 jt326
282 263 318 342 342 342 327 197 283 279 314 278 334 301 255 202 261 278 60 79 24 0 0 0 15 145 59 63 28 64 8 41 87 140 81 64 md10
362 336 384 400 371 384 297 332 395 354 281 330 307 326 308 334 353 312 22 48 0 0 13 0 111 76 13 71 127 78 77 58 76 66 31 72 ad310
1279 1188 1280 1176 1252 1280 1070 800 944 999 959 1082 1278 1189 1201 1280 1280 1276 1 92 0 104 28 0 170 440 296 241 281 158 2 91 79 0 0 4 d108
623 636 715 735 745 736 678 603 589 604 635 619 712 689 750 750 780 750 127 144 35 15 35 14 97 203 186 171 171 156 38 91 0 0 0 0 j189
370 391 318 374 366 301 322 312 280 345 370 302 352 328 342 335 309 352 4 0 73 0 8 90 74 102 134 51 26 112 22 63 49 39 65 39 a2
238 227 241 282 288 272 231 167 175 199 196 169 284 260 226 221 222 224 50 45 31 6 0 0 39 88 80 71 74 86 4 12 46 67 66 48 md206
355 311 289 342 323 312 393 365 278 338 305 347 425 425 425 423 380 425 70 114 136 83 102 113 32 60 147 87 120 78 0 0 0 2 45 0 m222
305 289 293 234 322 322 284 171 203 172 170 230 273 284 322 345 322 322 17 33 29 111 0 0 38 151 119 173 152 92 49 38 0 0 0 0 jt119
376 384 384 365 382 384 314 307 333 283 322 307 319 341 352 364 384 324 8 0 0 19 2 0 94 101 75 125 86 101 65 43 32 20 0 60 md90
501 513 513 513 513 513 409 384 348 350 394 415 402 477 510 509 513 513 12 0 0 0 0 0 104 129 165 163 119 98 111 36 3 4 0 0 jt216
549 575 575 545 426 575 430 428 454 453 331 452 529 479 527 534 549 560 1 0 0 5 124 0 142 170 144 119 241 146 21 96 48 16 1 15 ad63
370 392 375 368 345 379 362 287 277 306 286 328 408 408 375 408 408 408 38 16 9 40 63 29 29 104 91 85 105 63 0 0 9 0 0 0 md239
1110 980 1097 1086 870 1067 1049 822 929 911 891 944 925 1001 1152 1116 1116 1116 6 136 55 30 246 49 67 294 223 205 225 172 191 115 0 0 0 0 jd429
833 903 857 906 854 846 907 861 795 881 762 897 1008 987 1008 1006 935 1008 175 84 151 102 133 162 53 79 165 79 178 63 0 0 0 2 52 0 m250
1020 1021 1064 1026 933 866 814 644 732 736 714 788 1026 1022 833 969 1026 1026 6 5 0 0 93 160 212 382 332 290 312 238 0 4 231 57 0 0 ad106
250 265 266 219 243 244 150 193 142 145 152 169 208 234 231 216 245 246 2 1 0 33 9 22 102 73 124 107 100 97 44 32 35 36 7 20 md480
658 710 697 641 635 710 597 556 528 631 633 652 736 667 681 736 736 759 78 49 62 95 101 49 171 236 264 137 135 140 0 92 78 0 0 0 ad263
218 180 260 200 247 247 243 172 231 146 175 179 204 176 199 185 202 212 29 67 0 47 0 0 4 75 29 101 72 68 43 71 61 62 45 35 jt96
479 432 414 478 465 480 375 394 438 420 431 413 356 360 348 381 367 415 1 33 66 2 0 0 137 102 74 92 65 99 124 105 132 99 98 65 o48
384 392 405 401 320 396 296 328 240 260 343 316 405 393 298 405 432 405 21 40 0 4 112 9 94 88 150 130 73 74 0 39 107 0 0 0 ad68
827 851 828 828 735 828 788 783 727 790 608 765 735 675 620 633 664 658 1 0 0 0 116 0 40 68 101 38 243 63 93 176 208 195 187 170 n277
475 493 476 476 416 476 385 402 375 420 316 390 404 359 328 331 340 379 1 0 0 0 77 0 63 62 73 28 148 58 72 134 148 145 153 97 n219
282 300 300 296 292 300 238 232 254 250 194 273 251 242 248 262 221 262 18 0 0 19 8 0 82 88 66 86 126 47 49 58 52 53 79 38 d217
831 907 1013 969 1000 1020 742 795 810 821 806 834 1000 873 1019 1000 1000 1020 169 113 7 31 0 0 308 276 261 229 244 237 0 147 1 0 0 0 d62
1559 1432 1560 1530 1424 1560 1489 1319 1484 1513 1371 1538 1377 1283 1350 1397 1346 1285 1 128 0 0 136 0 123 293 128 68 241 74 183 277 210 133 214 275 s491
755 760 831 840 819 840 742 728 709 789 753 776 690 610 674 645 624 633 85 59 9 0 0 0 98 91 131 51 66 64 150 209 166 195 195 207 o496
323 327 323 276 321 296 387 348 329 315 308 349 384 384 384 384 350 384 61 57 61 108 63 88 21 60 79 93 100 59 0 0 0 0 34 0 m343
615 471 588 616 616 588 587 420 425 459 555 502 539 512 588 616 616 588 1 117 0 0 0 0 29 168 163 157 61 86 77 76 0 0 0 0 j266
799 780 780 800 700 780 719 600 693 717 653 707 651 583 612 627 575 599 1 0 0 0 100 0 121 219 126 123 187 112 149 197 168 173 225 181 n422
589 805 805 758 765 786 609 730 528 623 516 649 770 805 630 770 770 805 181 0 0 12 5 19 183 98 300 169 276 179 0 0 175 0 0 0 ad74
228 210 239 258 236 242 221 149 167 133 229 183 219 252 240 261 252 264 36 42 25 6 16 22 65 124 119 153 44 103 45 0 24 3 0 0 j468
498 572 541 504 572 572 430 477 453 431 492 452 414 572 572 546 572 572 74 0 31 42 0 0 164 117 141 136 102 142 158 0 0 0 0 0 jt38
138 148 146 176 192 192 127 140 82 149 174 189 153 192 148 120 128 147 54 44 46 0 0 0 77 64 122 38 30 15 39 0 44 56 64 45 md500
455 437 456 456 389 448 306 294 294 279 297 296 456 437 362 437 435 456 1 0 0 0 48 8 174 166 186 201 163 184 0 0 94 19 2 0 ad457
538 564 482 394 544 546 416 406 425 309 445 443 468 563 546 546 555 545 8 8 64 152 28 0 130 166 121 237 127 103 78 9 0 0 17 1 jt44
851 900 900 843 786 900 656 676 716 654 595 612 649 838 826 872 826 827 49 0 0 87 114 0 244 224 184 276 305 288 251 62 74 58 74 73 jd392
696 662 666 700 686 651 558 478 505 539 539 585 700 696 720 718 694 720 24 34 54 20 10 69 162 218 215 181 157 135 20 0 0 2 2 0 f216
293 294 308 294 283 266 244 215 220 229 201 223 280 280 266 212 216 246 1 0 0 0 11 28 71 100 110 86 114 92 14 14 42 82 78 48 md222
423 435 450 419 435 416 346 314 329 301 286 321 368 367 382 320 405 388 12 0 0 16 0 19 60 92 91 105 120 85 67 68 68 115 30 47 j22
935 936 936 892 727 936 797 784 675 679 691 777 936 789 861 936 936 936 1 0 0 44 209 0 139 152 261 257 245 159 0 147 75 0 0 0 ad483
309 406 406 392 379 406 280 265 335 263 326 316 351 386 400 385 378 377 83 0 0 0 13 0 140 170 100 157 94 119 41 20 6 7 14 29 j390
739 740 752 733 644 740 540 476 474 491 463 495 676 545 625 682 605 594 1 0 8 7 96 0 200 264 286 249 277 245 64 195 135 58 135 146 n315
388 437 437 418 326 435 301 256 269 221 260 275 418 437 357 418 418 437 30 0 0 0 92 2 95 158 145 175 136 139 0 0 80 0 0 0 ad342
386 396 354 285 390 396 266 287 328 297 329 287 310 396 396 374 396 396 10 0 42 89 6 0 112 91 50 60 49 91 86 0 0 0 0 0 jt377
443 450 390 447 450 435 314 344 303 316 324 326 360 321 327 325 305 347 7 0 60 3 0 15 166 136 177 164 156 154 90 129 123 125 145 103 o359
495 500 542 519 571 486 468 311 391 405 418 429 612 547 612 612 629 612 117 129 70 93 58 126 108 281 185 171 174 147 0 82 0 0 0 0 d497
491 522 563 572 499 570 520 463 346 462 442 455 572 586 490 497 598 572 81 76 9 0 99 2 52 135 226 110 156 117 0 12 82 75 0 0 d68
1196 1300 1292 1289 1232 1323 863 950 968 919 948 942 1350 1145 1323 1350 1350 1296 154 23 31 61 118 0 487 373 355 431 402 381 0 178 0 0 0 27 d352
1069 1045 1173 1003 1135 1152 1066 875 955 966 952 1019 1016 1112 1188 1188 1152 1188 119 107 15 185 17 36 89 245 200 189 168 136 172 40 0 0 0 0 jd193
735 735 752 689 736 752 582 625 677 664 677 682 609 591 639 623 591 646 1 17 0 47 0 0 154 127 75 72 59 70 127 161 113 113 145 106 s36
1187 1215 1215 1188 1067 1215 1093 1063 1001 1042 923 1054 1040 1061 1090 1123 1089 1070 1 0 0 0 121 0 95 152 214 146 265 161 148 154 125 65 99 145 n166
469 475 475 432 475 475 359 336 328 313 344 316 391 475 475 500 500 475 31 0 0 68 25 0 121 120 128 167 136 140 109 0 0 0 0 0 jd50
775 780 756 797 772 725 683 750 772 703 767 718 742 888 888 888 888 888 113 108 132 91 116 163 242 175 153 222 158 207 146 0 0 0 0 0 j319
442 487 500 500 480 500 411 317 387 351 378 393 379 520 500 500 525 500 58 38 0 0 45 0 69 187 93 129 126 87 121 5 0 0 0 0 j125
399 371 320 347 405 400 307 346 348 296 329 341 288 314 289 288 324 314 1 45 80 53 11 0 118 96 77 129 113 84 112 102 111 112 92 86 o1
894 952 857 933 1014 988 850 861 863 872 835 860 845 795 860 802 772 739 94 62 131 55 0 0 138 153 125 116 179 128 143 219 128 186 242 249 o400
634 648 672 672 552 649 520 543 614 616 555 576 576 621 672 672 648 672 38 0 0 0 96 23 180 132 86 84 120 124 96 27 0 0 0 0 jd403
402 423 443 328 419 431 344 270 293 215 268 310 340 412 426 422 397 428 35 14 13 109 18 6 93 167 163 222 169 127 97 25 30 15 40 9 jt47
689 744 768 644 744 737 601 567 643 576 642 505 718 652 768 744 744 744 55 0 0 100 0 7 143 177 125 168 102 239 26 92 0 0 0 0 jd66
597 560 624 598 566 598 566 482 495 441 429 491 517 563 624 598 598 598 1 38 0 0 32 0 9 93 105 134 146 84 81 35 0 0 0 0 jd265
689 765 800 800 825 800 709 635 750 742 625 692 687 724 631 650 701 647 111 60 0 0 0 0 59 157 18 26 167 76 113 101 169 150 124 153 jd426
269 255 255 250 261 255 169 198 193 183 143 159 200 212 200 217 232 198 1 0 0 20 9 0 83 40 45 69 109 79 70 43 55 53 38 57 jd462
359 341 360 360 370 360 253 266 321 331 301 340 321 274 245 274 242 279 1 37 0 0 8 0 87 91 19 9 56 0 39 104 115 86 136 81 s418
467 468 468 429 459 468 369 338 422 353 368 327 416 375 391 303 342 438 1 0 0 21 9 0 99 130 46 97 100 141 52 93 77 147 126 30 md126
423 417 420 426 353 419 320 283 263 267 252 250 432 432 343 450 432 432 9 15 12 24 79 13 112 149 169 183 180 182 0 0 89 0 0 0 ad239
1471 1536 1360 1373 1536 1387 1236 1242 1239 1183 1326 1286 1376 1448 1536 1568 1536 1536 65 0 176 195 0 149 300 294 297 385 210 250 160 88 0 0 0 0 jt323
323 298 321 342 318 277 304 258 253 255 230 239 276 241 228 307 255 290 1 26 3 0 6 47 2 48 53 68 76 67 48 83 96 35 69 34 a324
550 549 598 575 483 585 487 445 365 518 483 486 624 624 512 650 624 624 74 75 26 75 141 39 137 179 259 132 141 138 0 0 112 0 0 0 ad111
357 364 361 355 355 342 353 291 288 283 283 322 416 416 416 400 378 416 59 52 55 45 61 74 37 99 102 92 107 68 0 0 0 0 38 0 m353
284 270 281 285 257 263 238 198 153 221 202 187 213 206 200 222 210 244 1 0 4 0 13 22 28 54 113 45 50 79 72 64 85 63 60 41 a38
1619 1593 1620 1620 1479 1620 1418 1302 1330 1483 1353 1427 1422 1521 1464 1510 1443 1440 1 27 0 0 141 0 148 264 236 83 213 139 198 99 156 110 177 180 n491
336 343 338 305 321 327 248 257 309 297 309 280 281 345 345 345 345 345 9 2 7 40 24 18 120 111 59 71 59 88 64 0 0 0 0 0 jd82
564 660 680 657 660 660 425 514 472 426 531 524 547 611 641 611 634 618 96 0 0 3 0 0 268 179 242 267 162 169 113 49 39 49 26 42 f275
1038 1003 1088 1089 1084 1092 877 744 867 842 830 900 849 837 855 892 851 872 54 89 4 29 8 0 173 306 183 233 220 150 243 255 237 226 241 220 s9
643 705 692 720 646 706 558 516 454 537 461 543 654 607 575 592 615 614 77 33 28 0 92 14 162 222 266 183 277 177 66 131 145 128 123 106 n278
778 759 779 763 747 779 563 556 477 550 499 552 779 798 692 779 798 779 1 39 0 16 51 0 175 200 261 188 257 186 0 0 87 0 0 0 d401
323 364 351 351 351 349 265 230 227 261 272 232 342 274 282 276 314 284 28 0 0 0 13 2 59 106 97 63 64 92 9 90 69 75 50 67 f357
336 314 342 342 360 282 262 260 274 299 334 243 325 351 319 315 333 306 6 46 0 0 0 60 99 120 87 62 46 118 17 9 23 27 27 36 a353
807 951 936 936 962 936 790 726 766 700 864 794 795 876 906 817 849 771 129 11 0 0 0 0 110 199 134 200 61 106 141 86 30 119 113 165 j341
347 324 328 345 360 360 268 220 288 271 264 314 290 246 260 271 261 275 13 36 32 30 0 0 92 140 72 104 96 46 70 114 100 104 99 85 s499
691 697 714 687 691 714 588 651 614 627 586 699 623 585 589 638 599 577 23 0 0 27 6 0 168 87 142 129 152 57 91 112 125 76 98 137 n122
260 255 245 288 262 260 204 200 162 187 208 172 299 299 286 299 291 299 39 44 41 11 37 39 72 76 102 89 68 104 0 0 0 0 8 0 m261
697 741 734 765 701 780 534 500 576 598 519 522 758 683 742 780 743 758 83 19 46 15 59 0 246 260 204 182 241 258 22 77 38 0 17 22 d100
778 630 770 779 760 779 715 614 667 738 600 706 629 589 634 646 638 641 1 130 9 0 0 0 64 146 112 41 160 73 150 171 145 133 122 138 s199
672 718 714 710 720 731 568 589 584 594 585 620 644 644 623 687 639 631 59 13 0 21 11 0 206 185 172 180 189 154 87 87 91 44 92 100 n91
613 665 648 643 587 648 563 519 512 538 522 529 557 675 648 648 675 648 35 10 0 5 88 0 85 156 136 110 153 119 91 0 0 0 0 0 jd64
586 660 665 621 643 636 424 467 481 434 521 460 623 660 680 660 660 660 74 0 15 39 17 24 236 193 199 226 139 200 37 0 0 0 0 0 f271
570 600 554 461 565 594 452 454 423 431 437 397 449 593 600 630 600 600 30 0 46 169 35 6 128 126 157 178 143 183 151 7 0 0 0 0 jt338
461 451 462 462 430 444 405 320 402 404 320 312 446 360 409 415 369 413 1 0 0 0 21 18 99 172 102 100 172 192 16 91 53 47 82 49 n312
248 311 311 251 279 312 280 300 261 178 234 235 253 242 252 269 277 233 64 14 1 61 46 0 56 50 75 158 116 101 59 83 60 43 48 79 jt453
477 540 509 519 519 493 350 330 273 314 368 329 450 540 520 520 535 519 45 0 13 3 21 29 143 180 220 179 142 164 72 0 2 2 5 3 f212
188 201 198 204 199 148 137 111 123 148 134 140 199 198 151 157 188 184 21 8 0 5 10 61 53 79 57 42 56 50 10 11 47 52 21 25 md377
447 498 500 480 380 500 337 317 260 289 255 337 457 360 380 451 432 500 33 2 0 0 100 0 119 158 215 167 201 138 23 140 120 29 48 0 ad47
503 504 472 456 504 504 397 423 373 358 392 426 389 395 382 410 417 393 1 0 32 48 0 0 135 109 159 174 140 106 115 109 122 94 87 111 o338
412 392 419 420 399 329 363 284 384 383 377 265 338 259 254 307 317 342 8 7 1 0 0 91 37 96 16 17 3 135 82 140 166 113 82 78 a391
250 227 278 235 263 300 180 171 180 182 125 187 300 288 300 263 286 245 50 61 22 65 25 0 95 93 95 93 139 88 0 0 0 37 2 55 o225
841 624 801 729 792 786 851 554 714 661 640 724 844 751 864 837 864 864 23 240 63 108 72 78 13 310 150 176 224 140 20 113 0 0 0 0 j194
540 589 675 675 650 675 509 468 588 622 581 615 640 621 493 605 559 527 135 61 0 0 0 0 139 156 60 26 43 33 35 29 182 70 91 148 m311
1461 1438 1468 1383 1306 1476 1493 1355 1437 1380 1295 1404 1317 1502 1505 1462 1462 1505 1 67 37 79 156 29 3 185 103 116 201 136 145 3 0 0 0 0 jd224
611 574 610 578 595 612 527 482 516 473 457 563 447 493 473 541 481 480 1 21 2 34 0 0 85 113 96 139 138 49 165 102 139 71 114 132 o263
399 400 416 400 385 400 339 286 331 286 335 336 349 352 363 311 346 354 1 0 0 0 15 0 61 114 85 114 65 64 51 48 53 89 54 46 md111
740 870 900 853 870 870 577 611 679 636 651 617 738 801 877 787 825 803 130 0 0 17 0 0 264 230 191 205 190 224 132 69 23 83 45 67 j400
320 245 324 279 292 324 301 288 295 270 223 274 278 269 265 264 244 265 4 79 0 27 32 0 41 54 47 53 119 68 46 55 59 42 80 59 jt169
873 912 939 990 910 987 894 829 900 782 787 892 883 920 914 916 921 841 135 96 69 0 98 21 170 235 164 263 277 172 125 88 94 74 87 167 d117
836 930 954 886 903 896 677 691 745 687 748 772 774 957 957 928 928 957 92 27 3 42 25 61 219 233 179 209 148 152 154 0 0 0 0 0 j211
727 672 754 540 674 754 599 444 514 424 529 516 724 587 754 728 728 754 1 82 0 188 54 0 101 281 211 276 171 209 4 167 0 0 0 0 jt123
371 378 378 344 350 378 300 348 305 314 288 338 314 312 298 330 273 324 7 0 0 55 28 0 78 30 73 85 90 40 64 66 80 69 105 54 jt313
504 584 612 610 604 612 533 471 467 558 466 516 536 571 506 466 517 546 108 45 0 2 25 0 79 158 145 54 163 96 76 58 106 146 112 66 d420
663 706 707 728 728 728 560 540 609 632 664 618 632 659 527 577 566 595 65 22 21 0 0 0 140 160 91 68 36 82 96 69 201 151 162 133 md286
509 495 510 486 490 510 352 338 333 368 348 410 426 421 434 456 403 430 1 0 0 24 5 0 158 157 177 142 147 100 84 74 76 54 92 80 n336
683 684 684 684 640 684 574 562 479 551 461 531 551 519 514 603 537 528 1 0 0 0 44 0 74 86 169 97 187 117 133 165 170 81 147 156 n112
798 810 748 720 722 704 543 787 758 693 735 726 741 900 875 875 900 875 77 90 127 155 178 171 367 149 152 217 201 184 134 0 0 0 0 0 f143
285 272 288 240 260 288 260 255 235 226 195 271 282 235 227 262 221 190 3 0 0 48 12 0 46 34 71 80 94 35 6 37 61 26 51 98 jt484
396 399 411 413 377 355 389 341 357 382 354 390 435 435 450 435 362 435 39 36 39 22 58 80 75 123 123 82 110 74 0 0 0 0 73 0 m2
950 909 968 968 918 968 822 735 807 781 700 790 850 868 790 781 860 804 18 59 0 0 50 0 102 189 117 143 224 134 118 100 178 187 108 164 n29
214 234 304 304 304 304 247 268 191 247 212 219 304 304 304 304 235 304 90 70 0 0 0 0 73 52 129 73 108 101 0 0 0 0 69 0 m61
971 873 999 969 972 999 785 778 890 726 921 872 716 859 838 714 803 724 1 126 0 3 0 0 151 184 72 210 15 90 256 140 161 258 169 275 o126
389 443 436 468 462 444 361 332 310 319 331 290 414 450 450 468 468 450 79 7 14 0 6 6 107 118 140 149 137 160 54 0 0 0 0 0 f189
328 273 348 361 380 361 255 262 236 188 243 214 361 380 361 361 325 361 33 107 13 0 0 0 87 98 106 154 117 128 0 0 0 0 55 0 m402
857 727 762 858 858 858 717 676 736 797 822 858 808 771 632 621 691 672 1 131 96 0 0 0 141 182 122 61 36 0 50 87 226 237 167 186 md459
491 506 447 399 498 479 410 376 357 400 371 444 427 488 528 528 506 528 37 0 81 129 8 49 118 130 171 128 135 84 101 18 0 0 0 0 jt369
676 825 825 703 799 825 597 607 627 528 577 704 733 644 673 589 625 703 124 0 0 97 1 0 203 218 198 272 223 121 67 181 152 211 175 122 n292
557 540 507 558 540 558 460 478 473 440 446 509 447 434 474 492 443 472 1 0 51 0 0 0 129 92 116 149 124 80 111 106 84 66 97 86 o128
359 285 376 333 360 378 342 259 338 242 292 333 298 232 225 252 250 264 1 93 2 27 0 0 38 140 61 138 88 66 62 146 153 108 110 114 s119
435 440 366 372 440 462 353 368 329 360 341 389 394 404 462 462 440 462 27 0 96 90 0 0 130 92 154 123 119 94 68 36 0 0 0 0 jt39
732 780 711 701 782 748 658 583 545 520 637 639 562 750 741 734 761 711 16 2 37 47 0 0 90 199 203 228 145 109 186 32 7 14 21 37 jt34
395 418 418 394 300 403 280 258 237 256 275 263 396 383 344 396 396 418 1 0 0 2 96 15 98 141 162 122 103 136 0 35 74 0 0 0 ad129
606 672 688 688 656 688 519 459 492 597 470 528 600 527 551 569 519 560 82 0 0 0 16 0 169 213 196 91 202 160 88 145 137 119 153 128 n496
680 772 736 699 729 669 492 598 485 428 549 547 646 638 625 564 625 633 76 2 20 57 45 87 222 133 229 286 182 167 110 136 131 192 149 123 f294
979 884 1008 964 945 980 800 709 764 815 800 708 890 884 1008 980 980 980 1 96 0 16 35 0 215 306 280 200 215 307 90 96 0 0 0 0 j7
620 492 559 602 638 561 604 530 634 603 633 585 561 690 690 720 720 690 100 198 131 118 82 129 116 160 56 117 87 105 159 0 0 0 0 0 j5
607 589 608 582 627 608 481 485 495 459 554 565 497 536 481 432 559 471 1 38 0 26 0 0 127 142 113 149 73 43 111 91 127 176 68 137 s441
1538 1625 1600 1600 1459 1600 1275 1255 1339 1402 1343 1232 1600 1470 1575 1600 1625 1591 62 0 0 0 166 0 389 435 325 262 347 432 0 155 25 0 0 9 d268
307 308 308 280 292 302 263 254 223 212 229 181 272 250 265 251 265 281 1 0 0 14 16 6 45 54 85 82 79 127 36 58 43 43 43 27 md229
377 323 339 378 344 378 338 223 275 301 307 289 339 327 278 270 260 294 1 37 39 0 16 0 19 117 82 56 33 68 39 33 100 108 100 84 md99
405 450 432 448 444 450 347 324 350 344 379 359 375 450 432 450 450 450 45 0 0 2 6 0 128 151 106 131 96 116 75 0 0 0 0 0 j72
630 648 606 521 648 672 552 552 483 459 527 512 523 608 601 617 519 587 42 0 66 151 0 0 120 96 189 213 121 160 149 40 71 55 129 85 jt319
1144 1112 1258 1119 1100 1066 988 1057 1112 1029 1082 1158 1106 1224 1258 1258 1224 1258 114 112 0 139 124 192 270 167 146 229 142 100 152 0 0 0 0 0 j491
133 180 193 182 178 192 112 80 132 127 108 135 149 183 159 130 148 159 49 15 2 0 4 3 56 100 48 41 60 45 33 12 36 52 34 36 md318
479 450 435 457 464 480 397 427 352 367 376 423 352 321 335 377 369 351 1 14 45 23 0 0 83 37 128 113 88 57 128 143 145 103 95 129 o456
607 590 579 564 627 608 482 534 542 498 501 465 470 515 491 437 517 514 1 37 29 44 0 0 126 93 66 110 126 143 138 112 117 171 110 94 o271
510 515 502 473 365 514 430 363 254 322 365 412 550 483 479 525 550 550 40 35 48 52 185 36 98 165 274 182 163 116 0 67 71 0 0 0 ad150
480 483 460 483 377 483 338 276 332 320 324 399 373 477 457 455 460 470 3 0 0 0 106 0 145 207 128 163 159 84 110 6 3 28 23 13 jd427
499 550 550 571 445 547 428 464 490 502 476 461 548 491 542 575 547 550 51 0 0 4 105 3 144 108 82 96 96 111 2 59 8 0 3 0 ad417
653 677 653 617 665 702 630 641 675 595 688 659 645 780 780 754 780 780 127 103 127 137 115 78 120 109 75 130 62 91 135 0 0 0 0 0 j29
307 310 271 308 322 267 274 263 222 262 329 229 264 235 254 247 253 248 1 12 37 0 0 41 56 82 108 68 16 101 44 87 54 61 69 60 a195
585 650 650 606 607 650 469 484 480 446 465 446 477 628 650 622 590 619 39 0 0 18 17 0 155 166 170 178 159 204 147 22 0 2 34 31 jd338
902 918 952 807 742 861 740 688 741 660 694 821 918 918 759 918 918 918 16 0 0 111 176 57 178 230 211 258 224 97 0 0 193 0 0 0 ad28
1118 1224 1292 1324 1240 1292 1158 991 911 944 922 906 1247 1289 1026 1291 1255 1289 174 68 0 2 52 0 134 301 381 382 370 386 45 3 266 35 37 3 d382
668 586 580 482 632 602 603 385 491 380 470 455 675 494 675 675 650 675 7 64 95 193 18 73 72 265 184 295 180 220 0 156 0 0 0 0 jt392
275 266 258 222 230 218 229 182 132 193 191 202 268 220 250 249 277 263 5 0 8 58 50 48 51 84 134 87 89 64 12 46 16 31 3 3 md277
336 336 259 325 325 323 423 430 373 404 388 387 425 442 425 425 400 425 89 106 166 100 117 102 27 38 77 46 80 63 0 0 0 0 42 0 m453
699 596 600 697 670 700 539 510 594 644 492 571 562 496 483 520 535 500 1 104 100 3 30 0 126 155 71 21 173 94 138 204 217 180 165 200 s282
584 585 585 581 556 585 554 503 445 514 468 512 488 459 478 531 442 421 1 0 0 4 29 0 31 82 140 71 117 73 97 126 107 54 143 164 n83
457 493 484 474 472 493 400 396 374 365 380 366 450 487 493 476 476 472 19 0 9 2 4 0 104 126 148 139 124 156 26 6 0 0 0 21 f377
839 805 840 840 697 840 694 685 636 718 623 674 829 677 733 838 792 825 1 0 0 0 108 0 170 143 228 146 205 190 11 128 107 2 13 15 ad11
799 800 702 761 800 800 768 754 601 659 683 747 623 683 694 668 698 651 1 0 98 64 0 0 0 14 167 133 85 21 177 117 106 157 102 149 o475
171 160 172 176 215 183 190 167 132 164 143 143 216 228 216 216 199 211 45 68 44 40 13 33 44 80 102 70 104 91 0 0 0 0 29 5 m110
709 827 832 825 824 837 653 655 645 653 653 640 730 864 837 837 864 837 128 37 5 12 40 0 184 209 192 184 211 197 107 0 0 0 0 0 f120
490 525 540 510 507 540 319 351 359 380 239 410 473 392 459 403 448 430 50 0 0 30 18 0 221 174 181 160 286 130 67 133 81 137 77 110 n446
294 335 358 343 332 360 225 218 201 216 185 231 360 349 310 345 360 360 66 25 2 2 28 0 111 118 135 106 151 105 0 11 50 0 0 0 d256
866 920 920 920 907 920 580 713 600 631 662 611 827 909 920 911 920 920 54 0 0 0 13 0 300 167 280 249 218 269 93 11 0 9 0 0 f114
909 822 936 910 936 936 772 717 796 796 812 769 804 710 673 638 682 751 27 114 0 0 0 0 128 183 104 79 88 131 132 226 263 272 254 185 f315
524 566 609 588 588 609 516 522 585 574 563 580 530 516 478 470 480 488 64 43 0 0 0 0 72 87 24 14 25 29 58 93 131 118 108 121 f15
380 419 371 412 450 432 303 288 270 288 328 297 320 331 312 363 339 328 52 31 61 20 0 0 105 137 138 120 97 111 112 119 120 69 111 104 o73
575 576 576 552 438 506 425 389 388 369 347 432 573 568 518 503 571 576 1 0 0 0 138 70 127 163 164 160 205 120 3 8 58 49 5 0 ad2
300 348 317 340 370 325 332 353 346 299 355 346 408 425 408 391 398 408 108 77 91 68 55 83 76 72 62 109 70 62 0 0 0 17 27 0 m161
526 465 461 527 475 527 403 377 381 388 329 424 389 380 411 448 407 404 1 62 49 0 52 0 155 181 159 170 229 134 138 147 99 79 120 123 s281
456 468 468 468 452 468 397 336 360 408 348 317 409 398 380 395 370 395 12 0 0 0 16 0 110 171 147 99 159 190 59 70 88 73 98 73 n23
878 920 943 901 882 943 773 673 749 725 727 785 872 822 852 925 851 897 65 0 0 42 38 0 211 287 235 259 233 199 71 98 91 18 69 46 d76
578 585 670 646 649 660 574 487 578 502 591 505 561 660 680 660 660 660 82 75 10 14 11 0 119 206 136 191 102 188 99 0 0 0 0 0 j48
584 674 680 700 662 680 552 524 536 563 538 443 629 637 572 592 605 606 96 6 0 0 18 0 94 122 110 102 108 203 51 43 108 108 75 74 md51
874 940 972 972 945 972 858 889 936 936 908 936 823 790 837 834 826 824 98 5 0 0 0 0 78 21 0 0 2 0 149 155 135 138 119 148 j59
336 378 416 370 385 416 317 368 316 300 300 337 366 325 327 364 325 351 80 22 0 46 15 0 125 57 126 142 125 105 50 75 89 52 75 65 jd446
768 750 798 779 770 798 607 629 662 733 599 741 692 741 692 664 652 708 30 48 0 0 28 0 149 127 94 5 157 15 106 57 106 115 146 90 s334
795 841 841 802 709 841 658 690 647 690 567 654 678 756 752 750 709 796 17 0 0 10 103 0 126 122 165 94 217 158 134 85 89 62 103 45 jd347
645 646 646 663 593 646 535 503 484 561 442 461 538 476 481 608 552 586 1 0 0 0 53 0 73 105 124 63 166 147 108 170 165 55 94 60 n44
1538 1747 1677 1856 1827 1856 1723 1542 1653 1611 1515 1648 1503 1559 1567 1530 1535 1449 318 109 179 0 29 0 133 314 203 245 341 208 353 297 289 326 321 407 s163
601 577 533 596 565 702 675 588 594 557 542 675 702 684 702 653 684 702 101 107 169 106 119 0 66 134 147 184 180 66 0 0 0 49 0 0 m332
2687 2840 2959 3071 3012 2950 2600 2627 2536 2684 2709 2701 3105 3105 2786 3105 3105 3105 418 265 191 34 93 155 436 409 544 352 327 335 0 0 364 0 0 0 d458
326 364 392 332 379 392 327 293 323 274 247 275 327 319 278 321 359 301 66 28 0 60 13 0 37 71 41 90 117 89 65 73 114 71 33 91 jt361
427 405 450 447 386 415 366 294 320 304 232 322 389 426 468 448 441 448 23 45 18 3 64 35 109 181 174 171 243 153 61 24 0 2 9 2 jd47
802 764 721 832 732 806 655 575 502 552 398 598 832 798 775 804 666 806 30 42 85 0 100 0 177 231 304 280 434 208 0 8 31 28 166 0 s362
629 630 623 615 580 630 617 551 511 612 498 574 546 505 505 501 558 525 1 0 7 0 50 0 55 121 161 44 174 98 84 125 125 114 72 105 n486
460 480 410 513 452 513 390 435 436 472 326 455 431 396 386 382 415 383 53 33 84 0 61 0 123 78 58 41 187 58 82 117 108 131 98 130 o147
683 661 659 627 674 666 595 547 572 590 609 516 597 495 531 539 595 515 1 5 7 57 10 0 127 156 131 132 113 187 87 171 135 145 89 151 s53
253 258 274 296 272 288 200 214 193 216 189 182 278 281 240 275 244 256 35 30 14 8 16 0 88 74 95 88 99 106 10 7 48 29 44 32 md330
439 328 440 440 412 393 369 322 425 413 382 375 360 296 364 322 334 329 1 90 0 0 6 47 91 115 35 47 55 85 80 122 76 118 84 111 a413
479 459 377 469 455 480 312 431 410 434 408 399 387 390 351 381 392 382 1 21 103 27 25 0 168 49 70 62 72 81 93 90 129 115 88 98 o145
558 567 585 560 501 573 413 437 429 433 398 424 501 588 616 588 588 588 30 21 31 28 87 15 154 130 165 134 169 143 87 0 0 0 0 0 jd434
980 939 1010 1012 948 1012 910 759 958 988 836 973 788 799 883 884 847 767 32 73 2 0 64 0 148 299 100 70 222 85 224 213 129 128 165 245 s286
646 721 748 663 726 684 534 529 587 527 562 525 576 726 748 726 726 726 80 5 0 63 0 42 192 197 161 199 164 201 150 0 0 0 0 0 jd104
330 357 399 374 405 374 277 332 247 309 319 284 393 418 399 399 369 399 69 61 0 25 13 25 101 64 131 69 77 94 6 0 0 0 49 0 m417
480 489 533 498 489 484 391 435 464 420 475 453 478 494 550 550 550 550 70 61 17 52 61 66 159 115 86 130 75 97 72 56 0 0 0 0 j465
1230 1230 1203 1215 1245 1247 879 953 954 1022 981 1105 1246 1105 1139 1247 1247 1162 17 17 15 32 2 0 411 337 306 268 309 185 1 142 79 0 0 85 d346
619 608 600 590 560 625 434 436 412 431 406 395 505 625 600 624 624 617 6 17 0 35 65 0 166 164 164 169 194 205 120 0 0 1 1 8 jd282
1080 1170 1131 1129 963 1096 855 831 838 796 875 889 1131 1018 1030 1118 1170 1131 51 0 0 2 207 35 276 339 293 335 295 242 0 152 101 13 0 0 ad9
396 442 367 349 436 399 313 305 324 329 376 278 354 435 437 437 456 437 41 14 70 88 20 38 147 175 136 131 104 182 83 21 0 0 0 0 jt337
479 465 465 480 449 465 380 370 345 398 338 373 395 343 329 347 392 344 1 0 0 0 31 0 100 95 120 82 142 92 85 122 136 133 88 121 n50
883 808 779 884 884 918 880 717 680 830 877 830 812 913 712 792 812 850 1 110 139 0 0 0 4 201 238 54 7 88 72 5 206 92 72 68 md27
1158 1275 1352 1319 1326 1352 981 961 874 1010 977 972 1352 1306 1207 1352 1326 1352 194 51 0 33 0 0 319 314 426 290 298 328 0 20 145 0 0 0 d104
692 661 722 660 722 722 513 554 599 511 539 564 582 571 551 559 568 667 30 61 0 43 0 0 209 168 123 192 183 158 140 151 171 144 154 55 o367
563 580 589 564 602 569 487 463 501 442 502 505 507 608 589 589 608 589 26 28 0 25 6 20 133 177 119 178 138 115 82 0 0 0 0 0 j79
524 505 480 471 507 509 309 324 378 230 335 320 459 550 528 550 550 550 26 45 48 79 43 41 216 201 126 295 190 205 91 0 0 0 0 0 j269
948 1022 1026 998 996 1026 871 927 980 831 845 897 820 1026 1026 1026 1026 1026 78 4 0 28 30 0 182 126 73 222 208 156 206 0 0 0 0 0 jt203
420 439 495 455 480 495 439 507 528 421 493 409 396 334 379 385 392 369 75 41 0 40 0 0 89 5 0 107 19 119 99 146 116 110 88 126 jd447
234 260 257 264 260 253 256 243 196 244 212 240 320 336 336 320 273 336 86 76 79 56 60 83 44 72 119 56 88 75 0 0 0 0 47 0 m140
480 543 478 587 562 608 514 538 501 519 506 596 467 477 512 496 490 477 128 49 130 21 30 0 132 91 145 127 123 50 141 115 96 112 102 131 o167
251 226 266 252 252 266 266 175 200 185 208 178 183 181 202 207 206 193 1 40 0 0 0 0 4 110 85 85 62 107 69 85 64 45 46 73 jd17
593 594 576 589 580 556 473 496 506 480 533 477 559 591 556 559 591 589 1 0 0 5 14 38 154 131 102 147 94 150 35 3 20 35 3 5 md184
2400 2562 2460 2371 2102 2157 2464 2210 2265 2606 2494 2640 2632 2344 2585 2632 2632 2585 232 23 125 261 530 428 224 430 375 82 194 0 0 241 0 0 0 0 n262
525 448 578 575 534 569 416 367 375 433 326 382 485 449 472 517 452 477 53 113 0 3 27 9 128 161 169 111 202 162 93 112 106 61 109 101 s300
455 444 456 427 431 456 356 277 286 288 285 310 444 340 390 403 374 359 1 0 0 29 13 0 100 167 170 168 159 146 12 104 66 53 70 97 n390
655 543 635 627 640 656 499 452 457 486 477 528 442 493 556 559 548 548 1 97 21 29 0 0 157 188 199 170 163 128 214 147 100 97 92 108 s346
295 282 247 276 299 275 314 319 295 312 275 318 325 325 325 325 289 325 30 43 78 49 26 50 36 31 55 38 75 32 0 0 0 0 36 0 m249
207 224 230 230 231 230 184 137 130 182 170 188 204 188 199 206 195 194 33 6 0 10 9 0 80 116 123 82 94 65 36 42 31 34 45 36 s256
907 905 922 980 932 965 781 841 745 784 677 772 953 852 936 978 928 941 73 75 38 0 48 15 199 139 215 196 303 208 27 128 24 2 52 39 d341
859 959 960 973 955 946 838 767 659 758 742 801 990 990 960 990 936 990 131 31 0 17 35 44 119 190 269 199 215 156 0 0 0 0 54 0 m491
930 919 942 903 911 945 718 685 644 698 528 667 972 854 853 972 962 933 42 26 3 69 61 0 254 260 301 274 444 278 0 91 92 0 10 12 ad346
161 162 160 141 146 149 129 99 101 109 115 119 158 142 152 130 150 133 1 0 2 12 16 13 51 81 79 61 65 61 4 20 10 23 12 29 md343
642 794 788 825 723 771 529 691 721 717 771 737 625 686 709 749 745 777 183 31 12 0 102 54 296 134 79 108 54 88 200 139 91 76 80 48 a458
434 423 326 382 435 435 348 371 315 346 345 361 336 323 312 326 328 305 1 12 94 53 0 0 58 35 77 60 61 45 99 112 108 109 107 130 o137
467 464 384 486 468 372 438 420 329 438 448 321 373 374 365 388 371 378 1 4 84 0 0 96 30 48 139 48 20 147 95 94 103 98 97 90 a461
935 936 912 928 817 907 793 638 590 761 619 619 885 897 845 792 770 923 1 0 0 8 119 29 104 259 284 136 278 278 51 39 67 144 166 13 n347
453 525 477 448 526 510 368 404 430 465 418 415 427 528 528 550 528 528 75 3 51 102 2 18 160 124 98 85 110 113 101 0 0 0 0 0 jt52
377 322 378 323 362 341 357 198 275 258 251 296 324 305 400 380 380 380 3 58 22 57 18 39 23 182 125 122 129 84 56 75 0 0 0 0 jd218
533 533 533 546 520 533 416 431 418 414 344 435 531 421 433 467 471 448 13 0 0 0 26 0 172 143 156 174 244 139 15 112 100 79 75 85 n255
1257 1094 1226 1209 1131 1126 1200 1067 1135 1246 1254 1145 1165 1164 1271 1312 1312 1271 55 177 45 103 181 145 112 204 136 66 58 126 147 107 0 0 0 0 jd31
643 672 644 634 527 623 537 590 524 568 571 552 644 610 573 644 672 644 1 0 0 10 145 21 130 106 143 99 125 115 0 62 71 0 0 0 ad107
503 417 491 503 477 486 453 353 479 435 413 387 393 315 400 369 327 430 1 63 13 1 3 18 72 147 46 90 87 138 111 165 104 135 153 74 a126
682 767 815 871 788 730 657 702 617 675 698 687 823 756 792 847 741 701 192 130 59 3 109 144 255 234 295 237 238 225 51 141 82 27 156 173 ad7
283 253 252 275 281 294 334 335 275 328 275 313 360 345 360 360 319 360 77 92 108 85 64 66 50 33 109 56 93 71 0 0 0 0 26 0 m456
355 389 377 390 399 357 379 314 268 363 327 344 432 414 414 432 396 414 77 25 37 42 33 57 77 123 169 93 129 93 0 0 0 0 36 0 m28
974 1147 1116 1071 1097 1116 842 782 910 901 849 959 1065 954 1063 1067 1061 1022 142 0 0 45 50 0 310 402 242 251 335 193 51 193 53 49 86 94 d8
161 156 150 168 168 130 129 118 71 128 154 109 141 107 116 148 154 139 7 0 6 0 0 26 39 38 85 40 14 47 27 49 40 20 14 17 a384
667 703 679 648 682 665 757 756 692 709 648 713 814 840 840 816 782 840 149 137 161 168 134 175 25 49 113 73 134 92 2 0 0 0 34 0 m346
334 390 402 388 374 298 268 251 233 199 272 211 375 317 330 318 325 348 71 0 3 17 16 107 137 139 172 206 118 194 30 73 75 87 65 57 f276
786 864 890 864 767 871 600 660 542 664 554 660 864 816 819 864 864 867 78 27 1 0 97 20 264 231 349 200 310 231 0 75 72 0 0 24 d11
1560 1763 1763 1806 1806 1763 1345 1546 1453 1593 1565 1451 1570 1757 1700 1806 1806 1763 246 0 0 0 0 0 461 217 310 213 241 312 236 6 63 0 0 0 f479
557 572 556 507 576 576 421 432 444 362 431 430 505 546 576 600 576 576 19 4 20 93 0 0 131 120 108 213 121 122 71 30 0 0 0 0 jt79
269 288 213 270 284 199 224 194 127 141 210 153 221 225 210 224 219 227 1 0 57 0 4 71 31 78 128 114 62 102 49 63 60 46 69 43 a242
474 470 474 446 418 464 404 376 341 412 386 422 475 425 407 475 475 475 1 5 1 29 57 11 90 118 153 82 108 72 0 50 68 0 0 0 ad257
973 1043 1071 1122 1100 1122 872 977 927 964 866 989 1079 1002 1092 1118 1029 965 149 57 51 0 0 0 199 73 144 107 184 82 43 98 30 4 71 157 d94
1714 1580 1666 1715 1607 1654 1743 1475 1533 1551 1565 1496 1450 1662 1680 1715 1715 1715 1 135 14 0 108 61 21 289 195 213 199 268 265 53 0 0 0 0 jd458
688 571 684 720 707 684 561 508 499 578 561 575 720 548 609 720 720 684 32 113 0 0 13 0 159 176 185 142 159 109 0 136 75 0 0 0 ad15
319 333 343 348 362 368 318 244 220 241 175 318 304 280 308 326 286 268 65 35 25 36 22 0 66 124 148 143 209 50 80 88 60 58 98 100 s364
1169 1140 1170 1170 1081 1170 933 967 958 937 936 1093 1082 947 1058 1101 1071 1108 1 0 0 0 59 0 198 135 173 194 166 38 88 193 112 69 69 62 d474
560 548 591 551 610 535 546 549 609 565 604 571 594 665 665 684 684 665 124 117 74 133 74 130 174 151 91 155 116 129 90 0 0 0 0 0 j114
351 333 368 352 287 368 291 236 256 291 238 345 305 314 326 300 304 313 1 35 0 0 65 0 39 109 89 39 92 0 47 54 42 52 48 55 a474
541 561 477 476 575 550 413 421 329 372 446 389 457 510 550 550 575 550 9 14 73 74 0 0 137 154 221 178 129 161 93 65 0 0 0 0 jt368
646 642 551 502 648 614 454 458 423 402 471 446 541 648 648 675 648 648 2 6 97 173 0 34 170 166 201 248 153 178 107 0 0 0 0 0 jt234
882 959 849 856 960 960 836 873 844 787 905 863 843 807 812 739 781 842 78 1 111 80 0 0 124 87 116 149 55 97 117 153 148 197 179 118 o193
1003 1088 1134 1056 1157 1134 861 731 741 797 744 934 1134 1084 1042 1134 1161 1134 131 73 0 78 4 0 231 387 351 295 374 158 0 77 92 0 0 0 d452
1249 1450 1450 1440 1450 1450 927 1041 1072 1045 1037 1264 1382 1217 1373 1464 1362 1396 201 0 0 39 0 0 473 359 328 383 363 136 68 233 77 15 88 54 d123
550 546 528 549 470 452 552 366 310 287 347 452 548 552 415 552 552 552 2 6 0 3 82 100 0 186 218 265 205 100 4 0 113 0 0 0 ad427
2814 2989 3038 2926 2916 3038 2383 2746 2810 2709 2669 2797 3038 2748 2939 3038 2989 3038 224 0 0 112 73 0 717 304 290 391 381 303 0 241 99 0 0 0 d491
264 310 311 286 298 299 191 205 217 185 210 206 247 316 322 308 308 322 44 12 11 22 10 23 95 94 82 101 76 93 61 6 0 0 0 0 j235
543 544 544 561 532 544 464 360 438 445 497 423 426 514 459 423 380 371 1 0 0 0 12 0 48 152 74 83 15 89 118 30 85 138 164 173 md105
164 137 142 180 168 144 126 112 94 135 152 116 155 146 130 144 123 141 4 31 26 0 0 24 42 56 74 45 16 52 13 22 38 36 45 27 a259
549 621 612 640 651 640 466 522 432 579 432 534 520 555 594 519 533 549 91 39 28 0 9 0 142 105 176 29 195 74 120 105 46 121 127 91 o265
335 322 322 336 316 322 275 255 247 243 278 205 300 248 273 238 250 278 1 0 0 0 20 0 37 44 52 69 34 94 36 74 49 98 86 44 md39
440 420 439 313 366 424 353 334 359 304 339 343 340 420 441 441 420 441 1 0 2 128 54 17 109 106 103 158 101 119 101 0 0 0 0 0 jt173
334 358 307 370 392 378 323 258 273 278 253 299 340 328 291 311 316 302 58 20 71 22 0 0 69 120 105 114 139 79 52 50 87 81 76 76 o151
1132 1096 1218 1247 1241 1222 1117 1202 1092 1223 1128 1186 1029 1046 1058 1092 1090 1063 116 126 4 1 7 0 179 67 177 73 168 83 219 176 164 156 158 159 o27
498 536 622 590 588 607 605 525 494 381 519 458 660 682 678 660 614 642 162 146 60 70 72 75 55 157 188 279 141 224 0 0 4 0 46 40 m234
491 560 560 560 544 560 430 394 435 437 416 463 511 456 462 433 455 444 69 0 0 0 16 0 95 131 90 88 109 62 49 104 98 127 105 116 f204
463 463 467 457 460 468 289 340 369 350 366 356 414 468 468 468 468 465 5 5 1 11 8 0 179 128 99 118 102 112 54 0 0 0 0 3 f472
774 675 775 775 656 775 800 642 646 622 579 577 681 683 775 775 750 775 1 75 0 0 94 0 6 138 160 184 201 229 94 67 0 0 0 0 jd496
380 410 415 378 410 403 366 336 344 287 372 360 381 462 462 441 462 462 82 52 47 63 52 59 96 126 118 154 90 102 81 0 0 0 0 0 j140
687 690 573 508 688 690 536 527 559 463 547 474 521 690 690 720 720 690 33 0 117 212 32 0 208 186 154 281 197 239 199 0 0 0 0 0 jt339
441 409 453 454 413 409 299 310 309 326 334 328 343 460 460 483 460 460 19 51 7 29 47 51 141 130 131 136 106 112 117 0 0 0 0 0 j242
444 425 500 474 394 475 373 334 271 303 239 348 500 480 402 500 480 500 56 55 0 26 86 25 102 122 204 172 217 127 0 0 98 0 0 0 ad251
603 548 568 554 467 515 490 434 279 425 409 423 624 624 524 624 624 624 21 76 56 70 157 109 108 164 319 173 189 175 0 0 100 0 0 0 ad222
604 622 616 539 615 562 505 473 443 461 541 436 495 636 616 616 644 616 12 22 0 77 29 54 111 171 173 155 103 180 121 8 0 0 0 0 jd351
587 508 538 514 593 580 376 408 496 442 431 437 521 441 438 488 433 571 8 87 57 81 2 15 219 187 99 153 164 158 74 154 157 107 162 24 o191
1025 1026 1026 1053 863 1026 806 675 691 672 651 725 944 905 873 1033 957 937 1 0 0 0 163 0 182 313 297 342 337 263 82 121 153 20 69 89 ad352
196 167 249 247 243 251 203 236 163 173 180 197 231 256 230 240 236 238 60 89 7 9 13 5 53 20 93 83 76 59 25 0 26 16 20 18 md169
526 464 503 524 507 527 426 327 346 391 363 395 431 495 519 503 497 485 1 63 24 3 20 0 70 169 150 105 133 101 96 32 8 24 30 42 s474
887 803 864 823 888 888 840 719 887 762 761 758 720 683 756 622 630 814 1 85 0 65 0 0 85 206 13 163 164 167 168 205 108 266 258 74 o347
441 437 442 433 381 442 369 359 334 407 367 468 343 387 341 344 378 375 1 22 0 9 78 0 99 127 134 61 119 0 99 72 101 98 81 67 a178
1538 1370 1519 1624 1527 1624 1398 1187 1266 1351 1277 1419 1398 1381 1445 1413 1355 1328 86 226 105 0 69 0 168 352 300 215 262 147 226 215 179 211 241 296 s7
426 512 544 531 528 544 463 386 447 378 414 354 468 505 516 529 528 536 118 16 0 13 0 0 81 142 97 166 114 190 76 23 28 15 0 8 j312
593 594 546 594 465 536 457 474 451 472 453 461 594 594 612 594 576 594 1 0 66 0 129 58 137 120 161 122 141 133 0 0 0 0 18 0 m438
374 390 362 355 363 345 321 371 270 310 320 272 330 295 294 282 300 316 1 0 13 20 27 30 54 19 105 65 70 103 45 95 81 93 90 59 md347
489 446 520 520 540 520 376 335 396 407 427 410 504 495 520 505 485 497 31 94 0 0 0 0 144 205 124 113 113 110 16 45 0 15 55 23 m134
1007 916 1056 1055 1040 1056 940 891 944 1056 805 975 899 804 767 759 845 763 49 140 0 1 16 0 160 209 156 44 295 125 157 252 289 297 211 293 n386
714 779 756 754 782 756 551 517 571 482 568 521 599 780 756 756 783 727 42 4 0 2 1 0 177 237 157 246 186 207 157 3 0 0 0 29 j363
607 608 608 592 564 608 468 457 470 489 396 450 516 471 419 430 449 459 1 0 0 0 44 0 102 113 100 66 174 120 92 137 189 162 159 149 n428
319 388 408 371 379 406 243 190 276 209 272 239 315 386 408 401 391 408 89 3 0 37 12 2 189 224 156 223 142 193 93 5 0 7 0 0 j136
869 885 899 749 848 899 731 697 763 639 705 734 720 875 895 864 843 892 1 14 0 121 22 0 139 202 136 231 165 165 150 24 4 6 27 7 jd332
667 729 597 702 729 607 572 677 535 578 670 494 700 721 698 694 662 625 35 0 105 0 0 95 156 79 193 150 86 234 2 8 4 8 67 77 a399
636 556 616 620 544 640 542 390 500 573 330 559 560 533 557 530 574 452 4 84 24 0 96 0 98 250 140 47 310 81 80 107 83 90 66 188 s301
713 663 693 714 667 693 685 591 691 714 613 687 519 564 491 596 526 516 1 30 0 0 47 0 29 102 2 0 101 6 195 129 202 118 188 177 s471
611 538 612 630 612 612 602 494 449 629 587 612 522 437 430 478 449 462 1 74 0 0 0 0 10 118 163 1 25 0 90 175 182 152 163 150 s15
784 597 810 810 752 810 748 552 562 594 582 646 810 639 810 810 780 810 26 183 0 0 28 0 89 254 275 243 224 191 0 141 0 0 0 0 j46
2203 1921 2242 2204 2079 2242 2103 1819 1949 1937 1846 1873 2030 2205 2064 2204 2204 2236 1 321 0 0 125 0 101 423 293 267 358 369 174 37 178 0 0 6 d430
247 206 217 218 234 224 192 164 165 168 175 164 252 239 252 252 243 252 5 60 35 34 32 28 78 121 105 102 110 106 0 27 0 0 23 0 m247
695 625 714 662 676 714 628 575 683 681 617 671 613 549 575 544 555 600 19 68 0 52 17 0 120 151 65 67 109 77 101 144 139 170 138 114 s358
758 759 792 759 640 759 714 604 681 641 541 647 695 684 792 759 759 754 1 0 0 0 119 0 68 178 135 141 241 135 64 75 0 0 0 5 jd490
610 598 563 508 538 624 484 511 501 451 425 532 502 598 624 624 594 623 14 0 61 116 60 0 164 110 147 197 196 116 122 0 0 0 4 1 jt433
612 757 759 736 627 759 468 503 493 574 456 543 736 620 757 733 736 743 124 2 0 0 109 0 236 223 233 130 248 183 0 139 2 3 0 16 d147
467 468 468 460 468 468 413 402 403 461 382 387 409 402 340 379 367 444 1 0 0 26 0 0 55 66 65 25 86 81 59 66 128 107 101 24 md52
983 1072 1072 1122 1113 1089 827 924 906 880 929 851 1015 1089 1089 1122 1122 1089 139 17 17 0 9 0 329 198 216 276 227 271 107 0 0 0 0 0 f33
650 652 560 642 646 560 422 481 488 425 503 527 589 682 704 704 682 704 54 30 144 62 36 144 250 170 184 247 148 145 115 0 0 0 0 0 f363
1887 1824 1853 1888 1825 1888 1850 1681 1852 1926 1810 1936 1675 1655 1606 1546 1664 1556 1 64 35 0 63 0 97 266 95 21 137 11 213 233 282 342 224 332 s85
951 663 986 957 950 957 687 662 700 676 756 698 950 939 943 957 860 915 6 294 0 0 7 0 237 262 252 248 168 226 7 18 43 0 97 42 m7
870 952 952 804 952 952 607 712 659 651 677 659 952 886 867 952 952 952 82 0 0 148 0 0 345 240 293 301 275 293 0 66 85 0 0 0 d407
719 667 720 714 648 720 538 439 585 588 506 648 562 509 556 520 517 546 1 53 0 6 72 0 146 245 99 96 178 36 158 211 164 200 203 174 s414
390 397 408 441 438 435 346 328 356 331 354 369 391 360 304 298 338 391 51 44 12 0 3 6 116 134 84 131 108 93 50 81 116 143 103 50 md9
719 720 720 729 554 689 599 547 429 470 546 470 720 720 587 744 720 720 1 0 0 15 166 31 91 143 261 243 144 220 0 0 133 0 0 0 ad374
268 273 252 257 246 222 189 176 182 182 206 193 273 273 286 273 250 273 5 0 34 16 27 51 63 76 82 70 46 59 0 0 0 0 23 0 m159
371 504 483 483 504 483 312 240 293 283 359 414 415 363 402 432 416 390 112 0 0 0 0 0 148 240 167 177 121 46 68 141 81 51 88 93 f1
645 540 616 646 626 646 565 544 556 591 416 553 485 527 515 576 549 502 1 123 30 0 37 0 81 119 90 55 247 93 161 136 131 70 114 144 s374
801 969 988 969 969 969 864 841 913 971 878 924 840 757 787 740 811 809 168 0 0 0 0 0 156 179 127 49 142 96 129 212 201 229 158 160 f436
282 294 274 285 275 298 241 149 213 184 225 220 286 260 304 323 304 304 22 10 30 38 29 6 47 139 75 122 63 68 18 44 0 0 0 0 jt55
564 620 640 533 620 620 390 396 372 381 415 396 601 520 634 620 620 614 56 0 0 87 0 0 199 193 236 208 174 193 19 100 6 0 0 6 d325
1366 1417 1447 1456 1377 1482 1099 1116 1236 1203 1170 1231 1291 1238 1194 1143 1204 1234 90 65 35 0 79 0 301 309 189 197 230 194 165 244 288 313 252 248 n7
626 627 591 575 570 627 409 519 382 374 388 427 525 446 549 560 498 572 1 0 17 52 57 0 185 75 194 220 206 167 102 181 59 67 129 55 n362
1453 1480 1456 1456 1364 1456 1342 1424 1420 1456 1237 1341 1230 1101 1091 1194 1169 1197 3 2 0 0 118 0 114 58 36 0 245 115 226 381 365 262 313 259 n411
380 348 390 390 371 390 277 305 291 282 256 343 347 316 336 343 349 307 10 42 0 0 19 0 113 85 99 108 134 47 43 74 54 47 41 83 s492
459 459 416 455 438 447 538 481 454 473 468 490 561 544 561 561 513 561 102 85 145 106 106 114 23 63 107 88 76 71 0 0 0 0 31 0 m376
2499 2362 2500 2424 2500 2500 2202 1848 1932 1957 1945 2179 2454 2343 2330 2486 2500 2479 1 138 0 76 0 0 248 602 518 493 505 271 46 157 170 14 0 21 d320
591 614 665 646 611 665 527 502 525 525 393 494 636 601 665 646 646 623 55 51 0 0 35 0 153 198 175 155 287 206 10 64 0 0 0 42 f481
329 345 289 295 330 345 220 295 246 264 236 294 266 262 301 261 263 232 1 0 56 35 0 0 110 50 99 66 94 51 64 83 44 69 67 113 o405
288 234 307 321 313 350 354 260 251 217 267 236 357 357 357 357 302 357 69 123 50 36 44 7 20 114 123 157 107 138 0 0 0 0 55 0 m292
699 630 655 700 675 539 611 545 523 617 628 495 571 523 489 554 534 555 1 45 45 0 0 161 89 130 177 83 47 205 129 152 211 146 141 145 a454
1007 1008 1008 1008 945 1008 895 882 934 895 866 912 932 1008 1008 1008 1008 1008 1 0 0 0 63 0 149 162 110 149 178 132 76 0 0 0 0 0 n95
616 542 646 591 635 650 578 570 521 521 440 411 610 580 530 547 540 517 60 108 4 85 41 0 72 55 104 129 210 214 66 70 120 129 136 133 o382
671 713 713 682 680 713 542 582 634 545 600 647 554 713 713 682 682 713 11 0 0 0 2 0 162 154 102 159 104 89 128 0 0 0 0 0 j486
323 354 372 373 348 362 325 287 297 350 344 294 392 379 392 392 364 392 69 38 20 19 44 30 67 105 95 42 48 98 0 13 0 0 28 0 m95
611 559 595 606 582 595 561 492 569 575 481 490 503 488 462 485 484 503 1 36 0 6 30 0 51 103 26 37 131 105 109 107 133 127 128 92 s409
985 989 994 892 986 943 967 828 819 962 823 965 921 912 861 868 951 1015 1 26 21 94 0 72 19 187 196 24 163 50 65 103 154 118 35 0 a311
459 460 440 460 432 385 340 375 269 378 338 364 355 403 355 408 420 409 1 0 0 0 28 75 97 62 149 59 99 73 105 57 85 52 40 51 a134
978 1066 1092 1089 1044 1092 832 851 851 792 852 851 993 1055 1088 1092 1059 1064 114 0 0 3 22 0 302 256 283 342 255 283 99 11 4 0 7 28 f332
670 773 780 780 723 780 580 786 667 663 579 719 617 551 708 686 624 549 110 7 0 0 57 0 239 33 152 156 240 100 163 229 72 94 156 231 n463
943 1056 1056 1088 1088 1056 890 1000 958 999 974 956 1007 1016 1034 1025 1024 1008 145 0 0 0 0 0 232 89 131 123 148 133 81 40 22 63 64 48 f205
626 637 586 477 622 640 615 439 554 478 566 511 573 552 640 640 680 640 14 43 54 163 58 0 41 258 102 178 131 145 67 128 0 0 0 0 jt466
423 432 433 462 423 402 384 408 307 403 391 403 418 412 392 398 379 395 39 30 51 0 39 60 78 54 177 59 71 59 44 50 92 64 83 67 a382
670 739 765 761 720 754 587 617 594 616 572 548 660 701 678 714 580 691 95 11 0 4 30 11 229 183 222 200 228 268 105 49 87 51 170 74 n187
558 534 621 494 597 590 501 393 371 357 434 480 621 555 596 621 644 621 63 110 0 127 47 31 120 251 250 264 210 141 0 89 25 0 0 0 d242
954 1045 1200 1170 1170 1170 1070 1070 953 925 1005 988 1046 972 1103 1170 1170 1167 216 125 0 0 0 0 100 100 247 245 165 182 124 198 97 0 0 3 j430
837 957 953 842 923 873 765 791 827 820 824 896 818 960 960 928 960 960 123 3 7 86 37 87 225 199 163 137 166 94 142 0 0 0 0 0 jd149
987 942 782 946 988 1007 806 860 795 807 849 971 813 846 738 816 756 885 1 65 225 42 0 0 182 147 212 181 139 36 175 161 269 172 232 122 o250
690 763 762 502 696 728 605 631 644 587 613 652 633 769 784 756 784 784 94 21 22 254 88 56 151 125 112 142 143 104 151 15 0 0 0 0 jt191
587 588 435 474 558 588 451 460 328 427 459 407 435 555 545 546 557 582 1 0 125 114 30 0 116 107 212 140 108 160 153 33 15 42 31 6 jt127
665 591 621 666 613 666 603 512 522 552 455 606 521 533 516 560 491 468 1 75 45 0 53 0 63 154 144 114 211 60 145 133 150 106 175 198 s391
621 682 682 704 692 682 510 561 527 537 560 541 631 664 656 704 704 661 83 0 0 0 12 0 226 152 186 199 176 172 73 18 26 0 0 21 f148
393 400 379 420 387 301 368 351 248 372 394 274 311 286 266 293 290 310 7 0 21 0 13 99 52 69 172 69 26 146 89 114 134 127 110 90 a329
207 221 208 202 218 208 136 118 100 137 107 174 187 185 143 134 173 190 1 0 0 6 3 0 72 103 108 71 114 34 21 36 65 74 48 18 md273
829 777 864 864 680 864 767 570 675 628 542 631 795 737 864 864 835 864 35 60 0 0 157 0 97 267 189 236 295 233 69 100 0 0 2 0 jd190
265 215 289 289 261 286 251 183 235 263 243 251 237 214 217 208 165 247 24 57 0 0 11 3 55 105 71 43 45 55 52 58 72 81 107 42 md147
499 525 520 386 484 525 352 292 271 269 376 400 500 465 456 500 500 525 1 0 5 114 16 0 128 212 233 211 104 104 0 60 69 0 0 0 ad231
583 594 594 612 576 594 392 464 457 488 399 476 446 453 487 515 424 408 29 0 0 0 36 0 220 130 137 124 213 118 166 141 107 97 188 186 n435
317 322 257 323 319 273 217 248 232 306 235 238 266 232 247 253 214 289 6 1 85 0 4 50 89 58 92 0 71 68 57 91 95 70 109 34 a21
447 416 423 412 433 448 434 343 341 359 310 400 350 294 349 358 358 358 1 32 25 36 15 0 42 133 135 117 166 76 98 154 99 90 90 90 s325
307 308 308 322 303 308 230 217 237 236 262 224 275 275 232 215 215 238 1 0 0 0 5 0 78 91 71 86 46 84 33 33 76 107 93 70 md368
781 879 885 911 863 862 736 639 701 714 737 704 793 900 900 930 900 900 119 21 15 19 37 38 164 261 199 216 163 196 107 0 0 0 0 0 f11
483 506 484 423 449 506 408 420 483 353 344 392 368 506 506 484 484 506 1 0 22 61 35 0 54 63 0 109 118 91 116 0 0 0 0 0 jt124
477 591 598 598 598 598 431 481 516 538 535 545 490 513 555 515 553 526 121 7 0 0 0 0 167 117 82 60 63 53 108 85 43 83 45 72 j261
516 470 567 523 448 550 494 338 386 382 324 366 449 485 576 552 552 552 36 82 9 29 104 2 58 214 190 170 228 186 103 67 0 0 0 0 jd364
638 558 673 687 667 641 670 478 556 546 575 562 677 579 675 702 702 675 64 117 2 15 35 34 32 197 119 156 127 113 25 96 0 0 0 0 j425
607 704 698 655 696 704 529 473 507 497 548 568 704 599 704 704 704 704 97 0 6 49 8 0 207 263 229 239 188 168 0 105 0 0 0 0 d296
181 195 185 182 174 195 176 111 104 133 151 157 158 195 179 158 157 192 1 0 10 0 8 0 20 99 106 63 45 53 24 0 16 24 25 3 md125
391 378 378 392 380 378 382 275 332 335 389 317 358 351 339 331 312 287 1 0 0 0 12 0 38 130 73 85 31 88 34 27 39 61 80 91 md199
701 805 802 754 779 781 584 531 588 588 526 727 677 805 805 782 782 805 81 0 3 28 3 24 198 274 217 194 256 78 105 0 0 0 0 0 j212
1114 1116 1116 1090 1116 1115 983 929 897 937 1099 1152 1055 975 1078 1096 1104 1116 2 0 0 26 0 1 169 223 255 215 53 0 61 141 38 20 12 0 ad93
478 499 502 474 407 466 364 331 346 334 370 389 506 460 466 506 528 506 28 29 4 32 121 40 119 173 137 149 134 94 0 68 40 0 0 0 ad204
297 307 238 259 304 323 254 196 199 141 244 290 244 288 323 304 296 298 7 16 85 45 0 0 66 144 141 179 76 50 60 35 0 0 8 25 jt125
629 541 579 648 644 648 569 428 453 453 528 461 600 618 583 603 520 602 19 107 69 0 4 0 106 247 222 222 147 214 48 30 65 45 128 46 m97
643 682 651 498 617 651 487 557 579 446 570 543 578 556 651 651 682 651 8 0 0 153 65 0 143 103 51 184 90 87 73 126 0 0 0 0 jt406
186 198 187 187 190 187 127 125 142 106 163 138 170 180 124 124 158 156 1 0 0 0 8 0 60 73 45 81 35 49 17 18 63 63 40 31 md340
755 708 634 694 777 756 614 606 577 517 637 594 568 615 613 595 641 610 1 69 122 62 0 0 106 134 143 203 103 126 188 162 143 161 136 146 o185
1008 1081 1081 1062 1094 1081 804 942 840 987 818 909 1070 911 1074 1104 1099 1064 96 0 0 42 10 0 348 186 288 165 334 219 34 170 7 0 5 17 d65
406 429 418 408 395 411 362 285 247 374 268 363 480 480 401 500 480 480 74 51 62 92 85 69 94 171 209 101 188 93 0 0 79 0 0 0 ad327
1308 1261 1500 1289 1333 1424 1494 1202 1356 1214 1323 1255 1530 1366 1530 1485 1530 1530 222 269 30 196 197 106 36 328 174 271 207 275 0 164 0 0 0 0 jt7
373 396 440 440 299 413 353 252 266 271 192 298 440 418 311 420 418 440 67 22 0 0 119 27 87 166 174 169 226 142 0 0 129 20 0 0 ad241
584 528 512 544 539 498 623 604 531 565 576 657 640 640 640 640 587 640 56 112 128 96 101 142 49 68 141 107 96 15 0 0 0 0 53 0 m388
529 526 476 449 509 532 372 383 368 360 361 438 410 532 504 532 532 532 3 6 28 83 23 0 141 130 118 153 152 75 122 0 0 0 0 0 jt486
657 658 658 658 602 658 429 380 465 515 394 340 645 564 514 554 580 593 1 0 0 0 56 0 182 231 146 96 217 271 13 94 144 104 78 65 n305
351 265 346 349 309 308 345 187 216 268 316 271 279 314 286 314 278 298 1 87 6 3 43 44 7 165 136 84 36 81 73 38 66 38 74 54 a412
280 325 312 307 317 312 236 248 207 224 255 252 266 244 234 226 247 246 32 0 0 5 8 0 76 77 105 88 70 60 46 81 78 86 78 66 f350
359 378 378 360 355 333 306 314 323 254 324 319 305 332 254 247 309 345 1 0 0 0 5 45 54 64 55 106 36 59 55 46 124 113 51 33 md28
709 738 738 677 702 744 548 504 572 540 589 556 655 744 744 744 744 744 35 6 6 67 42 0 227 271 203 235 186 219 89 0 0 0 0 0 j100
610 646 648 672 637 648 513 587 606 610 545 573 525 491 449 464 434 470 62 2 0 0 35 0 187 88 69 90 155 102 147 157 199 208 238 178 n74
539 540 540 540 452 533 397 432 325 396 397 356 540 540 440 540 540 540 1 0 0 0 88 7 143 108 215 144 143 184 0 0 100 0 0 0 ad466
783 884 627 759 884 850 576 712 664 612 716 820 831 884 850 850 884 850 67 0 223 91 0 0 249 146 161 213 142 5 19 0 0 0 0 0 jt135
287 268 239 288 297 211 268 232 226 270 273 191 232 180 182 216 201 229 1 38 49 0 9 77 36 91 78 34 50 113 56 126 106 72 105 59 a136
314 326 315 285 330 315 229 243 281 211 259 241 246 242 241 232 266 249 1 4 0 30 0 0 86 87 34 104 71 74 69 88 74 83 64 66 o140
229 247 259 252 242 203 146 147 182 152 183 205 230 204 228 213 226 243 31 0 1 8 5 57 114 100 78 108 64 55 30 43 32 47 21 17 md161
826 918 926 874 936 936 713 607 658 660 598 732 936 800 936 936 936 936 110 18 10 62 0 0 223 329 278 276 338 204 0 136 0 0 0 0 d435
212 220 197 193 199 230 149 172 172 107 152 163 193 202 196 189 199 189 18 10 33 37 31 0 81 58 58 123 78 67 37 28 34 41 31 41 o304
754 815 817 795 836 817 610 570 586 578 564 631 804 760 706 822 800 773 82 2 0 41 0 0 182 204 188 214 228 143 32 57 111 14 36 44 d36
832 774 816 833 800 833 707 591 600 718 574 712 655 725 727 796 754 634 1 59 0 0 33 0 175 291 264 164 308 170 178 108 89 37 79 199 s105
436 329 460 435 366 432 399 356 332 356 359 390 437 437 354 437 437 437 1 108 0 2 71 5 57 100 148 100 97 66 0 0 106 0 0 0 ad16
986 965 1014 907 1014 1014 782 908 936 852 943 753 851 859 890 844 884 903 28 49 0 107 0 0 193 67 39 123 32 222 163 155 124 170 130 111 jd286
599 624 600 600 539 590 420 441 311 443 399 398 600 624 474 600 624 600 1 0 0 0 85 10 155 157 264 132 199 177 0 0 126 0 0 0 ad456
472 495 573 552 552 575 424 446 428 430 397 430 552 569 567 552 491 568 80 80 2 0 0 0 128 129 147 122 155 145 0 6 8 0 61 7 m6
1655 1775 1733 1812 1794 1862 1413 1558 1485 1453 1575 1573 1722 1900 1862 1862 1900 1862 207 125 129 50 106 0 498 392 426 458 375 338 140 0 0 0 0 0 f394
1302 1325 1300 1325 1183 1257 1154 1056 1023 1142 995 1121 1147 1113 1064 1129 1151 1182 23 0 0 0 142 68 224 322 329 236 383 257 178 212 236 196 174 143 n58
1025 1016 988 972 968 1026 874 908 878 844 927 869 878 1026 988 1026 1026 1026 1 10 0 54 58 0 152 118 110 182 99 157 148 0 0 0 0 0 jt121
575 598 565 576 536 576 435 473 417 443 495 475 576 586 483 576 600 576 1 2 11 0 64 0 165 152 183 157 130 125 0 14 93 0 0 0 ad308
563 577 639 607 628 709 392 383 575 539 438 681 595 553 670 686 646 598 150 113 74 106 62 4 290 277 107 143 222 1 118 137 43 27 44 115 a24
983 1056 1051 1052 945 921 830 900 789 904 840 858 872 1026 1056 1056 1035 1056 73 0 5 4 111 135 226 156 267 152 216 198 184 30 0 0 21 0 jd58
632 657 662 660 640 632 524 587 639 514 565 512 613 775 775 750 750 775 118 118 113 90 110 143 196 157 105 206 155 232 137 0 0 0 0 0 j333
741 825 839 812 720 825 697 702 443 610 567 635 820 825 682 825 825 811 84 0 19 13 105 0 153 148 441 240 283 215 5 0 176 0 0 14 ad292
1858 1705 1825 1781 1628 1685 1704 1580 1603 1649 1588 1630 1925 1707 1890 1925 1925 1925 67 220 65 144 297 240 221 345 287 276 337 295 0 218 0 0 0 0 jd163
699 800 825 825 702 825 527 585 587 622 505 570 807 726 738 825 792 821 126 0 0 0 98 0 265 183 205 170 263 222 18 74 87 0 8 4 d33
190 177 192 188 184 200 163 151 123 183 153 123 159 204 192 204 204 204 14 27 0 16 20 4 58 70 85 38 68 98 45 0 0 0 0 0 jd384
998 807 985 999 797 999 1014 776 844 853 746 722 857 877 999 999 962 999 1 155 14 0 165 0 12 212 182 173 242 304 142 85 0 0 0 0 jd382
771 856 867 879 867 899 649 663 688 684 730 703 729 899 870 899 899 899 128 43 3 20 32 0 250 236 182 215 169 196 170 0 0 0 0 0 j411
517 436 518 501 513 518 362 373 416 398 345 405 401 420 458 447 416 416 1 82 0 17 5 0 156 145 102 120 173 113 117 98 60 71 102 102 s255
485 486 450 422 458 486 376 367 257 376 288 388 384 336 351 350 337 357 1 0 54 64 28 0 110 119 247 110 198 98 102 150 153 136 149 129 o181
576 604 645 697 656 671 631 563 483 563 481 555 662 645 618 653 635 648 104 76 35 0 24 9 89 157 237 175 239 165 18 35 62 44 45 32 d251
559 504 560 560 530 574 515 438 466 503 403 527 494 433 463 499 467 467 1 70 14 0 30 0 85 177 149 97 197 88 66 141 111 61 93 107 s79
1311 1323 1350 1350 1183 1350 977 1134 1084 1131 1028 1033 1288 1275 1238 1350 1323 1319 39 0 0 0 140 0 323 140 216 169 246 267 62 48 112 0 0 31 d113
436 437 456 413 296 422 364 285 215 243 299 311 437 437 373 437 437 437 1 0 0 24 141 15 73 152 241 194 138 126 0 0 83 0 0 0 ad481
568 493 552 575 498 557 476 409 384 439 429 446 575 528 496 575 575 575 7 82 0 0 77 18 74 141 144 111 121 104 0 47 56 0 0 0 ad299
1264 1288 1265 1265 1229 1265 1132 1181 999 1113 1034 1130 1075 1061 1052 1145 1053 1052 1 0 0 0 59 0 188 163 321 207 310 190 190 227 213 120 235 213 n170
528 612 612 608 612 612 438 581 488 527 507 535 532 494 441 523 494 482 84 0 0 4 0 0 174 31 124 85 105 77 80 118 171 89 118 130 o91
861 869 943 966 973 957 865 797 750 769 740 763 850 947 957 986 986 957 125 88 14 20 13 0 121 160 207 217 246 194 136 10 0 0 0 0 f128
305 294 331 378 360 360 281 237 227 180 209 204 357 354 284 339 321 328 55 66 29 0 0 0 59 103 113 177 131 136 3 6 76 39 39 32 m206
223 222 218 213 218 209 149 99 86 102 99 155 225 216 223 212 191 223 2 3 7 12 7 16 76 126 139 123 126 70 0 9 2 13 34 2 n240
189 198 225 226 219 201 175 161 116 149 136 185 185 163 210 189 184 196 45 23 9 8 2 33 41 43 100 67 68 31 49 58 24 45 37 38 jd395
494 451 500 463 495 495 418 326 379 369 394 424 442 415 451 431 413 429 1 44 10 32 0 0 110 202 165 159 134 104 53 80 59 64 82 66 s336
1138 1143 1148 1112 1176 1068 904 887 954 877 960 934 968 1176 1148 1148 1176 1148 10 33 0 36 0 80 203 247 153 230 174 173 180 0 0 0 0 0 j65
447 442 352 396 448 448 360 393 292 310 362 346 319 339 308 346 327 339 1 6 96 68 0 0 88 55 156 154 86 102 129 109 140 118 121 109 o387
482 435 456 483 504 376 447 401 370 415 434 361 338 375 403 394 369 400 1 71 27 0 2 107 36 105 113 68 72 122 145 131 80 89 137 83 a437
162 179 178 177 177 163 126 122 96 115 140 126 209 194 205 209 177 209 47 19 31 32 21 46 64 58 94 75 40 64 0 4 4 0 21 0 m225
368 340 388 375 365 354 369 353 317 357 291 356 442 425 442 442 366 439 74 85 54 67 60 88 47 47 99 59 109 60 0 0 0 0 59 3 m23
443 415 500 520 520 500 432 377 327 437 403 410 520 477 497 505 485 492 77 85 0 0 0 0 114 148 198 109 143 115 0 23 3 15 35 8 m122
1180 1212 1034 1152 1250 1260 1137 911 891 1212 997 1224 987 932 990 923 905 1045 80 48 226 108 10 0 87 313 333 12 227 0 273 328 270 337 355 215 s71
358 313 384 351 377 366 293 240 260 269 262 242 288 306 352 316 290 340 19 64 6 26 0 11 113 166 160 137 144 164 89 71 38 61 87 37 s174
269 253 226 255 263 208 211 203 139 196 225 182 231 204 189 210 200 215 1 17 44 0 7 62 41 49 113 42 27 70 39 66 81 45 70 55 a39
269 260 226 255 270 228 233 211 224 214 246 185 207 186 166 214 182 200 1 10 44 0 0 42 37 59 46 41 24 85 63 84 104 41 88 70 a129
523 459 598 568 539 575 418 440 430 425 370 446 521 546 595 574 574 575 52 116 0 7 36 0 132 110 142 125 180 104 54 29 3 1 1 0 jd145
642 587 618 589 585 582 564 471 459 514 510 532 568 602 648 672 672 648 30 61 30 83 87 66 108 177 189 158 162 116 104 46 0 0 0 0 jd452
496 525 557 561 459 527 471 382 383 435 357 424 561 527 532 561 578 561 65 53 4 0 119 34 123 230 211 159 255 170 0 51 29 0 0 0 d445
1206 1090 1100 935 1186 1123 1128 895 953 943 910 1025 1063 1134 1189 1218 1218 1189 12 99 89 283 32 66 90 294 236 275 308 164 155 55 0 0 0 0 jt354
919 1050 1025 1025 970 1025 755 860 771 881 815 715 1025 895 1025 1025 1050 1025 106 0 0 0 80 0 270 190 254 144 235 310 0 155 0 0 0 0 d467
832 864 839 823 801 839 581 570 550 560 581 584 760 717 682 710 667 707 14 0 7 23 63 7 265 294 296 286 283 262 86 147 164 136 197 139 n279
279 294 280 272 294 280 234 229 239 225 221 194 264 254 203 204 193 241 1 0 0 8 0 0 46 65 41 55 73 86 16 40 77 76 101 39 md202
475 419 470 476 443 476 375 327 383 306 305 374 378 388 417 445 438 411 1 57 6 0 33 0 129 177 121 198 199 130 98 88 59 31 38 65 s151
645 646 646 663 604 646 514 474 494 507 519 475 510 570 588 599 544 549 1 0 0 0 42 0 132 172 152 156 127 171 136 76 58 64 102 97 s161
689 690 573 658 690 690 609 558 570 595 560 558 546 566 529 556 598 540 1 0 117 47 0 0 127 178 166 157 176 178 144 124 161 149 92 150 o105
942 764 858 885 791 857 894 785 741 794 896 816 844 866 918 945 945 945 3 181 60 60 154 88 86 195 211 186 84 164 101 79 0 0 0 0 j263
580 614 616 496 616 616 410 392 468 381 546 569 529 616 616 524 488 472 36 2 0 98 0 0 178 196 120 186 42 19 87 0 0 70 128 144 jd112
556 636 667 574 690 667 641 685 666 524 711 696 551 611 610 540 587 522 111 54 0 93 0 0 55 35 30 172 9 0 116 79 57 127 103 145 jt59
496 406 525 504 478 525 474 423 484 456 391 443 398 419 401 366 326 402 8 119 0 0 26 0 6 77 16 24 89 57 106 106 124 138 178 123 jd15
251 252 252 235 250 252 215 179 173 167 180 219 212 226 199 170 212 197 1 0 0 3 2 0 55 91 97 88 90 51 40 26 53 68 40 55 md50
433 344 459 493 464 464 354 218 375 384 396 447 425 447 392 375 327 401 31 120 5 0 0 0 126 262 105 126 84 33 39 17 72 118 137 63 m473
1353 1337 1394 1338 1353 1257 1243 1319 1481 1385 1374 1393 1381 1488 1519 1519 1488 1519 166 151 125 181 135 262 325 217 87 183 162 175 138 0 0 0 0 0 j176
337 341 303 310 338 351 257 333 260 247 292 310 238 265 295 281 282 291 1 10 48 28 0 0 107 45 118 117 72 68 100 86 56 57 56 60 o474
181 174 157 171 166 172 182 128 159 163 155 181 216 204 204 202 211 204 35 30 47 45 50 32 52 93 62 71 79 40 0 0 0 14 5 0 m219
551 576 576 496 576 576 420 460 497 469 481 479 459 576 576 552 576 576 25 0 0 56 0 0 156 116 79 83 95 97 117 0 0 0 0 0 jd177
367 352 368 343 271 368 263 234 197 241 222 279 368 352 306 368 352 368 1 0 0 25 81 0 128 140 194 150 152 112 0 0 62 0 0 0 ad397
1275 1462 1462 1462 1462 1462 1135 1293 1249 1280 1258 1256 1208 1460 1462 1462 1459 1413 187 0 0 0 0 0 327 169 213 182 204 206 254 2 0 0 3 49 f31
735 768 732 632 763 736 660 571 588 531 601 585 611 687 736 736 768 736 1 0 4 104 5 0 76 197 148 205 167 151 125 81 0 0 0 0 jd449
794 861 880 892 880 878 669 663 619 713 680 625 880 844 813 902 880 880 86 19 0 10 0 2 211 217 261 189 200 255 0 36 67 0 0 0 d374
702 703 709 703 630 681 515 399 361 472 406 382 667 586 585 562 573 552 1 0 13 0 73 22 151 267 323 194 260 284 36 117 137 141 130 151 n269
392 359 413 405 374 405 266 262 264 226 188 317 360 394 343 369 331 370 13 46 7 0 31 0 112 116 128 152 190 61 45 11 77 36 74 35 n395
233 234 198 223 225 234 220 200 132 171 204 155 204 204 186 223 166 186 1 0 36 24 9 0 14 34 102 76 30 79 30 30 48 24 68 48 a77
561 593 567 567 477 526 442 351 398 419 515 459 567 437 564 567 594 567 6 1 0 0 117 41 125 243 169 148 79 108 0 157 3 0 0 0 ad19
565 594 616 616 421 611 340 386 407 418 399 455 613 592 516 616 594 596 51 0 0 0 173 5 248 181 181 170 168 133 3 2 100 0 0 20 ad134
599 512 531 524 551 560 428 491 530 529 481 500 574 680 680 700 680 680 81 168 149 176 129 120 218 155 116 136 165 146 106 0 0 0 0 0 f103
453 470 452 379 506 506 404 382 369 346 403 409 439 472 506 506 506 506 53 36 54 127 0 0 102 124 137 160 103 97 67 34 0 0 0 0 jt48
3122 3082 3008 3281 3246 3300 2883 3166 3035 2870 2818 2843 2854 3348 3348 3348 3348 3348 226 266 340 67 102 48 527 244 375 540 592 567 494 0 0 0 0 0 s24
382 488 510 510 493 510 484 442 466 467 473 472 446 432 469 434 462 429 128 5 0 0 0 0 56 80 74 73 49 68 64 61 41 76 31 81 j417
785 832 840 810 766 840 668 690 779 695 685 709 687 840 840 810 840 840 55 8 0 0 74 0 200 178 89 142 183 159 153 0 0 0 0 0 jd203
878 910 908 935 881 910 693 724 689 760 741 648 898 729 774 794 796 816 58 0 2 1 55 0 243 186 221 176 195 262 38 181 136 142 140 94 d200
478 598 630 615 576 630 583 516 517 517 527 518 527 584 557 525 474 533 152 32 0 0 54 0 89 156 155 139 145 154 103 46 73 90 156 97 d431
368 378 349 378 378 306 331 328 315 322 365 273 299 283 301 331 287 300 10 0 47 0 0 72 47 50 81 56 13 105 79 95 95 47 91 78 a433
349 337 371 359 349 384 333 348 296 268 284 336 383 354 366 338 334 351 35 47 13 13 35 0 83 68 120 135 132 80 1 30 18 34 50 33 s360
496 525 525 411 458 525 386 429 420 376 402 354 401 525 525 504 504 525 8 0 0 93 46 0 142 121 130 152 126 196 103 0 0 0 0 0 jt391
853 874 900 886 756 866 744 655 743 776 686 724 813 782 900 900 900 900 47 26 0 14 144 34 131 220 132 99 189 151 87 118 0 0 0 0 jd425
988 958 1030 1065 880 985 933 769 945 924 851 907 1080 886 1069 1080 1050 1080 92 92 50 15 170 95 147 281 135 156 199 173 0 164 11 0 0 0 ad399
285 275 233 288 288 288 256 166 199 215 218 230 261 250 248 215 227 252 3 13 55 0 0 0 16 106 73 57 54 42 27 38 40 73 61 36 md16
1188 1100 1189 1186 1207 1189 1187 1014 1052 1063 1064 1135 953 1145 1147 1107 1053 932 1 118 0 3 11 0 2 204 137 126 154 54 236 73 42 82 165 257 jt458
645 680 575 494 610 646 520 545 418 383 502 530 488 680 646 646 680 646 1 0 71 152 70 0 107 115 209 244 158 97 158 0 0 0 0 0 jt49
824 800 746 734 800 825 752 770 666 691 745 801 629 622 648 635 638 610 1 0 79 91 0 0 73 30 159 134 55 24 196 178 177 190 162 215 o358
392 393 434 414 441 434 325 303 341 316 319 348 357 362 363 370 343 365 42 55 0 20 7 0 140 177 124 149 161 117 77 86 71 64 105 69 s96
480 548 510 557 474 501 578 490 453 495 489 449 608 608 608 627 565 596 128 60 98 70 134 107 62 150 187 165 151 191 0 0 0 0 43 12 m333
415 358 450 437 437 437 342 297 291 282 318 312 435 417 448 431 399 430 22 79 6 0 0 0 95 140 165 155 119 125 2 20 8 6 38 7 m99
771 640 704 704 703 718 676 603 674 604 615 660 691 712 780 754 780 780 9 140 76 50 77 62 74 147 76 121 135 90 89 68 0 0 0 0 j43
680 650 624 517 622 629 615 463 470 559 579 586 720 546 687 720 720 690 40 40 66 203 98 61 105 227 220 161 141 104 0 144 3 0 0 0 ad422
208 227 255 260 243 248 252 128 171 121 238 225 258 230 215 149 240 218 52 46 5 0 30 12 28 166 109 159 56 55 2 43 45 111 33 42 md414
554 544 648 675 648 648 526 503 508 508 545 508 648 645 631 672 562 644 94 104 0 0 0 0 122 145 140 167 103 140 0 3 17 3 86 4 m43
499 507 585 576 519 588 524 472 473 444 411 487 588 509 531 588 567 588 89 60 3 12 48 0 92 122 143 172 183 129 0 58 57 0 0 0 d16
239 225 181 240 233 194 207 198 117 180 230 133 187 170 157 199 171 182 1 0 44 0 7 31 33 27 108 60 10 92 53 55 68 41 69 43 a381
767 794 957 999 962 999 972 761 638 725 688 909 988 891 938 924 759 814 232 168 42 0 0 0 0 175 334 247 248 63 11 71 61 75 203 185 ad429
608 720 641 645 663 631 594 594 528 570 666 565 648 720 700 700 720 700 92 0 59 55 57 69 141 162 207 165 90 170 52 0 0 0 0 0 f441
619 500 618 580 564 620 573 479 545 521 504 577 491 423 488 497 463 458 1 100 2 40 36 0 16 91 44 68 66 12 129 177 132 123 137 162 s148
692 693 562 629 693 693 564 572 537 522 539 602 495 538 505 497 564 523 1 0 152 64 0 0 129 121 177 171 154 91 198 155 209 196 129 170 o460
354 375 363 377 383 364 297 298 279 305 314 306 379 405 390 405 405 405 51 30 27 28 22 41 108 107 111 100 91 99 26 0 0 0 0 0 f159
670 705 648 500 679 651 602 528 536 521 532 605 623 637 714 714 714 714 44 9 66 214 35 63 133 207 199 214 203 130 91 77 0 0 0 0 jt469
479 472 495 480 427 495 421 384 406 427 339 467 369 352 389 403 360 377 1 23 0 0 53 0 59 111 89 53 141 28 111 143 106 77 120 118 s401
294 299 313 317 281 278 225 208 188 171 207 218 282 299 250 270 263 296 26 21 7 3 39 42 75 92 112 129 93 82 38 21 70 50 57 24 md276
356 357 357 264 305 357 319 254 293 200 208 287 263 341 357 357 332 331 1 0 0 93 52 0 55 120 81 174 166 87 94 16 0 0 25 26 jt381
415 432 397 407 416 432 308 324 279 301 340 377 306 330 316 289 298 330 1 0 35 9 0 0 82 81 126 89 50 28 110 102 116 127 118 102 o499
484 505 488 522 516 522 458 370 445 384 421 365 433 516 522 522 522 522 38 17 34 0 6 0 35 123 48 109 72 128 89 6 0 0 0 0 j95
988 982 1096 1091 1054 1070 1010 743 860 823 846 901 975 1000 1102 1102 1064 1102 114 82 6 11 10 32 92 321 242 279 218 201 127 64 0 0 0 0 j147
1194 1239 1331 1372 1273 1320 1202 1054 934 1136 1015 1100 1315 1332 1229 1372 1344 1344 150 105 13 0 71 24 190 338 458 285 377 292 29 12 115 0 0 0 d211
475 446 476 490 460 465 381 300 309 326 260 324 406 363 382 443 398 383 1 30 0 0 16 11 61 142 133 129 182 118 70 113 94 47 78 93 s342
242 275 277 300 300 301 228 216 239 239 268 243 249 262 269 257 212 244 58 40 38 0 0 14 92 120 97 81 52 93 51 53 46 43 88 71 a133
1216 1326 1264 1286 1326 1300 987 1126 1036 1040 1061 1111 1176 1322 1300 1300 1326 1300 84 0 36 14 0 0 313 200 264 260 265 189 124 4 0 0 0 0 f250
863 861 668 812 856 888 705 749 645 685 698 777 700 712 696 695 621 706 1 27 220 52 8 0 123 102 206 143 130 74 164 176 192 169 243 182 o429
797 647 658 798 691 777 708 572 631 686 581 736 617 629 570 632 619 610 1 130 119 0 107 0 90 205 146 112 217 41 181 148 207 166 179 167 s109
530 527 489 500 500 500 552 538 486 508 447 453 588 609 609 588 543 609 58 82 120 88 88 109 36 71 123 80 141 156 0 0 0 0 45 0 m347
1139 1214 1250 1275 1115 1213 1086 803 986 994 968 879 1185 1038 1074 1107 1049 1036 111 36 0 0 135 37 214 497 314 332 332 421 65 212 176 168 201 214 n370
398 414 414 385 410 414 302 224 284 223 228 240 323 411 414 391 414 414 16 0 0 6 4 0 112 190 130 168 186 174 91 3 0 0 0 0 j119
176 196 175 146 165 159 125 99 135 104 88 164 180 181 204 192 192 204 16 8 29 46 27 45 51 88 52 72 88 23 12 23 0 0 0 0 jd240
356 357 374 357 351 357 313 265 322 275 320 294 311 266 309 245 267 241 1 0 0 0 6 0 44 92 52 82 37 63 46 91 65 112 90 116 md93
724 754 725 725 589 716 526 590 493 524 510 576 725 706 633 725 754 725 1 0 0 0 165 9 224 190 257 226 270 174 0 48 92 0 0 0 ad226
383 399 418 394 326 396 266 251 292 301 234 256 299 399 418 399 399 399 16 0 0 5 73 3 112 127 104 77 144 122 100 0 0 0 0 0 jd173
268 278 268 272 269 265 228 248 233 240 250 240 231 236 221 225 247 261 4 11 21 0 3 24 44 41 56 32 22 49 41 53 68 47 25 28 a107
341 310 321 350 332 268 335 185 149 261 259 225 274 340 331 356 342 342 1 32 21 11 10 74 7 157 193 100 83 117 68 2 11 5 0 0 a174
776 879 887 946 919 946 883 876 661 854 739 841 878 867 678 752 763 774 170 67 37 0 27 0 106 113 305 135 250 148 68 79 246 194 183 172 o463
544 630 681 680 681 684 499 593 571 589 613 628 629 632 632 631 640 592 140 54 3 4 3 0 221 127 149 131 107 92 55 52 52 53 44 92 ad117
659 660 660 660 605 660 600 525 581 643 513 530 585 541 587 541 564 555 1 0 0 0 55 0 60 135 79 17 147 130 75 119 73 119 96 105 n403
768 780 702 772 823 825 671 699 662 661 629 676 825 825 825 825 821 825 57 45 123 53 2 0 129 101 138 139 171 124 0 0 0 0 4 0 o227
671 785 792 768 762 792 552 489 556 481 549 597 691 792 792 762 747 784 97 7 0 0 6 0 216 303 236 287 219 195 77 0 0 6 21 8 f327
805 856 880 1009 970 945 905 1033 815 919 968 928 1064 984 998 1064 1064 1064 259 208 184 55 94 119 159 31 249 145 96 136 0 80 66 0 0 0 md442
380 403 366 351 406 320 277 236 346 298 347 290 366 355 344 338 396 343 12 3 26 41 0 72 87 141 18 66 30 74 26 51 48 54 10 49 md334
688 689 689 689 657 689 534 472 510 610 480 474 603 585 594 535 570 585 1 0 0 0 32 0 102 164 126 26 156 162 86 104 95 154 119 104 n447
683 684 684 684 614 684 620 594 539 598 473 520 606 513 580 535 537 561 1 0 0 0 70 0 64 90 145 86 211 164 78 171 104 149 147 123 n271
837 714 784 844 764 806 714 662 691 774 666 722 880 803 850 880 858 880 43 144 96 36 94 74 166 196 189 106 192 158 0 55 30 0 0 0 d23
584 600 620 605 596 620 454 408 425 412 465 411 568 590 620 620 593 611 36 0 0 15 4 0 197 222 226 239 165 240 52 10 0 0 7 9 f336
766 786 840 740 614 718 579 586 493 573 553 734 812 635 840 812 812 812 46 26 0 72 198 94 204 197 317 210 230 49 0 177 0 0 0 0 ad109
495 599 600 575 589 600 402 462 476 424 414 522 568 547 480 542 582 543 105 1 0 0 11 0 198 138 124 151 186 78 32 53 120 33 18 57 ad265
636 612 609 701 650 546 565 527 489 515 514 513 714 663 623 714 691 693 78 81 84 13 64 147 183 199 237 233 234 213 0 30 70 0 23 0 d372
317 314 295 300 257 316 224 210 178 185 188 208 330 315 285 330 315 330 13 1 35 30 58 14 84 84 130 123 106 100 0 0 45 0 0 0 ad159
580 612 612 595 577 612 505 455 538 514 496 528 506 510 516 539 502 522 32 0 0 0 35 0 107 157 74 81 116 84 106 102 96 56 110 90 d107
484 510 510 493 469 510 332 327 290 317 375 388 481 475 442 481 465 429 26 0 0 0 41 0 178 183 220 176 135 122 29 35 68 12 45 81 d468
496 498 428 475 472 392 391 452 345 347 431 358 467 424 421 418 395 392 4 2 72 0 28 108 109 48 155 128 69 142 33 76 79 57 105 108 a270
653 725 719 711 734 725 520 591 544 556 590 590 666 725 725 750 750 725 97 0 6 39 16 0 230 134 181 194 160 135 84 0 0 0 0 0 f324
575 594 444 478 594 576 429 438 303 333 297 416 414 451 431 452 455 437 1 0 132 98 0 0 115 123 241 211 264 128 162 143 145 124 139 139 o192
215 225 216 192 219 181 196 130 162 121 173 112 177 210 195 183 181 198 1 0 0 24 6 35 20 95 54 95 52 104 39 15 21 33 44 18 md83
533 546 537 445 480 546 475 400 422 428 405 439 515 452 546 531 532 541 13 0 9 101 66 0 92 167 145 139 162 128 31 94 0 15 14 5 jt152
645 646 646 646 595 646 572 525 533 499 384 513 496 458 565 533 509 533 1 0 0 0 51 0 36 83 75 109 224 95 150 188 81 113 137 113 n135
356 357 320 357 350 327 307 289 281 273 331 267 292 286 276 292 277 286 1 0 54 0 7 30 50 68 93 84 26 90 65 71 98 65 80 71 a130
1050 1112 1093 1043 1045 1094 1029 899 890 1035 963 1001 1088 1173 1184 1216 1216 1184 166 72 91 173 171 90 225 322 331 219 291 220 128 11 0 0 0 0 n97
303 296 304 304 300 240 282 236 272 266 301 220 238 180 224 259 216 233 1 8 0 0 4 64 41 87 51 57 22 103 66 124 80 45 88 71 a456
294 255 273 291 269 295 313 288 233 306 284 275 364 350 350 364 331 350 70 95 77 73 95 55 77 87 142 84 106 100 0 0 0 0 33 0 m439
712 620 609 713 693 713 595 524 505 622 605 551 603 610 612 546 571 529 1 93 127 0 20 0 87 158 199 60 77 131 110 103 124 167 142 184 md7
419 406 420 409 404 420 337 332 372 309 260 284 373 346 361 332 303 359 1 0 0 11 2 0 53 45 18 81 117 106 47 60 59 88 103 61 md409
539 534 516 558 452 540 426 416 336 472 351 385 444 478 419 477 407 532 1 6 24 0 88 0 84 94 174 55 159 125 96 62 121 81 133 8 n230
551 529 529 552 509 529 451 377 409 423 448 405 463 464 455 442 424 450 1 0 0 0 43 0 77 129 97 105 80 101 89 65 74 110 128 79 md291
1053 1020 1054 1044 1020 1054 1023 912 1012 1021 906 1023 955 799 908 925 780 832 1 0 0 10 0 0 0 78 11 2 84 0 99 221 146 129 240 222 s450
793 716 850 781 750 850 850 739 668 639 602 688 777 638 618 655 590 697 57 134 0 94 100 0 0 111 182 236 248 162 73 212 232 220 260 153 jt370
391 420 326 399 399 293 322 314 178 302 333 285 346 338 322 349 343 330 8 0 73 0 21 106 77 106 221 97 87 114 53 82 77 50 77 69 a154
555 623 623 636 595 595 414 427 388 419 407 440 612 667 672 672 672 667 117 49 49 36 77 77 226 213 252 221 233 200 60 5 0 0 0 5 f281
459 460 370 373 460 460 306 331 286 289 307 327 428 402 406 447 458 435 1 0 90 87 0 0 131 106 151 148 130 110 32 58 54 13 2 25 jt100
943 986 952 736 920 952 791 856 840 664 801 760 763 979 952 952 986 952 9 0 0 216 66 0 161 130 112 288 185 192 189 7 0 0 0 0 jt483
415 416 352 414 377 416 355 343 288 339 288 308 310 275 300 298 289 314 1 0 64 18 39 0 35 47 102 66 102 82 106 141 116 134 127 102 o219
367 399 399 270 295 399 229 216 244 143 246 282 290 399 399 378 378 378 11 0 0 108 83 0 131 164 136 217 114 98 88 0 0 0 0 21 jt427
1209 1288 1318 1305 1236 1305 1119 922 997 974 914 911 1305 1184 1334 1305 1294 1260 96 17 16 0 69 0 186 383 337 331 391 394 0 121 0 0 11 45 n400
611 594 594 573 610 594 516 511 524 600 515 573 505 438 423 434 418 461 1 0 0 39 2 0 96 83 70 12 97 21 107 156 171 178 194 133 n432
291 285 237 300 283 238 233 171 217 226 268 239 248 210 216 255 222 235 9 0 48 0 17 47 67 114 68 74 32 46 52 75 69 45 78 50 a328
490 566 537 504 571 532 454 421 422 414 385 448 409 575 600 575 575 575 85 9 63 71 4 43 121 154 178 161 190 127 166 0 0 0 0 0 jt118
362 346 374 349 374 374 333 273 302 247 274 277 302 299 303 309 284 328 12 28 0 25 0 0 19 79 50 105 78 75 72 75 71 65 90 46 jd161
1045 1016 1028 1009 1093 1024 955 986 980 950 988 970 925 1110 1080 1080 1110 1080 35 94 52 71 17 56 125 124 100 130 122 110 155 0 0 0 0 0 j184
379 310 380 380 380 380 374 269 251 249 356 328 338 333 290 313 365 305 1 70 0 0 0 0 26 131 149 151 44 72 42 47 90 67 15 75 a155
431 382 428 415 417 432 409 326 369 405 301 423 346 308 323 312 337 312 1 50 4 17 15 0 47 130 87 51 155 33 86 124 109 120 95 120 s380
881 990 1058 1035 986 1035 912 711 778 701 666 713 956 985 961 1005 1026 993 154 45 0 0 49 0 78 279 234 289 324 277 79 50 97 30 9 42 d29
985 1036 1008 923 979 1036 793 781 687 789 628 753 946 820 949 1036 1033 972 51 0 0 113 57 0 280 292 357 284 445 320 90 216 59 0 3 64 d339
415 414 387 360 413 416 302 321 270 318 271 363 330 371 362 328 331 336 1 2 29 40 3 0 114 95 146 82 145 53 86 45 54 72 85 80 o158
194 182 188 181 178 195 135 106 85 76 97 113 167 166 168 146 161 159 1 0 7 14 4 0 45 62 95 104 71 67 28 16 27 49 21 36 md380
1060 1120 1120 1024 1007 1120 918 999 896 906 921 912 918 1104 1120 1160 1120 1120 60 0 0 136 113 0 174 93 196 225 171 180 202 16 0 0 0 0 jt116
260 244 272 272 225 272 200 145 197 181 137 199 224 199 262 243 208 168 12 11 0 0 30 0 56 95 59 75 103 57 48 56 10 29 47 104 jd405
488 518 481 468 504 480 304 400 362 365 295 366 430 451 435 420 451 454 16 0 37 36 0 38 164 81 119 103 173 115 74 67 83 84 53 64 o328
313 307 332 293 273 299 254 194 162 246 234 230 352 305 348 352 352 368 39 61 36 59 79 69 76 151 183 84 96 115 0 63 20 0 0 0 ad238
697 848 902 902 871 902 738 678 682 751 722 642 888 924 779 900 924 869 205 76 0 0 53 0 205 288 261 192 244 301 14 0 123 2 0 33 d133
336 283 323 342 316 323 303 197 211 253 170 231 278 280 318 336 325 291 6 40 0 0 26 0 21 109 95 71 154 75 64 43 5 6 17 32 jd289
335 288 357 374 374 322 270 231 190 295 252 204 363 357 343 371 323 353 39 69 0 0 0 35 82 105 146 57 100 132 11 0 14 3 51 4 m49
952 1008 988 976 981 948 741 771 875 826 893 882 880 1053 1058 1081 1058 1058 106 50 70 105 77 110 271 241 137 208 119 130 178 5 0 0 0 0 j250
284 325 299 325 270 335 270 259 224 265 208 251 315 329 327 291 294 312 67 26 39 26 81 16 81 92 114 86 143 100 36 22 11 60 57 39 o283
850 876 897 870 902 852 773 828 855 772 856 848 766 945 952 952 952 952 102 76 55 82 50 100 213 158 131 214 130 138 186 7 0 0 0 0 j452
391 378 392 392 319 392 326 280 307 300 192 311 313 280 292 301 275 321 1 0 0 0 59 0 94 125 113 120 213 109 79 98 100 91 103 71 n242
284 276 274 142 254 285 258 149 220 136 181 245 221 242 285 285 285 285 1 9 11 143 31 0 42 151 80 164 119 55 64 43 0 0 0 0 jt499
889 837 803 864 896 864 773 732 742 691 772 684 867 818 779 835 807 812 7 27 61 32 0 0 95 105 95 177 96 153 29 46 85 61 89 52 m200
1025 986 999 906 1026 999 1015 826 999 865 1022 999 785 737 765 779 760 779 1 13 0 120 0 0 11 173 0 161 4 0 241 262 234 247 266 220 s153
431 455 455 442 412 455 297 222 276 302 298 285 413 326 357 388 338 398 11 0 0 0 30 0 111 198 144 106 110 135 29 129 98 54 104 57 n201
525 561 626 651 576 630 515 425 388 399 366 493 628 557 572 587 614 549 105 69 4 0 54 0 85 175 212 221 234 107 2 73 58 64 16 81 ad178
558 573 563 560 537 586 313 390 351 341 333 391 549 594 616 616 594 614 58 21 53 56 57 30 303 204 265 275 261 225 67 0 0 0 0 2 f269
573 677 643 634 621 644 557 500 531 481 513 514 647 682 704 682 678 682 109 5 61 48 61 38 156 213 205 232 200 199 35 0 0 0 4 0 f272
922 1016 1100 1040 931 981 799 765 819 761 813 701 1013 1016 918 944 1016 1014 153 59 0 35 144 94 233 267 237 271 219 331 62 59 182 131 59 61 d319
711 714 723 764 835 828 718 648 642 580 506 650 766 846 817 828 749 712 117 132 105 64 11 0 64 151 140 202 293 132 62 0 11 0 97 116 d290
813 888 905 918 945 918 803 853 783 750 860 867 775 681 735 666 686 684 105 57 13 0 0 0 115 92 135 168 85 51 143 264 183 252 259 234 o386
2155 2055 2238 2294 2331 2294 1669 1994 2109 2163 2056 2200 2160 2073 1961 2106 2161 2057 139 276 56 0 0 0 563 274 123 69 212 32 134 258 333 188 170 237 d27
403 462 427 353 462 456 362 362 347 305 379 359 364 433 462 441 462 462 59 0 35 88 0 6 122 122 137 157 105 125 98 29 0 0 0 0 jt229
585 445 582 609 609 609 577 401 450 484 439 499 562 580 507 569 528 566 24 164 6 0 0 0 61 237 166 154 199 139 47 29 81 40 81 43 m452
338 326 297 288 306 272 291 326 300 317 276 298 344 360 348 348 343 348 10 34 51 60 54 76 86 64 77 60 114 79 4 0 0 0 17 0 m205
115 118 144 144 156 144 95 73 113 138 153 127 127 144 104 125 118 116 29 38 0 0 0 0 61 96 43 18 16 29 17 12 40 19 38 28 md68
561 522 541 578 539 566 447 462 428 504 443 453 600 600 600 600 549 600 39 78 59 22 61 34 123 108 142 66 127 117 0 0 0 0 51 0 m399
433 356 434 384 420 434 343 313 331 291 336 260 354 296 343 344 344 349 1 64 0 50 0 0 122 137 134 174 114 205 80 124 91 90 76 85 s272
232 223 255 238 238 184 173 154 213 208 219 168 200 141 181 165 184 206 6 32 0 0 0 71 51 86 27 16 5 72 38 114 74 73 54 49 a380
520 509 532 503 555 532 405 373 415 340 438 404 423 516 532 532 560 532 12 51 0 29 5 0 108 167 98 173 102 109 109 44 0 0 0 0 jd378
579 580 505 595 562 612 427 481 446 467 432 457 526 494 505 514 524 461 33 32 107 0 50 0 149 95 130 93 144 119 86 118 107 81 88 151 s133
1483 1456 1484 1414 1297 1484 1478 1163 1409 1301 1095 1275 1270 1218 1187 1219 1305 1295 1 0 0 70 159 0 59 345 128 236 413 262 214 238 297 265 151 189 n331
1391 1321 1392 1325 1290 1320 1116 991 1051 1063 974 1041 1351 1294 1392 1363 1392 1392 1 71 0 38 102 72 228 353 293 253 370 303 41 98 0 0 0 0 jd352
223 262 267 269 246 275 224 221 188 207 172 179 245 222 260 259 269 225 52 13 8 6 29 0 51 54 87 68 103 96 30 53 15 16 6 50 jd13
347 336 267 338 336 348 195 273 247 288 257 273 312 308 289 270 282 293 1 0 81 10 0 0 182 91 130 89 107 104 36 28 59 78 54 55 o302
738 741 728 746 748 747 518 555 573 519 594 532 597 754 728 754 754 754 16 13 0 8 6 7 265 228 183 264 189 251 157 0 0 0 0 0 j282
689 720 670 612 676 651 645 538 595 604 598 640 628 638 720 720 720 720 31 0 50 108 44 69 99 206 149 140 146 104 92 82 0 0 0 0 jt98
412 450 399 385 450 425 316 338 314 315 356 348 324 450 425 425 450 425 13 0 26 40 0 0 126 130 128 127 112 94 101 0 0 0 0 0 jt50
285 299 286 271 299 284 251 224 216 233 239 148 262 243 264 256 267 255 1 0 0 15 0 2 35 75 70 53 60 138 24 56 22 30 32 31 md450
268 307 312 312 312 312 223 246 209 184 212 245 289 229 257 268 251 253 44 5 0 0 0 0 89 66 103 128 100 67 23 83 55 44 61 59 f225
243 238 242 255 246 229 169 217 194 218 225 203 231 188 241 195 188 213 12 17 28 0 9 26 86 38 76 37 30 52 24 67 29 60 67 42 a223
551 575 552 552 444 552 417 404 329 325 403 436 552 575 462 552 575 552 1 0 0 0 131 0 111 146 199 203 147 92 0 0 90 0 0 0 ad474
413 454 386 352 413 418 308 322 411 323 277 340 331 462 462 483 462 462 49 8 76 131 49 44 176 162 73 183 207 144 131 0 0 0 0 0 jd495
395 333 385 396 393 414 315 268 242 225 193 269 396 414 414 396 350 414 1 81 29 0 3 0 59 123 149 149 181 122 0 0 0 0 46 0 m366
275 269 268 315 294 264 246 247 171 218 277 204 237 231 226 276 258 235 25 31 32 0 6 36 54 53 129 97 23 96 63 69 74 39 42 65 a128
639 555 628 640 610 640 513 385 451 456 395 469 492 462 504 511 435 452 1 85 12 0 30 0 95 223 157 152 213 139 148 178 136 129 205 188 s154
607 514 597 623 602 608 509 428 517 564 431 422 505 410 443 433 458 442 1 94 11 4 6 0 67 148 59 30 145 154 103 198 165 194 150 166 s482
485 528 504 504 471 504 370 357 387 384 322 380 391 528 504 504 528 504 19 0 0 0 57 0 113 149 96 99 184 103 113 0 0 0 0 0 jd327
575 561 546 473 480 578 436 464 413 462 439 465 482 497 567 551 556 569 3 17 32 122 98 0 176 148 199 168 173 147 96 81 11 44 22 9 n290
458 576 576 568 576 576 407 431 469 407 427 450 467 576 576 576 576 576 118 0 0 8 0 0 169 145 107 169 149 126 109 0 0 0 0 0 j207
300 326 309 329 316 300 303 301 220 275 220 257 375 375 390 375 345 375 75 49 81 46 59 75 72 74 170 100 155 118 0 0 0 0 30 0 m112
485 504 415 409 504 486 307 368 276 288 264 281 374 364 354 349 438 381 1 0 71 77 0 0 152 108 183 171 212 178 112 140 132 137 66 105 o269
399 500 529 506 506 529 392 344 358 340 376 351 506 529 529 494 411 521 107 29 0 0 0 0 92 162 148 144 108 155 0 0 0 12 95 8 m421
655 780 780 765 780 780 514 558 538 550 560 661 645 780 780 780 780 780 125 0 0 15 0 0 296 252 272 260 250 149 135 0 0 0 0 0 f322
562 602 564 576 584 585 443 442 487 493 449 535 520 648 648 675 648 648 86 46 84 99 64 63 181 182 137 157 175 89 128 0 0 0 0 0 jt101
930 1147 1178 1178 1147 1178 1086 1064 997 1162 1020 1105 1177 1147 984 1072 926 986 248 0 0 0 0 0 92 83 181 16 127 73 1 0 194 106 221 192 ad311
424 401 422 317 308 425 382 223 320 294 260 312 355 381 425 425 425 425 1 24 3 108 117 0 26 185 88 114 148 96 70 44 0 0 0 0 jt254
638 672 599 553 672 672 538 474 526 487 477 596 575 672 672 672 672 672 34 0 73 119 0 0 162 226 174 213 223 104 97 0 0 0 0 0 jt212
945 1070 1120 1092 1067 1092 909 923 912 855 875 930 923 816 781 887 863 846 147 22 0 0 25 0 222 208 248 276 256 201 169 276 339 205 229 246 n295
778 899 899 887 752 895 761 723 698 656 691 735 899 899 792 864 899 899 121 0 0 12 147 4 138 176 201 243 208 164 0 0 107 35 0 0 ad203
1738 1904 1904 1739 1904 1898 1418 1420 1511 1352 1516 1484 1564 1568 1710 1623 1605 1632 166 0 0 165 0 6 418 416 325 484 320 352 340 336 194 281 299 272 n267
702 799 837 831 806 812 602 590 623 689 610 815 691 806 837 837 806 837 135 7 0 6 0 25 262 242 241 175 222 49 146 0 0 0 0 0 j108
240 243 239 220 245 251 195 179 168 180 179 205 300 285 300 270 283 300 60 42 61 80 40 49 85 87 112 100 87 75 0 0 0 30 2 0 m1
454 423 428 418 398 403 503 480 448 520 498 487 544 544 544 544 508 544 90 121 116 126 146 141 41 64 96 24 46 57 0 0 0 0 36 0 m113
909 910 910 871 703 910 725 793 852 729 753 786 902 717 776 835 845 892 1 0 0 4 207 0 211 143 84 171 183 150 8 193 134 40 65 18 ad358
339 357 340 340 342 340 282 317 248 276 272 245 272 253 228 254 276 284 1 0 0 0 15 0 38 19 72 44 64 75 68 104 112 86 81 56 md210
435 412 363 343 418 412 351 249 285 280 288 321 403 400 462 441 441 441 6 29 99 98 23 29 90 192 177 161 153 120 38 41 0 0 0 0 jt196
747 704 748 679 748 748 677 489 622 556 623 677 637 563 615 579 634 550 1 44 0 69 0 0 71 259 126 192 125 71 111 185 133 169 114 198 s363
389 502 510 464 527 477 399 299 269 312 314 371 510 523 408 507 527 510 121 25 0 46 0 33 111 228 241 198 213 139 0 4 102 3 0 0 d366
351 364 364 345 341 336 250 290 259 225 252 237 331 269 313 268 331 308 13 0 0 6 23 28 114 74 105 126 112 127 33 95 51 83 33 56 md411
1299 1209 1298 1268 1205 1300 1176 1064 1188 1175 1060 1194 1059 1108 990 1042 998 1013 1 91 2 57 95 0 72 184 60 97 188 54 241 192 310 283 302 287 s479
595 752 770 770 770 770 673 676 642 648 648 640 703 590 578 573 571 584 175 18 0 0 0 0 97 94 128 122 122 130 67 180 192 197 199 186 f338
577 578 578 578 514 578 485 417 452 523 429 470 519 465 441 447 462 461 1 0 0 0 64 0 93 161 126 55 149 108 59 113 137 131 116 117 n130
423 384 403 419 373 435 329 293 284 299 365 296 408 324 344 355 431 391 12 51 17 16 62 0 77 113 108 107 41 110 27 111 76 80 4 44 ad13
627 648 676 650 650 650 485 437 534 477 509 462 530 613 671 610 612 615 23 2 0 0 0 0 190 238 168 198 166 213 120 37 5 40 38 35 j264
517 502 477 499 510 527 452 431 407 421 429 484 422 423 479 442 413 445 10 8 50 28 0 0 75 79 120 106 81 43 105 87 48 85 97 82 o420
1754 1755 1597 1755 1674 1755 1617 1751 1564 1727 1544 1755 1416 1615 1625 1586 1545 1564 1 0 119 0 81 0 138 4 152 28 211 0 339 140 91 169 210 191 o94
270 288 300 317 312 286 295 282 254 278 232 285 368 368 384 368 329 368 98 80 84 51 56 82 50 63 106 67 113 60 0 0 0 0 39 0 m432
877 911 935 892 777 868 790 776 606 668 632 814 936 972 763 936 972 936 59 61 1 44 195 68 146 196 330 268 340 122 0 0 173 0 0 0 ad270
721 643 692 688 722 722 555 477 580 579 649 619 560 583 574 497 606 576 1 79 30 15 0 0 167 245 142 124 73 103 162 139 148 206 116 146 s149
391 406 357 363 406 392 290 374 246 248 348 369 305 315 336 282 307 338 1 0 35 29 0 0 130 61 174 172 87 51 87 91 56 110 99 54 o174
380 390 401 364 361 350 403 328 326 307 328 358 342 389 414 414 396 414 34 6 13 50 35 64 34 90 111 130 90 79 72 7 0 0 0 0 jd307
1961 2105 1940 1940 2070 2115 1524 1778 1647 1684 1748 1745 2066 2115 2097 2070 2070 2115 109 10 175 130 0 0 500 290 421 340 276 323 4 0 18 0 0 0 o408
315 354 377 396 396 418 321 333 370 356 375 350 350 371 312 283 299 348 81 64 41 0 0 0 93 104 67 58 39 87 46 47 106 113 97 70 md382
519 580 557 544 574 546 364 363 397 380 414 404 497 551 508 544 554 565 61 0 3 36 6 34 187 188 135 171 137 147 83 29 52 36 26 15 j345
360 338 351 324 318 312 368 300 263 282 274 272 432 391 423 432 415 432 72 94 97 108 114 120 37 105 157 123 131 133 0 41 25 0 17 0 m337
433 418 418 440 330 415 312 336 329 355 325 341 340 418 418 440 440 418 7 0 0 0 110 3 148 101 108 105 135 96 100 0 0 0 0 0 jd254
815 898 972 972 917 972 823 747 761 751 649 714 936 709 774 807 680 796 157 47 0 0 28 0 113 163 175 185 261 222 36 236 198 165 265 176 n382
302 325 325 338 335 249 173 281 198 203 265 198 299 230 237 264 249 296 36 0 0 0 3 76 139 19 102 109 47 102 39 95 88 74 89 29 md419
793 855 902 881 935 864 645 778 698 693 676 782 990 844 966 990 990 990 197 135 88 109 55 126 300 167 247 252 269 163 0 146 24 0 0 0 d175
765 809 813 760 770 786 523 504 546 499 510 681 819 708 819 817 840 819 54 31 6 59 70 33 257 296 234 281 290 99 0 132 0 2 0 0 d281
323 258 274 320 253 306 308 162 167 240 179 306 281 264 263 285 283 268 1 48 32 4 71 0 16 144 139 84 145 0 43 42 43 39 41 38 a206
338 302 328 342 358 260 284 279 267 286 342 240 292 278 271 309 297 268 4 58 14 0 2 82 77 101 94 75 38 121 50 82 71 33 63 74 a127
657 720 725 692 700 725 538 469 589 483 582 500 630 718 725 700 700 725 43 5 0 8 0 0 162 256 136 217 118 225 70 7 0 0 0 0 j440
298 250 304 243 282 302 215 190 228 221 207 224 261 255 304 304 288 304 6 38 0 61 6 2 89 98 76 83 81 80 43 33 0 0 0 0 jd77
766 860 860 800 840 860 630 717 684 618 702 775 644 630 749 740 687 735 74 0 0 40 0 0 168 100 133 180 96 42 196 230 111 100 153 125 d167
336 390 377 377 390 377 255 277 286 274 292 337 331 308 276 270 317 295 41 0 0 0 0 0 151 143 120 132 128 69 46 82 101 107 73 82 n215
1054 1188 1177 1137 1106 1158 909 927 928 857 897 881 1104 1188 1188 1155 1188 1188 134 0 11 18 82 30 279 261 260 298 291 307 84 0 0 0 0 0 f162
1711 1960 1920 1920 1946 1920 1410 1486 1431 1447 1546 1500 1753 1960 1920 1920 1960 1920 209 0 0 0 14 0 462 425 441 425 365 372 167 0 0 0 0 0 f170
531 532 532 551 482 511 401 376 400 425 361 361 441 490 424 400 378 443 1 0 0 0 50 21 131 156 132 126 171 171 91 42 108 151 154 89 md392
2020 1869 2066 2128 1879 2002 2007 1817 1494 1789 1748 1898 2193 2193 1948 2193 2174 2193 173 324 76 65 314 191 143 333 606 361 402 252 0 0 194 0 19 0 ad267
681 682 650 682 569 682 646 592 548 562 549 682 583 560 564 565 553 651 1 0 54 0 113 0 36 90 156 120 133 0 99 122 140 117 129 31 a332
715 731 749 737 663 757 616 488 551 626 526 584 733 782 782 759 782 782 67 51 33 22 119 25 132 260 197 100 222 164 49 0 0 0 0 0 n485
459 487 478 448 455 394 487 444 413 457 445 436 504 504 504 504 466 504 45 17 26 56 49 110 53 96 127 83 95 104 0 0 0 0 38 0 m66
747 765 765 748 674 765 630 564 621 664 472 647 668 600 654 708 643 598 1 0 0 0 74 0 118 201 144 84 276 118 80 165 111 40 105 167 n374
1810 1884 2055 2086 1913 2095 2026 1804 1774 1824 1768 1912 2146 1969 2146 2146 2109 2146 336 225 91 60 196 51 62 248 314 264 284 176 0 140 0 0 0 0 n224
618 660 720 740 718 720 751 622 609 613 543 639 713 537 497 481 517 489 102 60 0 0 2 0 5 134 147 164 213 117 7 183 223 259 203 231 d473
1343 1227 1332 1344 1312 1344 1183 1105 1281 1191 1252 1277 969 1136 1018 1055 1038 1010 1 85 12 0 0 0 119 166 21 111 19 25 375 176 326 289 274 334 s126
571 575 644 581 667 644 570 527 540 467 498 546 520 488 478 452 571 532 73 92 0 63 0 0 102 169 132 205 198 126 124 179 166 192 96 112 s292
702 669 763 728 753 777 635 597 617 599 602 663 612 653 612 646 640 623 75 129 14 49 45 0 105 163 123 141 158 77 165 145 165 131 158 154 s487
359 375 375 346 351 375 254 221 279 286 169 322 325 334 281 279 293 372 1 0 0 14 9 0 82 129 71 50 167 28 35 41 94 81 67 3 md76
874 808 770 873 858 875 776 736 739 825 714 842 734 705 735 788 683 720 1 92 105 2 42 0 99 164 136 50 186 33 141 195 140 87 217 155 s28
1106 1022 1091 1128 1086 1128 944 917 875 1063 799 864 994 867 857 837 833 790 22 82 37 0 18 0 137 141 206 18 259 217 134 237 271 291 271 338 s386
1004 1122 1100 1100 1122 1100 980 980 860 1023 1047 1043 928 902 937 900 1010 935 96 0 0 0 0 0 120 142 240 77 75 57 172 220 163 200 112 165 f62
299 223 277 272 290 269 266 154 154 237 232 215 242 296 300 300 320 300 1 97 23 28 30 31 34 166 146 63 88 85 58 24 0 0 0 0 jt289
352 323 364 378 347 364 284 270 270 302 243 274 291 306 270 336 269 263 12 41 0 0 17 0 106 120 120 103 147 116 73 58 94 42 95 101 n318
461 444 387 411 460 437 290 343 326 282 321 307 359 375 399 404 408 401 3 20 77 53 4 27 174 121 138 182 143 157 105 89 65 60 56 63 o281
1910 2304 2268 2036 2301 2272 1675 1558 1728 1655 1616 1886 2173 1992 2270 2270 2304 2270 362 0 4 236 3 0 597 746 544 617 688 386 99 312 2 2 0 2 d284
789 660 764 814 770 825 691 601 637 684 600 697 686 678 726 684 701 632 36 165 86 11 55 0 101 191 179 108 192 95 139 147 124 141 124 193 s393
733 910 869 884 859 749 696 851 783 884 803 756 729 832 739 704 802 739 151 0 41 0 25 161 188 59 127 0 81 154 155 78 171 180 82 171 a430
571 550 572 568 440 541 501 430 377 447 475 529 507 526 416 523 435 394 1 0 0 4 110 31 97 145 221 151 100 69 65 24 156 49 115 178 ad363
411 444 500 502 485 443 364 381 391 354 372 380 465 528 544 511 524 528 117 84 44 26 43 85 197 180 187 207 189 181 63 0 0 17 4 0 j359
527 681 684 656 684 680 612 480 503 459 493 479 572 599 625 552 583 580 157 3 0 10 0 4 34 166 143 170 153 167 112 85 59 114 101 104 j346
1231 1105 1204 1184 1232 1204 1086 1013 1178 1077 1115 1154 946 948 1034 999 1042 993 1 99 0 48 0 0 190 234 69 199 161 93 286 256 170 233 190 211 o170
121 133 153 135 154 154 98 76 109 72 99 94 142 154 133 138 133 127 33 21 1 19 0 0 42 64 31 68 41 46 12 0 21 16 21 27 md360
799 864 806 828 864 846 593 765 631 648 691 695 610 694 746 679 659 670 47 0 40 18 0 0 206 51 168 151 125 104 236 170 100 167 205 176 o104
228 224 249 237 235 214 184 101 156 131 187 141 238 225 227 191 195 202 25 29 15 16 18 39 46 129 84 99 43 89 15 28 37 62 58 51 md457
323 304 348 190 326 303 328 261 316 285 334 351 299 307 357 357 357 357 34 53 9 167 31 54 46 113 58 89 40 23 58 50 0 0 0 0 jt257
647 648 586 624 648 648 569 619 476 547 574 621 434 506 501 482 424 513 1 0 62 24 0 0 52 2 145 74 47 0 214 142 147 166 224 135 o432
709 702 702 609 684 702 573 561 424 552 561 568 728 609 632 728 728 702 19 0 0 119 44 0 155 141 278 176 167 134 0 93 70 0 0 0 ad433
490 564 566 563 568 519 341 359 345 340 372 402 484 551 540 550 541 528 80 6 4 7 2 51 229 211 225 230 198 168 86 19 30 20 29 42 f482
715 663 610 673 683 678 588 569 603 670 524 604 760 747 760 780 760 760 45 97 150 107 77 82 172 191 157 110 236 156 0 13 0 0 0 0 s258
359 333 384 400 400 400 368 277 303 329 310 339 339 291 332 337 351 337 41 67 0 0 0 0 7 98 57 46 65 36 61 109 52 63 49 63 j420
1108 1106 1175 1175 1024 1073 995 875 794 947 858 876 1175 1200 1032 1175 1200 1175 67 94 0 0 176 102 227 373 428 275 390 346 0 0 143 0 0 0 d333
449 503 464 510 477 489 431 442 469 411 500 458 454 576 560 560 576 560 111 73 96 50 99 71 94 98 56 114 40 67 106 0 0 0 0 0 j467
687 720 756 756 666 756 437 489 441 552 396 498 756 668 704 756 735 748 69 15 0 0 69 0 283 211 279 168 304 222 0 67 52 0 0 8 d391
770 733 772 806 763 762 636 622 644 667 645 611 627 780 780 806 780 780 10 47 8 0 17 18 174 188 166 170 165 199 153 0 0 0 0 0 j441
1363 1202 1310 1364 1364 1364 1079 1058 1120 1094 1051 1156 1346 1341 1293 1312 1116 1296 1 162 98 0 0 0 254 275 256 239 282 177 18 23 115 52 248 68 m459
451 455 460 310 381 460 390 280 330 300 269 328 460 349 460 460 483 460 9 28 0 150 102 0 90 224 150 180 235 152 0 134 0 0 0 0 jt181
259 270 263 285 277 246 200 199 196 271 300 225 218 261 244 228 237 253 26 30 22 0 23 39 85 101 89 14 0 60 67 39 41 57 63 32 a310
430 475 430 335 443 475 308 330 322 283 277 340 388 393 446 475 474 467 45 0 20 140 32 0 148 126 110 173 179 116 87 82 4 0 1 8 jt387
496 540 589 570 567 578 372 393 387 339 398 397 457 568 589 570 570 589 74 49 0 0 3 11 168 165 171 201 142 161 113 21 0 0 0 0 j375
398 424 395 418 410 407 331 291 249 302 259 238 390 416 398 450 396 416 52 11 40 32 40 28 89 115 157 118 161 168 60 19 37 0 54 19 s155
249 250 250 250 244 250 182 174 152 206 221 204 236 238 192 190 190 198 1 0 0 0 6 0 68 76 98 44 29 46 14 12 58 60 60 52 md492
650 651 651 651 651 647 516 607 624 581 613 579 611 486 522 537 506 490 1 0 0 0 0 4 135 44 27 70 38 72 40 165 129 114 145 161 f431
575 527 558 576 570 558 455 361 494 576 424 530 448 406 293 424 437 441 1 31 0 0 6 0 121 197 64 0 152 28 128 152 265 152 139 117 s308
596 585 476 463 565 597 424 401 392 400 388 408 491 576 609 609 588 609 13 3 133 146 23 12 156 159 188 180 172 172 118 12 0 0 0 0 jt105
859 880 698 807 880 860 806 877 717 742 795 757 644 739 704 671 777 781 1 0 162 53 0 0 54 3 143 118 85 103 216 141 156 189 103 79 o493
320 327 315 342 316 315 249 253 230 256 275 288 281 265 216 270 252 271 22 15 27 0 26 27 74 70 93 67 48 35 61 77 126 72 90 71 a351
901 943 920 920 869 920 724 984 926 960 832 960 766 751 692 751 741 717 19 0 0 0 74 0 236 0 34 0 152 0 154 192 228 169 202 203 n311
2672 2893 3066 2980 3024 2959 2874 2312 2459 2515 2397 2619 2976 2858 2904 3066 3024 3061 394 131 0 86 0 107 265 784 680 624 699 520 90 166 162 0 0 5 d267
719 732 662 633 740 740 460 638 505 448 580 487 618 554 514 576 555 671 21 8 78 107 0 0 243 65 198 255 123 216 122 186 226 164 185 69 o279
407 426 404 367 338 390 361 347 284 323 292 399 476 476 411 459 476 476 69 50 72 92 138 86 87 101 164 109 156 49 0 0 65 0 0 0 ad288
247 226 230 231 242 198 223 184 150 179 172 171 286 273 273 286 262 273 39 47 43 55 44 75 63 89 123 107 114 102 0 0 0 0 24 0 m239
869 1145 1152 1099 1176 1176 857 915 880 900 811 974 1176 1046 1152 1171 1131 1109 307 31 0 77 0 0 368 310 320 325 414 251 0 130 0 5 45 67 d367
614 722 713 640 724 697 503 561 607 512 560 513 564 736 713 713 736 713 99 14 0 73 12 16 241 207 137 232 208 231 149 0 0 0 0 0 jd187
407 391 408 408 358 408 372 316 326 307 288 346 285 254 330 356 282 336 1 0 0 0 33 0 36 75 82 101 103 62 123 137 78 52 109 72 ad441
446 385 437 445 441 329 290 225 270 312 358 278 440 430 409 441 427 377 10 52 0 11 15 108 166 212 167 144 98 159 16 7 28 15 29 60 a198
421 489 460 384 504 496 367 337 344 338 359 354 432 504 504 525 504 504 83 15 44 141 0 8 113 143 136 162 121 126 72 0 0 0 0 0 jt145
379 360 295 380 347 320 283 280 249 339 291 300 312 282 262 304 272 296 1 0 85 0 13 60 97 80 131 41 69 80 68 78 118 76 88 84 a338
671 688 678 710 733 698 596 585 652 585 661 596 620 792 768 768 792 768 97 104 90 58 59 70 140 174 84 151 98 140 148 0 0 0 0 0 j91
445 463 481 434 394 448 416 322 348 396 335 427 476 439 493 476 476 493 31 30 12 42 82 45 88 200 174 108 169 95 0 54 0 0 0 0 n383
1007 987 875 959 1008 987 960 908 749 679 869 881 775 736 799 803 777 742 1 0 112 49 0 0 48 79 238 329 139 106 233 251 188 205 231 245 o352
316 341 338 344 364 377 301 282 255 292 249 272 301 302 288 259 305 329 48 36 39 20 0 0 91 124 151 100 143 134 63 75 89 105 59 48 o96
328 374 388 386 387 390 321 329 284 349 307 339 314 285 321 298 272 327 62 16 2 4 3 0 69 61 106 41 83 51 76 105 69 92 118 63 o16
285 286 274 272 214 246 169 182 133 164 171 180 281 284 283 286 253 286 1 0 12 14 72 40 95 82 131 100 93 84 5 2 3 0 33 0 m69
746 714 762 840 816 840 587 644 625 627 632 674 810 799 812 840 709 827 94 102 78 0 0 0 218 138 180 178 150 131 30 17 28 0 107 13 m430
377 378 364 334 361 341 335 334 241 269 314 310 335 325 345 378 358 368 1 0 0 44 17 37 43 44 123 109 64 68 43 53 19 0 20 10 m20
484 504 504 504 478 504 387 478 443 474 424 437 422 384 403 377 384 434 20 0 0 0 26 0 117 26 61 30 80 67 82 120 101 127 120 70 n61
1722 1834 1864 1821 1719 1698 1365 1379 1388 1308 1496 1424 1822 1658 1830 1867 1775 1841 150 38 8 51 153 174 455 441 432 512 324 396 50 214 42 5 97 31 d58
171 179 156 169 174 178 128 109 104 100 132 182 151 182 148 182 176 157 11 3 26 26 8 4 68 87 92 110 64 14 31 0 34 13 6 25 a289
708 741 741 685 738 741 383 530 532 554 633 589 646 583 565 580 556 617 33 0 0 56 3 0 319 172 170 148 69 113 95 158 176 161 185 124 n149
413 362 421 414 371 368 352 313 332 380 343 354 333 288 339 320 313 341 1 52 11 0 43 46 62 101 100 34 71 60 81 126 93 94 101 73 a389
729 840 840 820 840 840 755 685 766 770 759 770 724 629 684 637 726 633 111 0 0 0 0 0 85 155 74 50 81 70 116 211 156 183 114 207 f54
716 685 661 677 679 684 642 593 622 643 638 610 624 683 729 729 729 729 13 44 68 52 50 45 114 163 134 113 118 146 105 46 0 0 0 0 j139
363 354 364 364 356 364 303 252 253 303 271 311 286 293 332 292 318 323 1 23 0 0 21 0 61 125 111 61 106 53 78 84 32 72 59 41 n472
341 342 284 300 342 342 243 278 227 279 303 342 299 236 272 243 213 266 1 0 40 42 0 0 99 64 97 63 39 0 43 106 52 99 129 76 o68
363 375 399 420 403 405 399 277 346 437 314 367 365 314 329 331 341 273 57 30 6 0 17 0 49 155 86 11 134 65 55 91 76 89 79 132 s144
332 318 336 324 296 336 287 219 227 260 240 226 284 292 279 287 289 313 4 18 0 0 40 0 77 145 137 91 124 138 52 44 57 37 47 23 n248
743 757 741 748 762 818 573 601 652 610 596 597 722 851 851 828 828 851 85 94 110 80 66 33 255 250 199 218 232 254 106 0 0 0 0 0 f75
272 292 294 280 244 294 223 194 210 158 184 219 232 251 215 255 201 193 8 2 0 0 36 0 37 79 63 102 76 54 48 43 79 25 79 101 jd362
322 295 366 432 430 432 389 387 383 364 303 333 387 388 296 333 355 342 110 137 66 0 2 0 43 45 49 68 129 99 45 44 136 99 77 90 jd410
411 418 388 373 409 393 343 338 266 333 271 342 386 394 440 440 418 440 29 0 52 67 9 47 77 61 154 87 128 78 54 24 0 0 0 0 jt158
1099 1285 1269 1269 1196 1209 1017 946 987 1036 976 974 1269 1115 1266 1269 1296 1269 170 11 0 0 100 60 205 302 235 186 272 248 0 181 3 0 0 0 d447
454 498 524 532 457 516 365 320 344 354 328 368 532 468 532 532 518 532 78 20 8 0 61 16 129 161 150 140 153 126 0 50 0 0 0 0 d492
909 945 910 819 827 867 743 720 737 731 702 698 910 729 910 910 945 910 1 0 0 91 118 43 167 225 173 179 243 212 0 216 0 0 0 0 jd270
683 810 840 817 820 840 681 555 639 648 706 703 840 701 812 780 724 809 157 10 0 23 0 0 201 306 243 234 155 179 0 119 28 60 96 31 d212
430 439 476 462 462 460 348 255 321 356 273 308 462 459 484 462 386 462 32 23 8 0 0 2 114 207 163 106 189 154 0 3 0 0 76 0 m344
506 558 499 495 558 558 440 534 454 456 461 495 476 414 441 423 474 428 52 0 59 63 0 0 149 55 135 133 128 94 82 144 117 135 84 130 o53
617 657 617 680 678 660 599 500 527 627 564 617 551 519 525 530 558 548 63 3 43 0 2 0 81 160 133 53 116 43 129 141 135 150 122 112 s265
802 802 659 614 811 766 619 667 651 627 674 716 670 815 792 825 825 825 23 23 133 211 14 59 231 183 165 223 176 134 155 10 0 0 0 0 jt444
654 705 744 752 777 756 616 636 562 565 625 652 612 582 560 587 594 581 102 72 12 4 0 0 104 104 158 155 115 68 144 195 196 169 183 175 o452
771 817 766 831 816 858 796 762 744 847 714 866 725 713 828 749 664 739 87 19 92 27 20 0 101 112 153 50 160 31 133 123 30 109 172 119 o59
910 986 957 825 986 957 716 774 713 650 748 759 939 770 957 957 986 952 47 0 0 132 0 0 274 246 277 340 272 231 18 216 0 0 0 5 d413
285 299 286 260 298 286 216 199 215 163 216 228 263 236 267 259 247 231 1 0 0 26 1 0 92 123 93 145 106 80 23 63 19 27 52 55 n217
413 432 414 414 408 414 356 370 351 323 376 333 385 338 335 301 288 324 1 0 0 0 24 0 58 62 63 91 56 81 29 94 79 113 144 90 md356
577 652 575 593 621 579 477 492 521 573 516 615 525 672 672 696 672 672 95 20 97 103 51 93 223 208 179 152 184 85 147 0 0 0 0 0 jt187
730 594 731 700 688 731 565 483 624 566 515 585 570 576 533 610 593 538 1 120 0 31 26 0 123 189 64 122 157 103 161 138 198 121 121 193 s461
237 265 273 268 271 240 194 150 153 133 142 139 246 270 282 268 275 271 38 10 13 7 4 35 56 100 107 117 108 111 29 5 4 7 0 4 f233
671 768 762 792 747 768 577 554 560 582 612 583 688 768 768 792 768 761 97 0 6 0 21 0 223 246 240 243 188 217 80 0 0 0 0 7 f93
490 557 601 520 531 546 439 392 429 466 416 469 612 565 586 612 629 607 122 72 11 92 98 66 209 274 219 182 250 179 0 64 26 0 0 5 d359
597 635 664 613 651 635 465 517 509 510 503 521 586 675 675 702 702 675 105 40 11 89 51 40 211 133 141 166 173 129 116 0 0 0 0 0 jd422
554 554 575 578 549 549 627 506 457 523 447 474 672 651 672 672 582 672 118 97 97 94 102 123 45 145 215 149 204 198 0 0 0 0 69 0 m319
347 363 313 352 348 297 267 265 180 240 307 232 289 275 289 293 268 308 5 5 55 0 4 71 63 80 165 90 23 113 63 93 79 59 84 60 a191
339 323 288 340 319 323 291 311 259 327 241 341 273 197 194 216 271 248 1 0 35 0 21 0 69 31 83 33 119 1 67 126 129 124 69 75 s68
911 763 825 886 841 912 731 700 848 777 657 827 755 656 705 738 736 720 1 149 87 26 71 0 181 212 64 135 255 85 157 256 207 174 176 192 s444
252 318 320 320 318 320 233 280 277 279 254 282 298 234 222 245 245 236 68 2 0 0 2 0 87 40 43 41 66 38 22 86 98 75 75 84 f61
293 294 277 315 294 246 209 243 165 251 236 222 282 291 277 310 289 258 1 0 17 0 0 48 85 51 129 64 58 72 12 3 17 5 5 36 a462
781 596 781 720 771 782 669 508 679 623 521 665 570 589 550 594 616 604 1 186 1 62 11 0 79 240 69 125 227 83 212 193 232 188 166 178 s460
521 491 568 551 588 493 534 471 416 430 451 477 598 598 598 575 548 598 77 107 30 24 10 105 64 127 182 145 147 121 0 0 0 0 50 0 m37
701 728 680 702 728 556 637 689 584 503 692 548 545 573 464 575 561 580 1 0 22 0 0 146 65 39 118 199 36 154 157 155 238 127 167 122 a394
640 624 571 540 610 592 491 503 605 504 556 541 565 650 675 675 650 675 35 26 104 135 40 83 211 173 97 198 120 161 110 0 0 0 0 0 jd234
504 492 532 532 533 532 495 451 478 482 512 457 446 513 460 418 470 427 28 59 0 0 18 0 65 129 82 78 68 103 86 38 72 114 81 105 md54
646 714 735 710 715 700 521 588 574 534 552 584 674 741 741 722 718 741 76 27 6 12 7 41 201 153 167 188 170 157 48 0 0 0 4 0 f246
312 322 322 336 323 303 271 212 276 235 271 187 300 288 256 204 260 252 24 0 0 0 13 19 65 110 46 101 65 135 36 34 66 132 76 70 md31
990 964 1041 1042 872 1046 873 699 733 775 743 754 968 1017 1047 1044 1025 1023 60 61 9 8 153 4 219 367 359 317 323 338 82 8 3 6 0 27 n444
463 438 429 464 403 464 445 355 413 470 404 457 381 342 340 334 345 350 1 10 35 0 45 0 48 121 80 23 72 36 83 106 124 130 103 114 s72
566 540 546 372 506 567 485 409 431 348 459 445 456 519 567 567 540 567 1 0 21 195 34 0 82 131 136 219 81 122 111 21 0 0 0 0 jt273
647 660 660 622 660 660 494 572 498 464 550 550 656 534 648 641 633 604 13 0 0 38 0 0 166 88 162 196 110 110 4 126 12 19 27 56 d357
671 672 672 680 634 672 610 558 521 632 471 613 534 506 443 531 491 499 1 0 0 13 38 0 62 114 151 61 201 59 138 166 229 162 181 173 n470
159 160 160 150 147 154 120 76 94 112 107 87 140 139 112 123 149 150 1 0 0 0 13 6 40 84 66 38 53 73 20 21 48 27 11 10 md384
454 488 498 472 509 506 418 409 339 357 401 432 478 520 520 500 520 518 66 32 22 28 11 14 128 137 207 168 145 114 42 0 0 0 0 2 f254
315 322 317 350 364 350 259 246 271 249 260 275 295 274 247 284 310 281 35 42 33 0 0 0 91 118 79 101 104 75 55 90 103 66 54 69 o255
1025 915 1023 887 1026 1023 768 749 822 770 803 874 966 870 766 975 976 809 31 108 0 169 30 0 256 243 170 254 221 118 90 153 257 81 80 214 d396
476 453 415 525 504 525 434 297 373 316 349 396 525 504 514 525 433 525 49 51 110 0 0 0 66 183 127 184 131 104 0 0 11 0 71 0 m414
417 418 440 418 333 393 309 297 248 297 257 305 418 385 382 418 418 418 1 0 0 0 85 25 90 102 172 102 142 94 0 33 58 0 0 0 ad72
455 480 395 391 480 442 312 323 343 333 313 378 353 480 480 500 480 480 25 0 85 109 0 38 168 157 137 167 167 102 127 0 0 0 0 0 jt280
1578 1741 1754 1824 1824 1824 1717 1369 1713 1530 1684 1771 1694 1660 1454 1368 1546 1403 246 83 38 0 0 0 164 512 135 351 197 110 130 164 338 456 278 421 s349
680 758 759 662 703 759 553 553 660 590 550 613 694 571 540 573 584 570 56 1 0 74 33 0 183 206 99 146 186 146 42 188 219 163 152 189 n179
300 268 297 326 322 317 238 264 215 241 206 225 322 326 330 330 311 330 30 62 33 4 8 13 114 88 137 111 146 127 8 4 0 0 19 0 m260
277 313 329 317 327 298 298 233 259 243 260 287 264 340 357 357 340 357 80 27 28 40 13 59 80 127 119 135 100 91 93 0 0 0 0 0 j247
697 830 806 726 802 803 652 665 612 604 619 636 667 837 806 806 837 806 109 7 0 80 35 3 154 172 194 202 218 170 139 0 0 0 0 0 jd291
831 910 884 910 895 910 692 627 621 641 619 744 730 893 870 891 893 830 79 0 0 0 15 0 183 248 229 234 256 131 180 17 14 19 17 80 f109
287 256 265 272 266 238 221 217 159 186 196 230 217 204 217 209 205 243 1 32 23 0 22 50 49 53 111 69 74 40 71 84 71 63 83 45 a325
144 140 139 161 172 147 126 121 113 141 121 124 177 166 133 178 146 155 36 30 31 19 8 23 54 49 57 39 59 46 3 4 37 2 34 15 m266
1871 1639 1824 1872 1860 1872 1707 1350 1469 1515 1547 1533 1799 1649 1824 1872 1872 1872 1 233 0 0 12 0 204 561 393 396 364 378 73 223 0 0 0 0 j106
358 448 459 442 435 459 334 327 352 310 334 378 385 317 305 281 295 347 84 11 0 0 7 0 108 132 107 132 108 81 57 142 154 161 147 112 f179
320 389 329 357 406 337 246 288 261 242 249 229 392 406 383 354 373 392 72 17 63 35 0 55 174 147 159 178 186 191 0 0 9 38 33 0 o316
773 774 792 742 715 774 691 710 729 706 623 707 661 551 588 600 605 613 1 0 0 32 59 0 83 64 63 68 151 67 113 223 204 174 169 161 n389
620 684 600 601 684 684 599 598 509 596 642 661 569 541 534 534 575 542 64 0 84 83 0 0 121 122 211 124 78 59 115 143 150 150 109 142 o487
956 799 936 901 876 853 778 689 624 627 624 732 984 941 885 984 1008 984 28 209 48 83 132 131 165 277 319 316 342 211 0 67 99 0 0 0 d192
629 637 657 651 666 672 630 511 577 587 527 650 613 521 522 488 550 548 43 35 15 0 6 0 74 193 127 95 177 54 59 151 150 163 122 124 s313
935 960 909 836 927 960 754 825 729 743 764 691 805 897 941 939 900 882 25 0 51 148 33 0 166 95 191 200 156 229 155 63 19 45 60 78 jt268
659 587 660 657 643 660 573 568 502 571 506 592 535 578 635 606 565 581 1 73 0 3 17 0 87 92 158 89 154 68 125 82 25 54 95 79 s486
798 930 899 961 904 921 729 831 643 748 743 841 841 748 703 780 766 835 163 0 62 0 26 40 201 69 287 182 157 89 120 182 258 181 164 126 a370
261 291 340 323 303 268 211 110 172 209 146 287 325 214 277 227 180 314 79 49 0 0 37 72 109 210 148 95 174 33 15 126 63 96 160 26 ad303
257 247 308 322 301 322 290 237 231 204 215 213 281 260 271 294 265 248 65 75 0 0 21 0 9 62 55 95 84 86 41 62 37 28 57 74 jd260
426 476 506 506 377 455 403 377 372 433 333 448 503 480 373 506 484 506 80 8 0 0 107 51 126 129 157 96 173 81 3 4 133 0 0 0 ad406
207 192 204 203 226 225 118 147 86 131 167 132 246 253 238 249 224 248 46 61 38 50 27 28 135 106 156 122 86 121 7 0 4 4 29 5 m316
386 328 418 432 440 418 344 232 209 295 255 300 440 362 381 440 440 418 54 90 0 8 0 0 96 186 209 145 185 118 0 56 37 0 0 0 md221
220 243 239 235 219 225 175 139 147 134 151 179 192 198 211 228 195 214 23 0 13 8 24 18 95 131 133 136 119 91 51 45 41 15 48 29 d233
826 930 896 857 866 900 755 884 894 848 941 892 824 1050 1015 1015 1050 1015 189 120 119 158 184 115 289 196 150 196 139 152 191 0 0 0 0 0 j460
1357 1401 1403 1191 1362 1443 1294 1242 1235 1136 1118 1145 1173 1430 1443 1443 1443 1443 86 42 40 252 81 0 149 201 208 307 325 298 270 13 0 0 0 0 jt51
415 464 471 520 500 520 418 381 391 473 372 492 429 377 484 425 342 379 105 36 49 0 0 0 76 94 103 21 103 2 91 123 36 95 158 141 o396
251 252 264 247 238 231 167 116 204 210 173 156 225 217 175 161 172 211 1 0 0 5 14 21 106 157 82 63 100 117 27 35 89 91 80 41 md42
233 221 221 213 234 221 196 180 170 182 188 165 206 187 150 148 162 218 1 0 0 21 0 0 20 24 34 34 28 39 28 34 71 86 72 3 md324
279 280 280 266 276 280 214 194 214 212 222 211 248 256 207 186 207 216 1 0 0 0 4 0 46 66 46 35 38 49 32 24 73 80 73 64 md137
464 477 526 528 550 514 347 429 397 414 481 343 528 550 528 528 497 465 64 73 2 0 0 14 157 96 107 90 44 161 0 0 0 0 53 63 a36
508 532 532 480 532 532 330 384 342 351 403 380 528 422 525 527 517 526 24 0 0 71 0 0 174 120 162 171 101 124 4 110 7 24 15 6 d72
386 376 389 401 406 355 207 234 216 240 300 275 381 400 400 416 416 400 30 24 11 15 10 45 183 141 159 150 90 100 35 0 0 0 0 0 f383
752 748 770 805 611 766 673 549 637 655 503 625 648 722 770 805 770 770 18 22 0 0 159 4 97 221 133 150 267 145 122 48 0 0 0 0 jd28
758 615 712 720 759 759 681 584 693 582 628 639 632 496 574 568 522 536 1 144 47 39 0 0 45 142 33 144 98 87 127 263 185 191 237 223 s449
328 355 417 415 414 441 394 292 203 257 230 410 418 358 413 345 293 369 92 86 24 5 6 0 26 149 238 163 190 31 2 83 28 75 127 72 ad42
336 438 417 422 354 375 321 348 329 341 312 370 347 462 441 441 462 441 105 24 24 19 108 66 99 92 91 79 128 50 94 0 0 0 0 0 jd174
438 424 448 460 363 400 380 347 367 403 412 405 427 404 460 460 480 460 22 56 12 0 117 60 103 157 116 80 92 78 33 76 0 0 0 0 jd297
400 416 403 403 352 305 307 298 274 243 267 248 372 375 255 351 389 403 3 0 0 0 64 98 65 86 98 129 117 124 31 41 148 52 27 0 m79
370 343 399 380 378 323 260 260 269 308 331 287 359 372 380 367 345 345 10 56 0 0 2 76 120 139 130 72 49 112 21 27 19 13 35 54 a111
1014 968 898 894 1015 1015 999 977 782 819 877 899 714 800 797 791 804 773 1 47 146 121 0 0 16 38 262 196 138 116 301 215 247 224 211 242 o423
392 489 488 483 490 490 393 411 379 388 377 404 391 381 364 383 395 398 98 1 2 7 0 0 97 79 111 102 113 86 99 109 126 107 95 92 o102
675 568 676 625 585 676 592 434 428 422 413 535 676 676 553 650 676 676 1 108 0 25 91 0 84 242 248 228 263 141 0 0 123 0 0 0 ad6
1317 1206 1292 1326 1326 1326 1183 1088 1213 1155 1238 1352 990 921 1068 1077 931 1009 9 120 0 0 0 0 182 277 117 210 127 13 336 405 224 249 395 317 s106
417 469 353 396 476 459 396 397 319 346 407 413 352 345 333 335 338 331 42 7 106 63 0 0 63 79 140 113 69 46 107 131 126 124 138 128 o445
305 306 324 220 266 306 224 267 286 161 183 262 287 216 238 218 234 270 1 0 0 86 40 0 65 22 20 128 106 27 19 90 86 88 72 36 jt230
1100 1248 1244 1175 1049 1183 1010 1082 964 1043 1015 1025 1033 1260 1260 1260 1260 1260 160 12 16 85 211 77 220 148 266 187 215 205 227 0 0 0 0 0 jd126
590 528 519 506 621 586 502 482 462 490 480 555 555 562 650 650 625 650 60 97 131 144 4 64 148 143 188 160 145 95 95 63 0 0 0 0 jt452
740 722 741 741 624 741 612 575 639 702 502 596 589 524 514 529 565 530 1 0 0 0 98 0 90 109 63 0 182 106 152 198 227 212 157 211 n282
250 283 300 276 291 300 247 244 273 229 234 260 244 249 258 268 250 223 50 17 0 24 9 0 33 36 7 51 46 20 56 51 42 32 50 77 jt310
464 450 465 465 409 465 479 461 479 494 412 465 374 297 345 328 348 330 1 0 0 0 41 0 17 19 17 2 68 31 91 153 120 137 102 135 n72
551 531 461 494 413 477 414 355 426 459 412 375 454 552 528 552 552 552 1 21 67 58 139 75 161 220 124 116 163 200 98 0 0 0 0 0 jd269
341 338 355 360 302 343 339 320 246 315 293 313 399 399 317 399 399 399 58 61 44 39 97 56 81 100 174 105 127 107 0 0 82 0 0 0 ad189
1136 1152 1082 930 1152 1152 1064 1100 1000 945 1082 1034 976 1124 1136 1120 1152 1130 16 0 70 190 0 0 124 88 188 210 106 154 176 28 16 0 0 22 jt493
379 307 324 399 374 380 265 262 305 403 370 384 350 377 261 266 266 283 1 73 56 0 6 0 135 138 95 17 30 16 30 3 119 133 114 97 md463
286 176 270 288 288 270 201 101 221 267 243 255 250 218 158 189 212 189 2 94 0 0 0 0 71 154 34 5 29 0 38 52 112 99 76 81 ad500
583 612 612 612 606 612 527 471 503 494 617 472 596 557 559 475 476 446 29 0 0 0 6 0 119 175 143 152 29 174 16 55 53 137 136 166 md443
1091 1066 1066 1092 965 1066 767 884 990 1050 797 905 999 758 790 802 802 755 1 0 0 0 127 0 283 141 35 0 253 120 93 308 276 290 290 311 n270
737 744 780 780 754 780 563 495 616 551 581 619 640 754 780 780 754 780 43 10 0 0 0 0 247 288 194 259 202 191 140 0 0 0 0 0 j428
896 984 984 906 1006 984 623 718 673 692 730 867 989 834 972 991 971 934 112 0 0 102 2 0 427 307 352 358 320 158 19 150 12 17 37 50 d363
619 530 610 531 620 620 519 489 531 419 467 586 485 503 543 524 536 522 1 90 10 89 0 0 101 131 89 201 153 34 135 117 77 96 84 98 s30
521 447 464 513 522 522 411 404 446 391 374 424 447 378 321 364 402 396 1 75 40 9 0 0 82 89 30 102 119 69 75 144 183 158 120 126 s229
513 532 532 532 530 532 393 377 386 356 390 452 500 437 454 499 484 482 19 0 0 0 2 0 111 127 118 148 114 52 32 95 78 33 48 50 d350
923 1014 1014 1014 1009 1014 889 879 889 854 946 858 931 1014 1014 1014 1014 1014 91 0 0 0 5 0 125 135 125 160 68 156 83 0 0 0 0 0 f95
749 914 862 924 924 924 749 842 745 784 807 728 793 612 652 677 714 692 175 10 62 0 0 0 219 126 223 184 161 240 131 312 272 247 210 232 f386
503 411 469 491 504 481 497 359 432 457 489 436 457 496 489 445 436 478 1 93 59 13 0 23 28 166 118 68 36 89 47 8 39 59 68 26 a43
399 354 328 380 382 400 345 313 357 378 316 367 308 311 293 289 328 324 1 62 72 20 34 0 80 129 68 47 126 58 92 105 107 111 88 76 s208
528 579 600 575 534 598 377 427 372 418 415 413 600 600 502 575 600 600 72 21 0 0 66 2 199 149 204 134 161 163 0 0 98 0 0 0 d57
398 359 376 399 380 318 378 315 326 337 342 274 309 317 332 368 318 328 1 21 23 0 0 81 0 45 52 41 18 104 90 63 67 31 62 71 a205
271 270 256 272 217 272 220 191 186 205 186 199 267 268 186 267 267 258 1 2 0 0 55 0 69 98 86 84 103 90 5 4 70 5 5 14 ad259
711 814 792 792 791 792 485 578 493 611 585 529 761 755 632 753 735 757 81 0 0 0 23 0 307 236 299 181 229 263 31 59 160 39 79 35 d316
782 754 783 690 754 777 627 495 574 511 497 519 616 738 783 783 754 783 1 0 0 93 0 6 129 233 182 245 231 237 167 16 0 0 0 0 jd143
553 527 613 555 577 449 598 612 576 547 568 495 644 644 672 597 578 603 91 117 59 89 67 195 69 55 120 120 99 172 0 0 0 47 66 41 m469
474 450 473 475 450 411 428 437 350 450 435 396 393 345 370 398 413 397 1 0 2 0 0 64 47 13 125 25 15 79 82 105 105 77 37 78 a11
419 420 420 406 392 420 321 301 277 201 277 296 332 336 396 313 361 369 1 0 0 0 28 0 69 89 113 176 113 94 88 84 24 93 59 51 n462
517 518 504 518 457 518 432 429 388 418 346 435 459 415 430 426 441 460 1 0 0 0 61 0 86 89 116 100 172 83 59 103 74 92 77 58 n401
288 232 289 289 289 282 185 197 174 169 220 186 283 289 254 276 211 276 1 57 0 0 0 7 104 92 115 120 69 103 6 0 35 13 78 13 m317
1938 1953 1968 2183 2055 2146 1843 1715 1547 1775 1513 1612 2115 2146 2146 2183 2027 2146 208 193 178 0 91 0 245 373 541 349 575 476 31 0 0 0 119 0 s262
876 831 874 869 875 900 737 738 725 678 704 707 771 659 781 769 761 808 24 44 26 31 0 0 127 102 139 186 136 157 129 216 119 131 114 92 d344
287 244 267 270 253 254 253 233 217 260 259 200 235 220 203 200 205 220 1 44 21 0 35 34 35 55 71 10 29 88 53 68 85 70 83 68 a148
398 399 341 399 397 326 384 325 259 320 360 285 329 289 291 329 279 298 1 0 58 0 2 73 15 74 140 79 39 114 70 110 108 70 120 101 a363
379 384 384 398 368 322 258 304 199 274 253 277 382 384 384 400 362 378 5 0 0 2 16 62 126 80 185 126 131 107 2 0 0 0 22 6 m229
299 315 300 300 309 300 230 235 188 258 235 236 251 268 228 221 221 242 1 0 0 0 6 0 90 101 132 62 101 84 49 47 72 79 94 58 md281
529 576 548 478 594 518 416 424 470 394 429 471 443 594 572 572 594 572 43 18 24 94 0 54 156 170 102 178 165 101 129 0 0 0 0 0 jd185
637 546 632 535 520 638 627 431 555 432 514 600 537 568 563 568 554 548 1 92 28 103 118 0 11 207 105 206 124 38 101 70 97 70 84 90 a419
1040 979 1080 985 963 959 1029 1140 1140 1059 1133 1184 1076 1254 1254 1254 1254 1254 214 275 174 269 291 295 225 114 114 195 121 70 178 0 0 0 0 0 j394
388 407 432 432 448 432 357 350 277 358 325 273 432 438 426 421 415 432 44 41 0 0 0 0 102 126 182 101 151 186 0 10 6 11 33 0 m361
384 426 415 464 454 413 355 275 270 343 309 354 430 400 456 475 456 456 72 30 41 11 2 43 77 157 162 107 123 78 26 56 0 0 0 0 md134
482 444 425 462 467 402 384 363 322 336 380 335 394 378 338 357 369 387 2 40 59 0 17 82 78 99 140 105 82 127 90 106 146 105 115 97 a84
715 725 725 687 697 690 575 635 616 608 617 593 564 725 725 725 725 725 10 0 0 38 28 35 150 90 109 117 108 132 161 0 0 0 0 0 jd467
680 694 703 719 695 718 551 495 467 461 526 494 626 720 720 740 720 720 40 26 17 21 25 2 133 189 217 242 158 190 94 0 0 0 0 0 f195
632 722 703 703 696 703 536 575 606 661 608 597 598 639 600 602 581 598 71 0 0 0 26 0 204 185 134 79 152 143 105 83 103 101 141 105 d161
551 464 520 516 563 530 459 377 418 439 437 459 485 520 552 552 576 552 1 112 32 36 13 22 93 199 134 113 139 93 67 56 0 0 0 0 j165
515 522 522 429 364 442 488 385 458 434 469 521 456 426 522 493 522 522 7 0 0 64 158 80 34 137 64 59 53 1 66 96 0 0 0 0 jt4
3064 3158 3264 3155 2918 3030 2849 2755 2719 3013 2866 2975 3267 3079 3193 3268 3225 3266 204 67 4 113 307 238 495 545 625 331 434 369 1 146 75 0 0 2 d323
511 498 512 512 511 512 412 341 403 419 394 427 415 428 417 452 435 337 1 30 0 0 17 0 100 187 109 93 134 85 97 100 95 60 93 175 s274
945 946 897 946 868 946 780 734 673 670 706 761 765 738 715 739 782 718 1 0 49 0 78 0 166 212 273 276 240 185 181 208 231 207 164 228 n84
383 364 384 375 384 384 332 261 281 241 248 309 306 295 305 310 290 298 1 20 0 25 0 0 52 123 103 159 136 75 78 89 79 90 94 86 s140
419 472 407 393 455 397 385 336 286 376 307 270 520 540 520 520 497 520 101 68 113 127 85 123 109 177 208 118 206 224 0 0 0 0 43 0 m126
314 293 308 340 340 340 251 242 240 351 303 334 323 290 256 272 266 261 26 47 32 0 0 0 109 118 120 9 57 26 17 50 84 68 74 79 md410
226 266 245 201 263 266 249 180 193 150 222 228 219 245 266 255 233 216 40 0 21 65 3 0 36 105 92 135 63 57 47 21 0 11 33 50 jt248
485 531 516 523 544 561 471 492 464 458 460 485 447 387 390 376 417 423 59 30 45 21 0 0 105 102 130 118 116 109 97 174 171 168 127 138 o221
1038 1050 1054 1035 930 1058 759 888 865 902 892 884 835 822 728 716 821 830 20 8 4 0 128 0 345 216 239 178 212 220 223 236 330 319 237 228 s416
533 600 614 614 600 620 498 494 414 474 496 541 509 525 562 533 508 522 87 0 6 6 0 0 153 136 237 177 134 110 111 75 58 87 92 98 f485
814 742 939 880 769 890 810 698 734 740 621 733 824 819 952 918 916 912 104 176 13 38 149 28 81 193 190 151 270 158 94 99 0 0 2 6 jt463
511 507 438 491 473 512 344 430 287 394 427 412 421 371 383 368 380 350 1 5 74 21 39 0 168 82 225 118 85 100 91 141 129 144 132 162 o146
286 273 293 321 321 315 234 195 188 259 220 222 328 289 310 330 298 308 44 42 22 9 9 0 96 120 127 71 110 93 2 26 5 0 32 7 m290
476 483 504 385 483 450 367 367 386 307 359 343 358 482 504 483 483 483 7 0 0 98 0 33 93 93 94 153 101 117 125 1 0 0 0 0 jd229
711 778 790 667 824 813 662 669 645 556 622 643 661 850 825 825 850 825 114 72 35 158 26 12 163 181 180 269 228 182 164 0 0 0 0 0 jd14
225 285 269 272 233 270 207 185 151 187 104 178 196 280 271 248 273 257 47 3 3 0 55 2 82 121 138 102 202 111 76 8 1 24 15 15 jd165
433 394 453 416 469 483 351 381 400 407 450 458 430 450 428 473 459 430 50 89 30 67 14 0 155 125 106 99 56 48 53 33 55 10 24 53 a26
570 586 616 616 536 587 546 416 360 493 414 461 616 480 574 616 588 616 46 2 0 0 52 29 70 172 256 123 174 155 0 108 42 0 0 0 ad33
462 500 512 512 517 512 298 363 358 373 414 352 436 501 435 437 471 432 50 28 0 0 11 0 182 132 122 107 81 128 76 27 77 75 57 80 f92
614 583 630 615 588 615 464 435 457 428 366 494 553 521 564 587 520 499 1 32 0 0 27 0 110 139 131 146 208 80 62 94 66 28 95 116 s246
668 614 714 690 560 693 546 425 406 474 492 492 702 639 623 702 702 702 34 88 14 12 142 9 129 250 294 201 183 183 0 63 105 0 0 0 ad452
976 974 999 1026 925 999 782 689 768 852 793 781 1026 838 974 1023 1023 990 50 25 0 0 101 0 244 310 231 174 233 218 0 161 25 3 3 9 d120
629 581 447 630 630 590 519 478 388 537 571 387 630 566 523 602 570 499 1 14 148 0 0 5 93 100 190 75 41 191 0 29 72 28 60 96 a466
581 590 618 587 521 603 456 407 423 413 371 425 501 583 621 621 598 621 40 8 3 34 77 18 138 165 171 181 201 169 120 15 0 0 0 0 jd76
259 257 222 275 264 261 325 361 315 308 277 322 336 350 350 336 303 350 77 93 128 61 72 89 35 14 60 52 83 53 0 0 0 0 33 0 m397
557 558 540 486 545 558 473 473 463 507 353 468 456 402 369 380 369 433 1 0 0 72 13 0 54 54 47 20 174 59 102 156 171 178 189 125 n287
746 709 780 806 780 780 546 671 688 680 689 738 576 632 631 647 642 667 34 71 0 0 0 0 204 79 62 95 61 12 204 148 149 159 138 113 n265
378 300 369 279 351 361 317 251 256 222 251 285 322 348 400 375 400 400 22 100 31 96 49 39 67 133 128 138 133 99 78 52 0 0 0 0 jt206
196 250 250 240 209 250 153 128 157 150 127 161 233 178 184 181 188 195 44 0 0 0 31 0 63 97 68 66 89 64 7 72 66 59 52 55 n256
1074 1266 1296 1269 1155 1269 1255 1017 1007 1056 1023 1049 1174 1269 1112 1254 1197 1174 195 3 0 0 114 0 61 299 337 260 293 267 95 0 184 15 72 95 d214
520 520 532 446 484 532 527 356 421 297 327 417 497 450 528 560 560 532 40 12 0 114 76 0 33 176 111 263 233 115 63 82 4 0 0 0 jt222
327 273 341 380 360 311 241 205 277 310 324 269 365 315 337 355 314 316 53 87 39 0 0 69 139 155 103 70 36 111 15 45 43 25 46 64 a207
475 493 476 476 470 476 413 414 421 432 433 367 438 396 394 368 384 392 1 0 0 0 23 0 63 79 55 44 60 109 38 97 82 108 109 84 md194
405 420 406 406 373 406 281 262 263 266 199 274 330 307 274 292 264 304 1 0 0 0 47 0 125 158 143 140 221 132 76 113 132 114 156 102 n196
323 324 324 324 303 324 249 235 261 274 266 184 293 297 236 211 224 261 1 0 0 0 21 0 75 89 63 50 58 140 31 27 88 113 100 63 md321
806 945 972 945 928 936 664 643 653 649 637 619 859 945 972 940 945 945 139 0 0 0 17 9 246 267 283 261 273 291 86 0 0 5 0 0 f282
1277 1404 1440 1404 1396 1404 1178 1179 1288 1273 1277 1275 1266 1404 1440 1404 1404 1404 127 0 0 0 8 0 265 264 192 170 166 168 138 0 0 0 0 0 f121
435 377 438 441 441 312 387 352 304 337 408 249 355 304 287 317 316 347 6 64 24 0 0 129 33 68 136 83 12 171 86 137 175 124 125 94 a339
251 264 270 270 214 266 166 103 90 107 111 157 267 267 180 236 265 254 19 6 0 0 56 4 86 149 162 145 141 95 3 3 90 34 5 16 ad237
188 168 147 169 173 146 165 178 113 148 143 167 200 210 200 200 194 200 12 42 53 31 37 54 55 53 107 72 88 53 0 0 0 0 16 0 m196
931 1039 960 1088 1056 1088 940 945 782 934 921 921 1088 1056 984 1088 1056 1088 157 17 128 0 0 0 148 111 306 154 135 167 0 0 104 0 0 0 f311
344 309 355 354 383 367 325 260 277 244 308 264 380 346 362 380 400 380 36 91 25 26 17 13 36 120 84 117 72 97 0 54 18 0 0 0 md204
467 468 468 346 468 468 396 322 344 274 262 360 384 349 468 468 468 468 1 0 0 122 0 0 72 146 124 194 206 108 84 119 0 0 0 0 jd138
1254 1149 1114 1084 1143 1180 989 1054 1061 1042 1027 1072 1118 1260 1296 1296 1260 1296 42 111 182 212 117 116 307 206 235 254 233 224 178 0 0 0 0 0 f320
1636 1536 1767 1767 1728 1767 1557 1430 1622 1753 1558 1685 1472 1508 1368 1543 1544 1427 131 200 0 0 8 0 210 306 145 14 178 82 295 228 399 224 192 340 s458
712 786 819 796 792 819 739 601 719 712 644 726 752 716 685 750 702 742 86 33 0 2 6 0 59 218 100 86 154 93 46 103 134 48 96 77 d484
611 612 563 450 563 612 449 535 430 371 557 585 504 498 584 546 553 567 1 0 85 162 49 0 180 94 236 258 72 44 108 114 64 66 59 45 jt407
719 720 720 720 693 720 670 602 663 729 565 628 615 594 557 549 565 584 1 0 0 0 27 0 98 166 105 39 203 140 105 126 163 171 155 136 n263
835 858 858 808 734 858 700 575 689 731 531 758 659 661 720 617 730 665 1 0 0 28 102 0 98 244 130 67 267 61 177 197 138 219 106 193 n231
1302 1435 1476 1435 1311 1435 1054 891 1066 999 959 956 1435 1149 1410 1433 1430 1422 133 0 0 0 124 0 346 509 374 401 441 444 0 286 66 2 5 13 d32
612 651 651 672 588 651 470 537 556 552 474 525 583 443 463 521 499 489 60 0 0 0 84 0 170 83 64 88 166 95 89 208 188 151 173 162 n421
549 550 550 383 550 550 517 387 473 363 453 418 447 524 550 550 550 550 1 0 0 167 0 0 55 185 99 209 119 154 103 26 0 0 0 0 jt409
356 381 315 318 374 306 198 255 232 240 233 281 294 352 381 362 374 369 18 10 76 56 0 85 176 136 159 134 141 110 80 39 10 12 0 22 jt359
517 475 505 507 439 489 365 281 335 347 364 367 523 510 527 526 441 527 10 35 22 20 71 38 162 229 192 180 146 160 4 0 0 1 69 0 m14
409 476 476 459 465 476 342 276 243 345 354 291 369 363 403 312 383 401 67 0 0 17 11 0 134 200 233 131 122 185 107 113 73 164 93 75 f326
656 687 723 715 731 706 475 493 491 457 523 409 650 720 726 748 748 721 92 39 3 33 17 20 273 233 235 291 225 317 98 6 0 0 0 5 f372
552 553 597 608 562 593 526 610 586 582 525 508 559 601 566 547 544 599 56 71 27 0 46 31 120 53 77 64 121 155 49 23 58 61 64 25 s20
659 720 628 652 608 696 554 590 534 620 577 525 564 720 696 696 720 696 37 0 68 44 112 0 171 160 191 105 173 200 132 0 0 0 0 0 jt114
179 167 171 177 151 180 110 74 94 87 85 85 161 140 134 136 139 143 1 1 9 3 17 0 55 80 71 78 69 80 19 28 46 44 29 37 md303
128 144 135 128 140 150 121 72 87 64 79 121 127 130 150 140 140 150 12 6 15 12 0 0 33 93 78 90 75 44 13 20 0 0 0 0 jt240
549 588 560 501 512 560 435 441 455 374 450 462 428 588 560 560 588 560 11 0 0 59 76 0 125 147 105 186 138 98 132 0 0 0 0 0 jd152
679 610 620 680 653 649 518 379 391 462 409 427 680 697 593 680 686 680 1 87 60 0 44 31 122 277 249 178 247 213 0 0 87 0 11 0 d297
311 325 325 312 300 325 251 256 267 207 236 212 288 268 307 285 300 280 1 0 0 0 12 0 61 69 58 105 76 113 24 57 18 27 12 45 md467
452 485 508 484 396 470 375 314 260 332 338 349 520 493 436 500 520 520 68 35 12 16 124 50 145 206 260 168 182 171 0 27 84 0 0 0 ad368
801 920 900 894 917 900 639 687 614 672 628 736 831 890 845 843 883 871 99 0 0 6 3 0 261 233 286 228 292 164 69 30 55 57 37 29 f298
592 617 523 581 629 629 360 464 465 421 527 586 450 477 570 557 491 454 37 12 123 48 0 0 232 128 143 171 65 6 179 152 76 72 138 175 o414
409 450 484 404 459 462 454 327 388 390 350 367 332 439 484 462 447 462 53 12 0 58 3 0 29 156 118 93 133 116 130 23 0 0 15 0 jd63
235 240 237 219 208 240 132 153 172 158 179 162 186 190 178 189 202 189 5 0 3 21 32 0 92 71 52 66 45 62 54 50 62 51 38 51 ad289
418 395 399 375 344 419 283 336 319 249 257 322 355 380 366 366 423 336 11 34 17 54 85 10 113 60 65 147 139 74 74 49 50 63 6 93 o80
1315 1306 1344 1317 1148 1344 900 904 845 844 851 903 1344 1219 1258 1321 1312 1332 29 6 0 27 164 0 402 367 457 458 420 399 0 93 86 23 0 12 d171
341 342 360 342 296 342 238 311 297 275 265 266 283 269 261 290 313 290 1 0 0 0 46 0 123 50 83 86 96 95 59 73 99 52 29 52 ad396
505 529 506 463 500 529 401 349 378 305 377 422 405 526 503 521 488 477 24 0 0 66 29 0 128 180 128 224 152 107 124 3 3 8 41 52 jd363
933 901 918 952 842 900 800 731 609 684 798 752 952 918 815 834 952 918 19 17 0 0 110 18 124 160 282 240 126 139 0 0 103 118 0 0 ad139
964 1073 1058 1066 1107 1088 822 857 832 833 860 881 1003 1120 1088 1084 1120 1088 124 47 30 22 13 0 232 228 222 221 225 173 85 0 0 4 0 0 f408
562 577 580 650 624 618 554 562 486 589 600 506 569 526 527 545 528 555 88 47 70 0 0 32 71 38 139 36 0 119 81 98 123 105 96 95 a51
541 432 498 524 497 489 551 580 505 560 475 502 612 612 612 612 560 612 71 180 114 88 115 123 97 68 143 88 173 146 0 0 0 0 52 0 m105
911 1008 990 931 894 962 798 832 802 804 793 797 844 1015 1015 1015 1015 1015 104 7 25 84 121 53 182 148 178 176 187 183 171 0 0 0 0 0 jd65
415 421 365 400 383 339 287 280 240 267 310 276 420 434 420 420 434 388 5 13 55 20 51 81 103 123 150 123 93 114 0 0 0 0 0 32 m390
342 307 365 374 287 294 303 270 137 262 247 313 378 388 271 378 396 378 36 89 13 4 109 84 96 148 262 137 171 86 0 8 107 0 0 0 ad497
323 304 312 342 299 274 284 231 221 289 235 282 268 221 251 286 252 271 1 20 12 0 25 50 22 75 85 34 71 24 56 103 73 56 72 53 a465
719 720 720 688 680 720 607 592 581 571 603 530 691 601 562 613 613 675 1 0 0 32 40 0 158 173 184 194 162 235 29 119 158 107 107 45 n98
455 447 408 377 378 385 328 329 365 341 323 336 459 459 476 459 428 459 4 12 68 82 81 74 104 103 83 91 109 96 0 0 0 0 31 0 m228
467 468 393 468 416 400 428 450 309 409 328 395 353 360 360 353 337 388 1 0 75 0 52 68 22 0 141 41 122 55 115 108 108 115 131 80 a28
811 632 732 741 609 757 793 560 509 617 654 666 742 766 709 812 812 812 1 180 80 71 203 55 47 280 331 223 186 174 70 46 103 0 0 0 ad444
687 680 693 691 643 693 561 482 437 565 497 500 714 693 615 714 714 693 27 13 0 23 71 0 187 244 289 183 251 226 0 0 78 0 0 0 d202
378 390 347 350 430 425 369 372 223 264 364 298 370 358 429 391 340 340 59 47 90 87 7 12 68 65 214 173 73 139 67 79 8 46 97 97 a172
917 1020 1033 1005 1050 1022 1127 1090 974 1027 1022 1044 1152 1188 1179 1102 1092 1188 235 168 155 147 102 166 25 98 214 125 130 144 0 0 9 50 60 0 m400
609 541 652 648 640 540 532 587 474 474 538 521 603 541 545 612 598 576 39 107 20 0 8 108 116 61 198 174 110 127 45 107 127 36 50 72 a426
379 380 307 255 380 380 266 301 230 222 349 316 320 264 246 169 299 289 1 0 73 106 0 0 94 59 130 120 11 44 60 116 134 192 81 91 jt301
779 629 756 784 784 756 735 673 658 645 603 679 715 640 547 622 587 592 5 127 0 0 0 0 49 83 98 139 181 77 69 116 209 162 197 164 jd220
540 540 483 432 550 539 447 527 521 543 568 559 588 588 560 588 588 580 48 48 77 156 38 49 162 82 59 66 41 50 0 0 0 0 0 8 jt474
1250 1307 1414 1380 1404 1369 1123 1367 1368 1317 1306 1298 1297 1496 1496 1530 1496 1496 246 189 82 150 92 127 417 173 172 258 234 242 199 0 0 0 0 0 j180
542 509 559 578 597 580 423 429 498 379 466 442 506 580 580 600 598 559 58 71 21 22 3 0 207 180 111 251 164 167 94 0 0 0 2 21 j112
480 481 438 481 460 481 431 415 348 404 361 353 427 372 380 412 380 400 1 0 30 0 21 0 50 66 120 77 120 128 54 109 88 69 101 81 s83
743 719 605 744 744 744 708 704 649 741 636 663 651 631 592 546 639 565 1 25 115 0 0 0 36 40 71 3 108 81 93 113 128 198 105 179 s93
525 589 531 586 524 534 442 329 407 346 449 362 526 555 583 590 608 589 83 0 58 22 84 55 134 229 151 230 127 196 82 34 6 18 0 0 j76
1277 1239 1350 1325 1222 1350 1133 1063 1223 1136 975 1216 1128 1006 1022 1135 1061 1019 73 111 0 0 128 0 163 233 73 136 321 80 222 344 328 190 289 331 s164
419 404 305 399 420 420 303 323 275 286 359 372 334 323 342 349 325 313 1 16 115 21 0 0 117 97 145 134 61 48 86 97 78 71 95 107 o38
765 802 805 666 573 799 531 643 658 496 583 641 600 805 805 770 770 805 5 3 0 104 197 6 217 139 124 252 165 141 170 0 0 0 0 0 jt3
695 696 672 696 638 696 588 544 522 587 518 522 639 590 534 647 628 626 1 0 0 0 58 0 79 123 122 80 149 145 57 106 138 49 68 70 ad450
259 234 230 247 224 220 234 119 131 164 190 195 199 197 178 180 169 188 1 26 30 0 36 40 26 141 129 83 70 65 61 63 82 67 91 72 a497
569 612 624 648 609 624 487 488 535 663 521 626 454 618 541 569 517 430 55 12 0 0 15 0 163 162 115 12 129 24 170 6 83 79 107 194 jd200
572 504 521 590 595 595 524 470 543 544 572 590 498 472 399 444 458 471 23 91 57 5 0 0 106 160 69 86 58 40 97 123 179 151 137 124 s48
395 378 378 396 392 371 310 311 308 308 353 319 301 309 287 263 334 296 1 0 0 0 4 7 64 46 49 66 21 38 95 69 91 133 62 82 md64
565 544 543 507 481 529 476 379 387 427 454 402 567 567 499 567 567 567 2 23 45 60 86 38 91 188 201 140 113 165 0 0 89 0 0 0 ad23
906 780 1036 999 994 995 928 822 870 826 881 863 889 853 1036 999 999 999 93 219 0 0 5 4 71 177 166 173 118 136 110 146 0 0 0 0 j15
172 171 154 178 162 148 102 116 70 142 142 132 154 152 155 171 147 158 10 24 28 4 33 34 66 64 98 26 38 36 28 43 27 11 48 24 md258
1583 1489 1469 1584 1584 1551 1464 1303 1369 1472 1389 1458 1275 1238 1288 1282 1384 1269 1 62 82 0 0 0 72 201 135 64 147 46 309 313 263 302 200 282 o115
505 509 522 504 522 522 476 382 404 412 477 409 427 522 522 522 522 522 17 13 0 18 0 0 75 169 147 139 74 142 95 0 0 0 0 0 j18
483 595 595 592 582 595 408 421 460 499 497 483 512 549 518 534 493 529 112 0 0 3 13 0 152 139 100 61 63 77 83 46 77 61 102 66 f406
323 349 321 324 360 360 279 280 231 238 313 342 316 270 327 250 242 285 37 11 39 16 0 0 63 62 111 85 29 0 44 90 33 90 118 75 o418
272 325 312 325 325 325 232 259 205 245 239 238 294 237 238 241 252 251 53 0 0 0 0 0 68 41 83 55 61 62 31 88 74 84 73 74 f248
671 610 606 672 624 672 579 491 483 492 471 469 580 556 567 618 560 577 1 46 66 0 32 0 93 165 189 180 185 203 92 100 105 54 96 95 s222
537 661 610 493 626 636 539 458 444 363 565 478 555 669 650 650 676 650 113 15 40 157 50 14 111 218 206 287 111 172 95 7 0 0 0 0 jt251
271 248 255 272 266 272 252 137 170 213 183 155 235 247 214 192 200 223 1 24 33 0 6 0 3 118 100 42 72 100 37 25 74 80 72 49 md241
1751 1864 1853 1883 1753 1885 1591 1413 1332 1571 1312 1642 1784 1525 1516 1625 1610 1701 134 21 3 2 132 0 229 407 460 249 508 178 101 360 340 260 275 184 n388
1034 1020 1128 1118 942 1089 996 949 802 825 875 868 1122 1083 1018 1122 1122 1122 88 102 28 4 180 33 93 140 320 264 214 221 0 39 138 0 0 0 ad54
1609 1597 1581 1610 1610 1482 1499 1207 1160 1289 1298 1588 1336 1499 1505 1487 1522 1645 1 48 64 0 0 163 157 485 532 367 358 104 274 146 140 123 88 0 a88
623 587 622 624 581 622 378 428 455 364 418 433 553 495 525 473 527 499 1 21 2 0 27 2 207 142 130 221 152 152 71 113 99 151 81 125 f25
699 658 700 668 720 700 568 540 559 534 581 575 524 597 622 601 577 566 1 62 0 32 0 0 132 180 141 166 139 125 176 123 78 99 143 134 s178
321 437 450 465 450 450 386 378 349 360 408 398 428 369 341 342 360 357 129 13 0 0 0 0 94 102 131 136 72 82 22 81 109 123 90 93 f30
467 455 416 468 444 459 390 311 365 390 269 316 377 394 402 381 359 393 1 0 52 0 11 9 78 144 103 78 186 152 91 61 66 87 96 75 o23
531 480 475 490 415 483 472 375 361 318 405 392 532 513 490 465 532 513 1 33 38 42 117 30 88 165 179 242 155 148 0 0 23 67 0 0 ad297
548 471 594 616 603 594 583 400 473 478 481 474 523 554 594 616 616 594 68 123 0 0 13 0 33 194 121 138 135 120 93 40 0 0 0 0 j397
671 651 584 655 656 651 594 604 504 634 488 520 527 466 551 527 551 456 1 0 67 17 16 0 78 47 147 38 184 131 145 185 100 145 121 195 o439
1175 1204 1080 968 1108 1204 1041 1071 927 920 980 1014 1004 1154 1204 1204 1204 1204 29 0 124 236 96 0 191 161 305 312 252 218 200 50 0 0 0 0 jt394
370 340 352 291 363 289 264 252 228 276 240 281 379 384 384 384 351 384 14 44 32 93 21 95 96 108 132 84 120 79 5 0 0 0 33 0 m457
359 372 360 352 329 356 228 251 225 219 229 237 321 342 320 360 354 335 1 0 0 8 43 4 102 90 105 111 112 93 39 30 40 0 18 25 ad492
405 385 456 437 397 456 353 305 369 324 351 348 456 417 382 456 456 456 51 71 0 19 59 0 103 151 87 132 105 108 0 39 74 0 0 0 ad398
1351 1607 1610 1415 1610 1610 1081 1143 1285 1154 1130 1291 1610 1296 1610 1575 1610 1610 259 3 0 160 0 0 529 467 325 421 480 319 0 314 0 0 0 0 d331
370 408 407 391 408 408 363 336 334 365 326 348 327 408 400 391 317 334 38 0 1 0 0 0 69 96 98 49 106 84 81 0 8 0 91 74 jd26
657 756 750 756 723 711 603 580 637 600 647 562 761 718 721 731 689 758 135 14 20 36 69 59 189 190 133 192 145 208 31 52 49 61 103 12 m58
376 400 420 420 363 420 350 334 335 294 298 437 317 364 403 401 330 319 44 0 0 0 37 0 91 86 106 147 122 4 103 36 17 19 70 101 jd313
451 457 473 474 453 458 342 259 333 314 321 304 438 483 504 504 483 504 53 26 31 30 30 46 138 201 147 166 139 176 66 0 0 0 0 0 j330
724 754 656 586 722 725 549 585 566 474 561 513 603 691 725 725 754 716 1 0 69 139 32 0 151 143 134 226 167 187 122 63 0 0 0 9 jt440
500 520 540 519 520 540 385 317 415 328 389 330 453 509 533 529 485 539 40 0 0 21 0 0 155 203 125 212 131 210 87 11 7 11 35 1 j336
464 454 508 468 519 503 509 519 497 472 431 477 572 594 594 572 517 594 108 140 86 104 53 91 37 48 70 74 115 90 0 0 0 0 55 0 m139
904 1026 1144 1138 1118 1144 1118 938 966 996 1009 1107 1084 897 1033 1013 962 956 240 92 0 6 0 0 70 223 222 192 152 81 60 221 111 131 156 188 j388
543 588 474 447 542 588 454 401 406 356 406 481 411 588 588 558 560 588 17 0 114 113 18 0 126 208 203 224 174 128 149 0 0 2 0 0 jt42
258 220 253 285 266 203 180 175 199 270 242 165 208 213 169 233 232 200 8 46 13 0 0 63 72 77 53 0 10 87 58 53 97 52 34 66 a61
287 304 222 288 286 226 262 275 197 202 282 190 250 244 211 258 212 257 1 0 66 0 18 62 44 48 109 104 41 116 38 60 77 30 92 31 a482
689 668 690 555 690 690 684 518 525 496 482 518 604 609 690 667 676 690 1 22 0 112 0 0 6 172 165 171 208 172 86 81 0 0 14 0 jt175
312 340 331 356 359 366 258 309 242 288 243 317 330 309 317 324 338 315 56 28 21 12 9 2 110 59 110 80 125 51 38 59 35 44 30 53 ad290
142 148 150 127 153 147 103 75 99 93 94 100 145 153 153 149 147 142 11 5 3 26 0 6 50 78 54 60 59 53 8 0 0 4 6 11 md257
504 528 574 592 563 579 489 414 387 440 400 414 612 552 577 594 612 612 108 84 38 2 49 33 89 164 191 121 178 164 0 60 35 0 0 0 d48
329 356 362 342 295 349 276 214 170 239 238 299 369 380 292 380 380 380 51 24 18 38 85 31 104 166 210 141 142 81 11 0 88 0 0 0 ad174
474 507 551 551 510 551 452 439 452 514 407 506 474 453 411 471 360 432 77 44 0 0 41 0 70 83 70 8 115 16 77 98 140 80 191 119 d398
802 840 840 815 693 675 597 621 661 593 589 704 716 808 734 770 754 840 14 0 0 1 123 165 185 184 144 189 193 101 100 32 106 46 62 0 m170
717 633 746 541 636 709 687 504 603 567 624 610 754 606 754 725 754 754 37 121 8 184 118 45 41 224 125 133 104 118 0 148 0 0 0 0 jt111
341 342 342 289 342 342 231 196 311 289 306 303 284 299 266 257 265 266 1 0 0 53 0 0 111 146 31 53 36 39 58 43 76 85 77 76 md431
749 819 767 784 819 819 595 660 620 671 631 644 656 665 686 621 671 663 70 0 52 35 0 0 185 120 160 109 149 136 163 154 133 198 148 156 o101
510 513 532 513 463 513 441 412 493 424 405 413 404 513 532 513 513 513 3 0 0 0 50 0 72 101 39 89 108 100 109 0 0 0 0 0 jd124
405 401 407 415 406 404 330 323 415 282 293 392 429 411 392 409 372 420 27 43 37 17 26 40 138 158 66 186 175 89 3 33 52 23 60 24 n309
402 505 500 486 520 493 348 378 359 397 430 390 424 520 500 500 520 500 98 15 0 14 0 7 177 168 166 128 116 135 76 0 0 0 0 0 j52
537 555 540 540 496 473 456 415 357 466 321 434 451 443 453 430 429 455 3 0 0 0 59 67 48 103 147 38 197 70 89 112 87 110 126 85 n229
429 510 510 527 499 510 331 375 336 377 387 368 454 410 438 401 390 423 81 0 0 0 11 0 149 105 144 119 93 112 56 100 72 126 120 87 f203
719 796 704 709 837 798 683 669 685 650 674 706 645 834 864 837 837 837 118 41 160 128 0 39 154 168 179 187 163 131 192 3 0 0 0 0 jt14
383 386 348 332 377 391 316 305 262 157 266 308 331 307 316 213 319 327 8 5 60 59 14 0 98 109 170 257 148 106 60 84 92 178 72 64 o364
539 448 560 458 540 540 494 359 458 356 396 432 428 343 370 364 420 393 1 92 0 82 0 0 19 154 74 157 117 81 112 197 190 176 120 147 s138
645 635 646 629 606 646 571 528 625 629 507 583 535 516 437 526 504 492 1 11 0 0 40 0 75 118 21 0 139 63 111 130 209 103 142 154 s467
309 271 374 357 348 357 292 274 310 279 308 314 349 309 282 320 328 303 48 86 0 0 9 0 86 104 86 99 70 64 8 48 92 37 29 54 md122
757 690 704 682 636 620 571 478 421 442 521 466 782 759 608 782 782 759 25 69 55 100 146 139 177 248 305 306 227 260 0 0 151 0 0 0 ad392
363 378 378 373 371 378 243 263 253 194 251 258 280 378 378 378 378 378 15 0 0 5 7 0 114 94 104 163 106 99 98 0 0 0 0 0 j383
1277 924 1275 1232 1251 1280 975 898 854 1060 810 995 1166 1280 1280 1297 1231 1280 3 356 5 80 29 0 305 382 426 252 470 285 114 0 0 15 49 0 s429
1299 1575 1599 1455 1558 1599 1218 1289 1382 1196 1228 1303 1362 1599 1599 1558 1558 1599 259 24 0 103 0 0 302 271 178 324 292 257 196 0 0 0 0 0 jd183
467 468 430 454 468 468 380 392 350 306 339 372 332 353 360 311 346 343 1 0 38 32 0 0 62 50 92 153 103 70 136 115 108 175 122 125 o343
577 578 569 526 454 510 438 422 323 433 477 443 616 594 507 584 616 594 39 16 25 90 162 84 178 172 271 183 139 151 0 0 87 32 0 0 ad356
620 597 690 683 471 683 577 415 419 484 427 517 690 660 514 690 660 690 70 63 0 7 189 7 136 267 294 229 255 196 0 0 176 0 0 0 ad179
218 246 255 260 269 251 146 158 142 142 129 181 226 188 205 199 244 211 42 27 5 0 4 9 94 94 98 98 123 59 34 85 55 61 29 49 ad215
208 209 197 202 200 177 138 139 126 153 155 139 181 170 154 157 145 183 1 0 1 7 9 32 71 70 72 56 54 70 28 39 44 52 64 26 md69
620 513 621 621 592 621 527 377 460 416 417 523 603 511 621 611 555 504 1 131 0 0 52 0 94 267 161 205 227 98 18 133 0 10 89 117 jd172
417 339 389 418 418 312 292 224 339 374 373 249 364 374 352 340 342 326 1 79 7 0 0 106 107 175 39 25 26 150 54 44 44 78 76 92 a210
452 473 480 496 490 496 386 362 292 359 327 343 440 481 479 458 484 469 44 23 0 0 6 0 141 165 218 168 200 184 56 15 1 38 12 27 f297
321 322 308 306 322 322 249 232 249 262 260 228 292 292 208 217 226 296 1 0 0 16 0 0 73 90 59 60 62 94 30 30 100 105 96 26 md168
591 592 576 592 549 592 584 441 414 470 372 502 584 426 462 511 415 461 1 0 0 0 43 0 8 151 162 122 220 90 8 166 114 81 177 131 n387
284 285 254 285 285 221 283 219 206 220 291 202 244 199 216 252 220 220 1 0 31 0 0 64 21 85 98 84 13 102 41 86 69 33 65 65 a397
287 306 306 288 280 306 239 252 274 254 228 227 234 248 232 157 196 220 1 0 0 0 8 0 49 54 32 34 60 79 54 58 74 131 92 86 md136
693 782 782 705 782 782 499 457 576 584 630 528 766 669 782 798 761 774 89 0 0 100 0 0 249 291 172 186 118 220 16 113 0 7 21 8 d44
131 122 165 165 165 165 102 43 140 144 152 139 133 133 142 122 131 140 34 43 0 0 0 0 52 111 14 10 2 15 32 32 23 43 34 25 md418
701 666 702 702 644 669 575 572 648 582 534 688 559 580 535 541 565 601 1 36 0 0 58 33 127 130 54 120 168 14 143 122 167 161 137 101 a116
487 439 495 495 459 495 339 355 354 407 265 369 375 342 372 430 379 412 8 41 0 0 21 0 123 93 108 55 183 93 120 138 123 65 101 83 d19
586 589 588 588 560 584 607 461 552 486 475 518 588 551 482 499 455 576 2 11 0 0 40 4 30 189 85 151 175 119 0 49 106 89 145 12 md250
1526 1568 1536 1341 1568 1493 1176 1279 1346 1213 1316 1300 1326 1568 1536 1536 1568 1536 10 0 0 195 0 43 312 240 142 275 203 188 210 0 0 0 0 0 jd250
628 645 590 446 666 605 503 565 409 489 460 488 537 617 650 650 668 650 22 31 60 204 10 45 172 137 266 186 242 187 113 59 0 0 8 0 jt279
917 899 955 868 916 892 1010 1080 1026 978 958 1031 1092 1092 1092 1092 1027 1092 175 193 137 224 176 200 82 12 66 114 134 61 0 0 0 0 65 0 m85
899 918 918 918 895 918 646 645 673 642 680 673 776 911 918 916 918 910 19 0 0 0 23 0 238 239 211 242 204 211 142 7 0 2 0 8 f393
384 305 385 380 349 362 254 211 298 279 239 293 363 326 355 385 359 319 1 69 0 5 25 23 166 197 122 141 169 127 22 48 30 0 15 66 s288
671 704 672 538 704 672 503 507 503 378 479 508 509 704 672 672 697 663 1 0 0 134 0 0 148 175 148 273 203 143 163 0 0 0 7 9 jd5
189 176 181 161 170 156 157 94 105 124 116 124 171 170 187 184 173 180 1 4 9 29 10 34 52 104 104 85 82 85 19 10 3 6 7 10 md238
974 962 950 972 849 972 748 712 634 628 690 660 874 913 910 939 949 869 1 28 25 3 141 3 227 278 341 347 300 315 101 77 65 36 41 106 n105
1567 1536 1404 1487 1536 1568 1524 1505 1336 1444 1558 1608 1280 1375 1370 1272 1280 1304 1 0 164 81 0 0 93 79 281 173 26 9 288 161 198 296 256 264 o491
259 247 276 280 277 247 229 162 174 199 151 227 330 311 336 336 289 336 77 75 60 56 45 89 83 137 138 113 148 85 6 11 0 0 33 0 m326
197 181 163 156 160 169 146 106 90 131 119 106 185 189 181 197 181 190 3 9 27 44 40 21 54 84 100 69 81 84 15 1 9 3 19 0 m380
1252 1150 1094 1088 859 1254 1237 913 1084 1206 1254 1254 1254 1138 1254 1254 1254 1254 2 104 160 166 395 0 17 341 170 48 0 0 0 116 0 0 0 0 ad200
415 423 380 388 437 437 348 337 302 317 350 360 350 437 414 437 437 437 22 14 34 49 0 0 108 119 130 139 106 96 87 0 0 0 0 0 jt201
254 252 228 246 255 255 196 194 187 146 208 222 211 201 239 188 211 222 1 3 27 9 0 0 59 61 68 109 47 33 44 54 16 67 44 33 o217
537 595 517 436 554 543 424 466 426 443 460 435 454 600 570 570 600 570 33 5 53 134 46 27 146 134 144 127 140 135 116 0 0 0 0 0 jt434
917 952 896 918 887 823 914 769 681 767 735 815 828 834 842 846 861 854 1 0 22 0 65 95 4 183 237 151 217 103 90 118 76 72 91 64 a211
716 699 651 719 700 606 591 536 623 541 626 558 660 564 599 653 605 650 9 1 74 6 0 119 105 136 73 155 46 138 65 136 126 72 95 75 a319
477 533 578 561 569 578 490 558 515 509 541 538 523 426 449 433 456 469 101 45 0 0 9 0 122 54 97 85 71 74 55 152 129 128 122 109 f6
599 588 566 600 521 548 522 503 519 559 501 556 473 464 563 468 510 495 1 12 58 0 79 52 103 122 131 66 124 69 127 136 61 132 90 105 a197
899 990 955 986 983 935 736 752 724 763 787 927 870 990 960 990 990 990 91 0 5 4 7 55 287 271 268 260 236 96 120 0 0 0 0 0 f108
799 734 795 800 800 825 707 689 804 763 782 772 718 776 682 720 707 771 1 91 30 0 0 0 125 169 54 69 50 86 82 49 143 80 93 54 m59
342 325 356 425 442 425 395 416 370 380 376 394 365 387 289 388 320 324 83 117 69 0 0 0 55 52 80 70 92 56 60 55 136 37 122 101 jt410
1437 1501 1537 1403 1429 1512 1273 1224 1249 1194 1103 1180 1243 1537 1537 1508 1496 1530 71 36 0 105 79 25 183 260 235 262 353 304 265 0 0 0 12 7 jd354
374 420 405 405 408 405 289 302 307 342 285 309 405 377 390 405 420 405 31 0 0 0 12 0 143 146 125 90 163 123 0 43 15 0 0 0 d45
194 228 257 243 234 247 229 178 188 149 225 181 235 212 191 176 208 197 53 19 3 4 13 0 37 88 92 117 41 85 12 35 69 71 39 50 md33
716 759 736 736 752 736 520 527 462 471 511 500 641 759 733 736 759 736 20 0 0 0 7 0 184 199 242 233 215 204 95 0 3 0 0 0 f376
767 768 768 800 667 768 618 619 548 580 694 615 768 750 610 800 768 768 1 0 0 0 101 0 174 173 244 245 98 177 0 18 158 0 0 0 ad132
467 512 528 528 490 528 436 449 383 426 285 416 493 359 444 496 411 484 61 0 0 0 22 0 125 95 178 135 259 145 35 153 84 32 101 44 n10
804 805 805 805 716 805 741 800 750 840 625 786 677 568 613 634 613 604 1 0 0 0 89 0 99 40 90 0 215 54 128 237 192 171 192 201 n437
303 288 240 302 293 232 205 151 133 173 240 197 240 223 248 246 210 248 1 16 64 2 11 72 80 134 152 112 45 88 64 81 56 58 94 56 a269
268 245 237 259 243 243 281 247 241 242 198 289 315 300 315 315 276 315 47 55 78 56 57 72 34 53 74 73 102 26 0 0 0 0 24 0 m253
721 663 722 722 693 722 684 612 684 684 607 670 598 602 577 609 580 621 1 40 0 0 10 0 0 54 0 0 59 14 124 101 145 113 123 101 s124
841 900 900 875 855 900 645 692 707 650 694 643 900 864 847 843 899 900 59 0 0 0 45 0 219 172 157 190 170 221 0 36 53 32 1 0 d353
443 528 570 551 570 570 464 493 488 448 511 497 525 478 460 388 427 463 127 42 0 0 0 0 106 77 82 103 59 73 45 92 110 163 143 107 f425
696 819 840 860 763 840 645 631 674 760 629 672 712 669 654 693 646 636 144 21 0 0 77 0 153 167 124 57 169 126 128 171 186 167 194 204 n214
314 274 291 315 287 239 300 241 231 283 288 166 277 213 196 172 229 232 1 41 45 0 28 76 0 59 89 17 12 134 38 102 140 143 86 83 a287
926 893 996 1021 942 967 993 766 887 922 902 831 965 969 1020 1054 1054 1054 128 161 24 33 112 87 92 319 163 163 183 254 89 85 0 0 0 0 jd400
351 336 352 344 324 352 275 264 275 269 280 253 293 266 238 243 239 299 1 0 0 8 12 0 55 51 55 61 35 77 59 70 114 109 97 53 md387
384 392 456 454 445 432 341 307 361 365 296 387 363 354 300 377 354 361 72 64 0 2 11 24 115 149 95 91 160 69 93 102 156 79 102 95 md295
765 812 784 812 808 812 752 662 703 604 695 614 743 812 782 793 812 812 47 0 0 0 4 0 89 179 109 237 146 227 69 0 2 19 0 0 md200
524 540 525 501 509 525 474 482 385 402 457 508 474 423 430 495 462 458 1 0 0 24 31 0 86 94 175 158 119 52 51 117 95 30 78 67 n357
216 224 224 212 224 224 131 142 159 198 190 186 195 164 160 165 163 187 8 0 0 12 0 0 93 82 65 26 34 38 29 60 64 59 61 37 md174
592 684 633 584 684 684 538 693 552 565 595 613 554 527 531 522 587 541 92 0 51 82 0 0 184 29 170 138 127 109 130 157 153 144 97 143 o284
272 301 278 242 299 286 224 196 203 183 223 186 243 299 304 304 323 304 32 22 26 62 24 18 64 110 85 105 83 102 61 24 0 0 0 0 jd247
1076 1060 1218 1218 1189 1218 1032 1041 1146 1080 1034 1098 1141 894 868 866 877 963 142 129 0 0 0 0 186 148 72 138 155 120 77 295 350 352 312 255 f9
764 765 782 765 725 765 583 548 522 513 520 600 750 648 681 742 651 651 1 0 0 0 40 0 182 217 260 252 245 165 15 117 101 23 114 114 n346
527 545 519 480 431 505 422 399 403 419 452 445 528 481 522 528 528 550 1 5 31 48 97 45 130 176 172 133 100 130 0 69 28 0 0 0 ad307
479 433 480 421 464 480 369 316 413 273 362 359 390 384 369 378 367 400 1 31 0 59 0 0 111 148 67 207 102 121 90 80 111 102 97 80 s343
356 323 357 348 291 357 322 255 299 285 298 318 274 310 297 269 296 230 1 51 0 9 83 0 35 119 58 72 76 39 83 64 60 88 78 127 jd303
339 345 342 301 369 337 409 395 301 341 324 341 442 425 425 442 402 413 103 80 83 141 73 88 33 30 124 101 118 84 0 0 0 0 40 12 m327
307 308 308 322 301 308 224 238 219 254 244 231 280 281 242 225 224 252 1 0 0 0 7 0 84 70 89 68 64 77 28 27 66 97 84 56 md327
374 327 375 364 367 353 280 243 239 254 304 303 320 284 280 301 297 282 1 48 0 11 8 22 70 107 111 96 46 47 55 91 95 74 78 93 a194
268 304 304 191 288 304 176 203 191 85 200 173 233 271 304 267 286 304 20 0 0 97 0 0 94 82 94 185 70 112 55 33 0 21 2 0 jt340
1658 1862 1822 1786 1567 1862 1341 1262 1311 1259 1214 1332 1624 1862 1862 1824 1824 1862 166 0 40 38 257 0 435 551 502 517 562 481 200 0 0 0 0 0 f171
379 335 380 279 361 380 317 228 269 216 343 370 335 347 367 289 261 312 1 26 0 101 0 0 63 133 111 164 18 10 45 14 13 91 100 68 jt324
672 732 768 777 678 768 546 535 477 586 522 544 768 768 633 792 768 768 96 36 0 15 90 0 190 201 259 173 214 192 0 0 135 0 0 0 d12
434 500 540 540 540 540 449 413 365 397 414 378 527 540 540 530 489 540 106 40 0 0 0 0 118 154 202 170 153 189 13 0 0 10 51 0 m193
461 429 437 462 462 343 371 325 394 423 441 298 339 346 346 294 388 326 1 12 4 0 0 98 91 116 47 39 21 143 123 95 95 168 74 115 a135
584 585 598 585 534 585 516 522 524 511 480 508 541 423 471 526 467 444 1 0 0 0 51 0 114 108 120 119 150 122 44 162 127 59 118 141 n142
899 889 858 788 900 900 872 844 788 747 880 880 646 720 666 664 652 703 1 11 42 87 0 0 28 56 112 128 20 20 254 180 234 211 248 197 o153
423 395 461 494 482 449 459 419 324 413 369 381 546 546 546 567 465 546 123 151 85 73 64 97 61 101 196 127 151 139 0 0 0 0 81 0 m281
801 888 912 928 844 891 811 747 702 737 759 760 928 838 835 928 928 928 127 40 16 0 84 37 117 181 226 191 169 168 0 90 93 0 0 0 ad199
374 340 355 355 390 375 262 237 262 260 281 309 284 299 274 281 295 284 1 50 20 20 0 0 88 127 88 90 83 41 91 91 101 94 95 91 s445
687 688 688 688 608 688 581 605 593 622 524 612 599 452 549 552 561 516 1 0 0 0 80 0 150 126 138 109 207 119 89 236 139 136 127 172 n114
285 294 276 273 294 294 222 209 200 234 221 195 262 294 294 294 294 294 9 0 18 21 0 0 93 106 115 81 94 120 32 0 0 0 0 0 jt302
499 517 528 503 528 528 310 361 367 357 339 346 518 480 513 528 521 527 29 11 0 25 0 0 218 167 161 171 189 182 10 48 15 0 7 1 d302
449 450 450 450 421 450 298 262 279 333 285 221 435 353 341 368 359 369 1 0 0 0 29 0 122 158 141 87 135 199 15 97 109 82 91 81 n208
592 637 682 517 620 651 417 459 480 339 440 452 464 640 682 651 651 651 59 14 0 134 31 0 213 171 180 291 190 178 187 11 0 0 0 0 jd179
708 780 779 760 680 780 497 496 522 558 484 547 760 734 687 760 760 772 52 0 1 0 80 0 225 245 219 164 238 194 0 46 93 0 0 8 d2
779 716 803 780 724 800 783 628 620 748 669 766 697 611 519 621 598 673 1 90 3 0 56 6 27 209 217 62 141 71 83 195 287 159 182 133 a386
1399 1229 1440 1400 1400 1400 1314 1256 1440 1348 1293 1400 1062 1047 1075 1043 1008 1080 1 171 0 0 0 0 86 144 0 52 107 0 338 353 365 357 392 320 s35
342 310 357 323 335 357 225 252 308 229 208 306 301 272 255 266 267 267 15 30 0 34 5 0 111 68 28 107 112 30 56 68 102 91 73 90 n68
550 459 564 484 547 551 522 353 486 493 413 468 462 450 507 395 493 458 1 92 6 67 4 0 58 227 114 87 167 112 89 101 63 156 58 93 s424
191 192 172 168 192 177 109 138 94 123 92 121 153 137 141 142 148 159 1 0 20 24 0 15 83 54 98 69 100 71 39 55 51 50 44 33 o141
648 659 692 651 653 669 519 467 521 502 526 597 696 602 700 700 675 681 52 21 8 49 27 31 216 247 214 233 188 138 4 78 0 0 5 19 d486
639 538 684 684 617 684 545 547 546 557 445 557 495 575 560 601 549 543 45 127 0 0 48 0 139 118 138 127 220 127 189 90 124 83 116 141 s428
1752 1759 1751 1754 1642 1507 1491 1430 1478 1524 1583 1549 1800 1681 1709 1800 1798 1800 48 41 49 46 158 293 269 330 282 236 177 211 0 119 91 0 2 0 ad491
779 772 667 683 780 780 596 674 651 602 657 765 689 654 601 531 641 553 1 8 133 97 0 0 184 106 149 178 123 15 91 126 199 249 139 227 o478
442 522 511 424 451 478 485 465 489 457 458 510 550 575 575 550 550 573 108 53 64 126 99 97 43 87 63 71 70 42 0 0 0 0 0 2 md92
249 281 312 300 300 282 244 173 200 208 207 252 300 315 315 300 266 315 51 34 3 0 0 33 76 163 136 112 113 84 0 0 0 0 34 0 m174
447 357 430 432 432 434 421 279 283 355 266 349 359 344 358 393 372 359 1 77 4 16 16 0 59 186 182 125 214 116 89 90 76 55 76 75 s327
434 382 458 442 320 434 345 256 232 276 250 333 483 460 342 483 460 483 49 78 25 41 140 49 138 204 251 207 210 150 0 0 141 0 0 0 ad181
150 176 171 144 156 148 135 131 95 97 99 128 177 180 166 173 158 180 30 4 9 36 24 32 60 64 100 98 96 67 3 0 14 7 22 0 m289
190 185 185 205 197 202 222 189 156 194 194 164 238 238 224 238 209 238 48 53 39 33 41 36 33 66 84 61 61 91 0 0 0 0 29 0 m405
339 350 327 198 352 357 266 259 245 149 263 250 261 343 357 357 357 357 18 7 30 159 5 0 91 98 112 208 94 107 96 14 0 0 0 0 jt424
583 575 575 496 598 575 537 485 526 462 550 533 532 480 564 507 465 469 15 0 0 102 0 0 87 115 74 162 74 67 66 95 11 91 133 106 jt67
243 253 232 234 240 266 193 140 145 152 194 264 231 215 194 246 246 224 23 13 20 32 26 0 73 126 107 114 72 2 35 51 58 20 20 42 a395
682 599 743 607 707 722 619 403 465 448 486 530 650 643 750 725 725 725 43 126 7 118 18 3 77 293 255 248 210 166 75 82 0 0 0 0 jd123
590 679 649 613 607 663 490 537 480 539 498 550 579 643 639 586 575 565 73 1 14 50 73 0 173 143 183 124 182 113 84 37 24 77 105 98 o26
857 952 918 794 952 918 631 668 751 612 719 640 766 922 918 913 952 918 61 0 0 124 0 0 260 256 140 279 205 251 152 30 0 5 0 0 jd156
215 151 214 238 230 238 177 109 170 161 134 127 237 174 214 184 202 193 23 87 38 0 8 0 44 112 64 60 87 94 1 64 38 54 36 45 md296
962 985 1044 1044 1044 1044 931 823 873 909 953 974 856 753 823 674 754 811 82 59 0 0 0 0 84 192 142 106 62 41 188 291 221 370 290 233 j295
747 621 744 722 748 748 655 491 625 609 623 662 615 542 647 626 569 599 1 127 4 26 0 0 59 223 89 105 91 52 133 206 101 122 179 149 s373
441 474 432 486 468 486 439 356 362 482 401 465 399 441 365 411 404 371 45 12 36 0 18 0 47 130 106 4 85 21 87 45 103 75 82 115 s398
720 703 762 710 769 720 536 496 499 432 492 518 713 780 780 780 780 780 60 77 18 70 11 60 205 245 242 309 249 223 67 0 0 0 0 0 f157
353 296 323 324 347 313 279 235 269 253 269 283 296 354 357 374 374 357 21 61 34 50 27 44 95 122 88 121 105 74 78 3 0 0 0 0 j219
2044 2112 2193 2193 2131 2191 1815 1872 1951 1981 1943 1890 2000 2142 2193 2193 2142 2193 149 30 0 0 11 2 335 228 199 169 157 260 193 0 0 0 0 0 j448
628 660 577 399 660 660 490 502 519 468 538 530 515 660 660 630 660 660 32 0 83 231 0 0 192 180 163 183 144 152 145 0 0 0 0 0 jt422
813 842 936 936 925 936 881 758 812 777 706 821 860 802 881 859 871 885 123 94 0 0 11 0 55 178 124 159 230 115 76 134 55 77 65 51 j442
683 665 684 684 588 684 599 463 543 621 480 526 592 513 562 552 516 549 1 0 0 0 77 0 121 237 177 99 220 194 92 152 122 132 149 135 n276
559 540 523 541 556 519 444 497 555 515 519 523 564 648 648 666 648 648 89 108 125 125 92 129 204 151 93 151 129 125 84 0 0 0 0 0 f391
335 416 420 441 441 323 275 269 339 330 390 305 378 349 352 332 369 367 106 25 0 0 0 118 166 172 81 111 51 136 63 92 68 109 72 74 a118
479 434 329 455 449 480 448 398 329 448 377 404 412 358 330 366 372 352 1 62 151 25 47 0 32 98 151 32 119 76 68 138 150 114 124 128 s481
482 483 506 483 406 483 403 360 328 357 396 392 483 430 463 483 483 483 1 0 0 0 77 0 101 144 200 147 108 112 0 53 43 0 0 0 ad69
777 732 780 725 709 761 698 557 628 583 687 615 723 800 800 775 800 800 23 68 20 50 91 39 102 243 172 192 113 185 77 0 0 0 0 0 j115
432 467 548 500 455 485 458 441 395 385 423 458 567 546 567 567 499 567 135 79 19 67 91 82 136 131 199 209 149 136 0 0 0 0 47 0 m416
517 567 578 553 578 578 414 393 432 431 420 484 489 412 454 473 469 456 61 11 0 8 0 0 130 151 112 97 124 60 89 166 124 88 109 122 s251
855 793 770 787 861 882 799 712 764 709 829 872 754 734 766 741 708 672 27 68 112 95 0 0 125 190 160 215 73 52 128 127 116 141 153 210 s228
703 698 664 530 634 704 562 502 504 410 481 501 590 592 704 672 704 704 1 6 40 142 70 0 120 180 178 241 201 181 114 112 0 0 0 0 jt449
556 509 559 559 488 540 496 330 404 421 367 355 421 412 511 518 474 438 3 37 0 0 58 19 106 258 198 181 221 247 138 134 48 41 72 121 s280
440 450 450 450 428 450 345 353 405 355 406 349 374 350 331 299 337 361 10 0 0 0 22 0 80 72 20 70 19 76 76 100 119 151 113 89 md116
1236 1283 1260 936 1241 1204 1022 1064 1073 1025 1090 1180 1135 1282 1290 1320 1320 1290 84 7 30 384 79 86 254 183 174 251 186 67 185 8 0 0 0 0 jt250
256 276 267 288 282 280 205 232 212 239 224 261 258 249 243 239 271 246 44 24 21 12 18 20 95 68 76 61 76 39 42 51 45 61 29 54 ad309
929 930 930 899 838 930 749 764 670 689 700 727 930 930 759 899 930 930 1 0 0 0 92 0 151 136 230 181 200 173 0 0 171 0 0 0 ad184
1041 1118 1094 1092 1083 1079 887 877 843 888 923 835 939 1035 1015 992 1044 1048 77 0 24 26 35 39 231 241 275 230 195 283 179 83 103 126 74 70 f319
1351 1326 1322 1352 1352 1326 1224 1028 1132 1302 1130 1250 1125 1226 1203 1111 1134 1086 1 0 4 0 0 0 128 298 194 50 222 76 227 100 123 241 218 240 s117
647 630 648 595 630 648 529 488 533 555 519 561 516 455 472 498 468 517 1 0 0 53 0 0 119 142 115 93 111 87 132 175 176 150 162 131 n127
515 610 633 584 624 643 515 383 426 407 402 436 568 586 648 624 624 648 109 38 15 40 0 5 83 238 195 191 196 185 56 62 0 0 0 0 j421
559 554 537 560 557 486 468 426 404 472 517 437 476 447 490 442 445 483 1 26 43 0 3 94 92 154 176 88 43 143 84 133 90 118 115 97 a443
452 437 440 455 374 456 365 310 288 302 259 309 407 400 390 446 372 432 12 11 24 9 74 8 70 110 147 133 161 126 57 48 74 18 76 32 n283
813 794 749 802 816 858 571 678 577 611 637 591 727 762 727 681 793 744 45 42 109 56 20 0 248 120 242 208 161 228 131 74 131 177 43 114 o319
840 841 776 694 841 841 717 790 668 624 788 717 617 638 576 604 755 605 1 0 36 147 0 0 153 80 172 246 82 153 224 203 236 237 86 236 o469
459 480 460 368 445 460 375 416 435 265 412 404 392 339 348 330 381 321 1 0 0 92 35 0 85 64 25 195 68 56 68 141 112 130 99 139 jt445
351 336 294 352 346 289 336 250 260 239 289 245 292 242 248 300 262 260 1 0 42 0 6 47 16 86 76 113 63 91 60 94 88 52 90 76 a173
364 426 432 432 443 432 384 390 349 372 400 393 358 321 337 284 350 313 68 22 0 0 5 0 75 86 110 87 76 66 74 127 95 148 98 119 j301
1408 1508 1344 1456 1508 1508 1077 1183 1164 1214 1293 1129 1392 1427 1311 1413 1381 1425 100 0 164 23 0 0 379 273 292 214 163 327 116 81 197 66 127 83 o458
794 819 840 784 819 830 614 610 654 640 620 685 840 719 840 840 819 840 46 0 0 56 0 10 226 209 186 200 199 155 0 100 0 0 0 0 d145
895 868 896 896 704 896 675 663 575 636 651 648 896 868 771 896 868 896 1 0 0 0 164 0 189 174 289 228 186 216 0 0 125 0 0 0 ad478
315 356 360 361 285 348 268 259 176 202 263 251 361 307 316 349 361 361 46 5 1 0 76 13 93 102 185 159 98 110 0 54 45 12 0 0 ad247
377 325 399 399 418 399 305 308 256 267 280 283 399 418 389 399 350 394 22 93 0 0 0 0 115 132 164 153 160 137 0 0 10 0 68 5 m301
839 763 769 776 783 840 813 689 755 764 707 721 722 672 668 607 670 623 1 49 71 64 29 0 57 152 115 106 134 149 118 140 172 233 142 217 s5
1439 1425 1423 1440 1313 1440 1203 1045 1106 1149 1006 1097 1214 1186 1210 1156 1135 1090 1 15 17 0 127 0 177 335 274 231 374 283 226 254 230 284 305 350 n394
432 504 487 487 484 444 391 449 397 414 396 430 421 453 444 436 479 439 58 0 3 3 20 46 134 91 128 111 144 95 69 51 46 54 25 51 f309
511 512 512 512 491 512 540 544 544 522 499 495 424 411 416 371 405 370 1 0 0 0 21 0 4 0 0 22 45 49 88 101 96 141 107 142 md66
234 256 294 292 277 294 301 152 195 191 191 200 278 247 294 294 280 294 60 24 0 2 3 0 14 148 120 124 109 115 16 33 0 0 0 0 j259
873 893 874 874 813 874 833 833 782 825 752 838 760 725 740 764 719 702 1 0 0 0 80 0 87 107 138 95 188 82 114 168 134 110 174 172 n113
482 588 588 546 588 588 363 413 401 334 420 460 515 546 547 567 578 542 106 0 0 21 0 0 253 203 215 260 196 156 73 42 41 0 10 46 f277
493 494 468 456 494 403 466 437 317 389 459 372 417 393 399 426 393 404 1 0 26 19 0 91 28 57 177 86 35 122 77 101 95 49 101 90 a367
552 568 558 526 511 553 403 454 426 353 423 480 483 535 535 476 560 497 8 6 16 34 49 21 197 161 189 247 177 135 77 39 39 84 0 77 f258
839 737 840 825 822 840 850 784 746 780 750 829 666 700 727 705 752 698 1 103 0 35 18 0 32 98 136 123 132 53 174 140 113 155 88 142 s64
1333 1247 1305 1334 1259 1305 1166 1158 1237 1330 1184 1194 1102 1124 1105 1121 1155 1220 1 58 0 0 75 0 168 147 68 4 150 111 232 181 200 213 179 85 n59
607 616 616 536 616 616 566 551 518 485 574 537 493 573 590 579 562 539 9 0 0 58 0 0 50 65 98 109 42 79 123 43 26 15 54 77 jd18
287 255 260 304 288 284 273 203 205 262 250 231 250 288 242 241 243 236 1 33 28 0 0 4 33 103 101 61 56 75 38 0 46 63 45 52 md43
461 462 451 462 394 443 333 190 261 321 200 327 385 324 339 375 332 371 1 0 11 0 68 19 129 272 201 141 262 135 77 138 123 87 130 91 n154
762 851 851 720 828 801 574 457 503 527 540 641 826 747 815 787 824 851 66 0 0 108 0 50 254 394 348 301 288 210 2 104 36 41 4 0 d345
951 826 952 924 809 908 862 695 650 561 733 652 952 952 747 924 948 952 1 126 0 0 143 44 124 291 336 396 253 334 0 0 205 0 4 0 ad386
252 269 255 241 270 255 167 150 97 141 206 254 230 189 190 187 212 195 3 1 0 14 0 0 88 120 158 114 64 1 25 81 65 68 58 60 a17
835 910 912 912 892 912 680 642 718 755 670 783 909 820 831 854 883 869 77 2 0 0 20 0 232 270 194 157 242 129 3 92 81 58 29 43 d308
681 627 672 658 627 684 456 456 544 485 432 437 630 530 555 624 580 565 3 39 12 26 39 0 190 173 102 161 197 209 54 136 129 60 86 119 s275
365 459 459 442 442 459 344 372 350 353 356 339 400 293 331 294 339 343 77 0 0 0 0 0 98 87 109 89 86 120 42 166 128 148 103 116 f421
287 238 262 288 288 273 241 171 174 203 260 173 284 302 304 271 267 260 1 66 42 0 0 31 47 133 130 85 28 131 4 2 0 17 21 44 a314
575 600 625 625 491 620 532 438 527 557 453 487 561 538 625 625 600 625 50 0 0 0 109 5 118 186 123 93 171 163 64 62 0 0 0 0 jd456
551 566 586 609 575 612 549 445 485 506 399 510 545 510 519 588 441 484 61 28 26 3 19 0 63 149 127 106 195 102 67 84 93 24 153 128 s10
428 451 375 347 462 440 336 313 339 322 363 333 384 414 440 440 462 440 12 11 65 93 0 0 104 149 101 118 99 107 56 48 0 0 0 0 jt397
1631 1611 1632 1632 1598 1632 1483 1563 1431 1632 1408 1632 1445 1404 1369 1396 1259 1302 1 21 0 0 34 0 149 69 201 0 224 0 187 228 263 236 373 330 s51
306 279 297 323 323 274 280 272 247 286 317 224 292 302 267 244 274 249 17 44 9 0 0 49 62 70 77 56 25 118 31 21 39 79 49 74 a484
239 252 221 228 235 182 173 144 159 132 141 139 213 247 208 238 245 240 1 0 19 12 17 58 67 108 81 108 111 101 27 5 32 2 7 0 md371
298 270 285 322 313 302 363 374 342 313 314 342 391 374 391 391 332 391 93 104 106 69 61 89 51 22 72 101 82 72 0 0 0 0 42 0 m407
1108 1146 1149 1117 940 1162 856 763 698 813 839 777 1140 1170 971 1140 1140 1170 32 24 21 23 200 8 246 368 433 289 263 354 0 0 199 0 0 0 ad454
342 324 282 365 364 364 186 206 276 233 238 276 328 276 234 251 299 282 22 40 82 12 0 0 178 158 88 144 126 88 36 88 130 126 65 82 o497
447 448 448 464 433 448 335 340 342 394 385 320 402 405 329 312 288 358 1 0 0 0 15 0 141 136 134 99 91 156 46 43 119 152 160 90 md454
455 456 397 447 456 456 346 414 287 351 398 359 324 373 356 348 356 363 1 0 59 9 0 0 86 18 145 81 34 73 132 83 100 108 100 93 o317
690 698 640 725 725 639 497 537 616 725 746 574 599 535 637 614 639 591 35 27 110 0 0 86 257 217 164 29 8 180 126 190 113 111 86 134 a375
713 787 825 800 635 769 595 446 517 563 507 589 825 726 760 825 800 825 112 13 0 25 165 56 230 354 308 262 293 236 0 74 65 0 0 0 d103
545 567 567 546 456 532 445 392 365 408 369 446 546 567 477 546 546 567 1 0 0 0 90 35 127 202 229 164 203 148 0 0 90 0 0 0 ad173
718 786 792 710 792 792 620 540 539 555 618 554 792 750 697 742 765 792 74 6 0 60 0 0 172 252 253 215 174 238 0 42 95 28 27 0 d229
779 780 800 780 737 780 630 593 614 618 579 630 715 640 719 755 670 660 1 0 0 0 43 0 150 187 186 162 201 150 65 140 81 25 110 120 n139
306 318 342 341 227 292 304 249 148 255 253 237 342 342 258 361 342 342 36 24 0 20 115 50 56 111 212 125 107 123 0 0 84 0 0 0 ad402
422 356 404 369 385 351 406 361 358 351 338 330 464 448 464 464 418 464 42 92 60 95 63 113 58 87 106 113 110 134 0 0 0 0 30 0 m374
325 322 261 336 304 336 256 246 220 279 210 246 260 240 246 241 240 259 11 0 75 0 18 0 80 76 116 57 112 90 76 82 90 95 82 77 o189
1235 1331 1196 1305 1275 1305 1169 1177 1120 1260 1198 1260 1204 1257 1147 1124 1085 1148 70 3 109 0 59 0 91 111 140 0 90 0 101 77 158 181 249 157 s59
463 467 497 446 372 448 382 325 303 325 314 327 483 483 403 483 483 483 20 16 9 37 111 35 101 158 203 158 169 156 0 0 103 0 0 0 ad202
262 223 288 288 257 288 270 233 245 262 220 252 254 259 216 209 217 232 26 65 0 0 31 0 0 37 25 8 50 18 34 29 72 79 71 56 jd61
839 800 667 759 800 840 686 628 596 549 628 662 661 721 751 814 779 781 1 0 173 81 0 0 133 152 223 270 152 157 179 79 89 26 21 59 jt423
589 569 587 575 624 620 481 403 401 419 487 452 654 658 650 624 615 649 71 91 73 55 36 40 157 235 237 190 151 186 6 2 10 6 45 11 m295
185 183 279 306 288 288 189 177 179 186 202 189 281 281 278 282 222 282 103 105 9 0 0 0 83 95 93 103 70 83 7 7 10 24 66 6 m500
357 382 388 384 386 370 267 336 327 289 315 376 372 425 425 408 408 425 51 43 37 24 22 55 165 114 123 143 117 74 36 0 0 0 0 0 f141
429 428 498 481 477 520 403 403 407 411 391 411 434 500 520 520 500 520 91 72 22 39 23 0 117 97 113 109 109 109 86 0 0 0 0 0 jd48
550 640 634 620 640 656 509 428 445 429 459 486 600 519 483 515 515 537 90 16 22 20 0 0 131 228 211 211 181 170 40 137 173 125 125 119 n47
589 640 640 640 629 640 526 463 444 480 471 490 589 640 640 640 640 640 51 0 0 0 11 0 146 209 228 192 201 182 51 0 0 0 0 0 f158
594 557 612 592 545 595 528 480 497 578 450 446 498 476 474 468 479 491 1 38 0 3 50 0 67 115 115 17 145 149 97 119 138 127 116 104 s12
589 594 576 590 594 594 432 522 445 442 314 532 462 468 458 403 448 429 5 0 18 4 0 0 129 39 116 119 247 29 132 126 136 191 146 165 o457
616 765 768 784 699 768 657 655 665 738 577 663 703 590 674 652 609 588 152 3 0 0 69 0 159 161 151 95 239 153 65 178 94 132 159 180 n284
731 761 792 792 737 792 669 601 509 554 518 630 792 816 652 760 754 792 61 55 0 0 79 0 90 181 250 205 264 129 0 0 140 32 62 0 d230
1450 1519 1467 1480 1505 1457 1185 1309 1214 1194 1250 1263 1407 1492 1451 1473 1502 1488 38 0 21 8 14 31 351 259 322 342 318 273 81 27 37 15 17 0 f197
644 589 642 596 586 651 512 458 614 561 510 591 508 415 465 480 420 481 7 41 9 55 44 0 170 202 68 121 150 91 143 215 186 171 210 170 s179
627 486 650 650 624 646 539 445 396 479 448 571 650 548 650 638 584 650 23 138 0 0 0 4 136 203 279 196 200 104 0 76 0 12 40 0 m108
712 673 702 728 720 702 553 515 561 556 574 521 640 702 702 728 728 702 16 29 0 0 8 0 147 160 114 144 126 154 88 0 0 0 0 0 j450
489 466 493 493 427 406 336 380 411 432 376 352 448 405 438 468 465 493 4 10 0 0 49 87 128 68 53 32 72 112 45 71 55 25 11 0 ad20
1545 1586 1716 1716 1479 1716 1460 1394 1335 1486 1263 1108 1716 1677 1473 1716 1677 1716 171 91 0 0 198 0 256 283 381 230 414 608 0 0 243 0 0 0 d270
491 570 570 549 520 570 430 382 361 353 417 397 548 482 497 551 548 562 79 0 0 2 50 0 170 218 239 227 183 203 22 88 73 0 22 8 d317
711 735 712 692 732 735 560 520 542 534 555 530 625 735 714 735 735 735 24 0 2 43 3 0 210 250 206 236 215 240 110 0 0 0 0 0 j190
612 625 625 613 625 625 463 355 403 391 432 428 533 594 625 625 625 625 13 0 0 12 0 0 137 245 197 209 168 172 92 31 0 0 0 0 j325
442 462 459 433 446 462 365 318 332 327 343 373 399 462 462 448 448 462 6 0 3 15 2 0 115 177 163 153 137 122 49 0 0 0 0 0 f492
834 780 655 898 861 889 898 645 599 870 822 628 785 665 640 673 717 662 68 81 247 4 0 13 4 216 303 32 39 274 117 196 262 229 144 240 a459
755 668 645 756 718 601 736 534 506 519 598 565 639 662 756 756 728 756 1 60 111 0 10 155 20 194 250 237 130 191 117 66 0 0 0 0 a451
663 732 748 748 715 748 683 639 560 608 532 516 651 675 586 596 587 473 85 16 0 0 33 0 31 75 154 106 182 198 97 73 162 152 161 275 s74
532 586 559 598 598 491 504 508 503 526 595 490 537 505 489 518 443 559 66 12 39 0 0 107 117 113 118 95 26 131 61 93 109 80 155 39 a490
447 448 448 458 398 448 422 408 427 446 299 329 353 317 317 329 348 393 1 0 0 4 50 0 26 40 21 16 149 119 95 131 131 133 100 55 n481
341 324 342 342 316 342 275 280 291 287 265 224 268 246 212 224 217 250 1 0 0 0 8 0 48 26 32 36 41 99 74 78 130 118 107 92 md282
248 253 243 234 251 267 219 230 218 160 238 253 219 251 236 237 248 224 12 20 30 26 9 6 61 64 76 120 42 41 41 22 37 23 12 49 a309
413 408 396 236 414 416 306 297 350 299 331 285 308 412 416 442 416 416 3 8 20 206 2 0 110 119 66 143 85 131 108 4 0 0 0 0 jt285
482 560 544 560 544 556 422 409 432 408 374 416 495 448 491 519 479 457 78 0 0 0 16 4 138 151 112 152 186 144 65 112 53 41 81 103 s252
318 325 341 345 357 345 250 210 230 224 226 223 294 332 343 338 342 311 27 35 4 0 3 0 95 150 115 121 134 122 51 28 2 7 18 34 jd236
1009 913 1009 1035 825 976 912 741 730 715 861 728 861 941 1015 1044 1044 1015 35 102 6 9 219 39 96 239 250 293 147 252 183 74 0 0 0 0 jd416
588 690 607 491 690 660 492 549 443 339 493 590 524 690 660 652 676 660 72 0 53 169 0 0 168 141 217 321 197 70 136 0 0 8 14 0 jt291
344 345 330 345 337 345 266 217 188 238 204 227 287 310 289 219 255 314 1 0 0 0 8 0 56 105 120 84 118 95 58 35 41 126 90 31 md47
168 169 133 169 160 139 143 129 137 86 100 133 136 169 139 131 169 169 1 0 49 0 9 30 26 40 45 83 69 36 33 0 43 38 0 0 md289
217 210 216 206 215 205 158 142 153 165 211 196 209 222 209 204 221 206 7 14 8 4 9 19 66 82 71 45 13 28 15 2 15 6 3 18 a232
1138 1211 1346 1308 1257 1326 1114 842 785 949 847 998 1260 1108 1356 1317 1303 1266 188 115 14 18 69 0 251 523 615 416 518 367 66 218 4 9 23 60 d295
1249 1325 1457 1468 1440 1359 1450 1405 1238 1301 1264 1321 1537 1566 1537 1537 1441 1537 288 241 80 69 126 178 87 161 299 236 302 216 0 0 0 0 125 0 m354
584 621 597 494 567 605 430 474 392 386 502 379 452 621 621 621 621 621 37 0 24 127 54 16 191 147 229 235 119 242 169 0 0 0 0 0 jt75
640 619 583 508 664 583 561 442 475 516 546 495 641 560 648 672 672 648 32 29 65 164 8 65 83 179 146 128 98 126 31 88 0 0 0 0 jt374
250 307 338 325 332 338 280 283 265 224 247 257 322 284 244 221 264 275 88 31 0 0 6 0 84 81 99 126 117 107 16 54 94 104 74 63 f318
863 878 933 982 803 929 859 810 764 797 804 819 986 1015 879 986 986 1015 123 137 82 4 183 86 161 240 286 223 216 231 0 0 136 0 0 0 d37
417 437 459 469 476 459 383 372 391 402 420 438 310 396 354 389 350 354 59 22 0 7 0 0 121 114 95 102 84 48 166 63 105 87 126 105 s402
1166 1218 1218 1182 1191 1218 906 881 905 787 824 937 1108 1069 977 1156 1140 1111 52 0 0 65 27 0 270 295 271 417 352 239 110 149 241 91 78 107 d84
853 975 1050 1082 1050 1050 817 844 897 872 835 877 818 1050 1050 1085 1050 1050 197 75 0 3 0 0 263 236 183 244 245 203 232 0 0 0 0 0 j451
356 318 322 301 275 319 268 192 158 213 212 216 357 340 284 357 340 357 1 22 35 56 65 38 68 128 178 123 108 120 0 0 73 0 0 0 ad261
303 265 292 247 282 304 281 222 295 215 240 265 282 241 242 236 232 233 1 23 12 57 6 0 42 84 28 108 66 58 22 47 62 68 56 71 jt299
512 439 513 413 402 513 486 358 354 322 334 366 444 435 513 513 486 513 1 47 0 100 84 0 8 110 140 172 134 128 69 51 0 0 0 0 jt296
271 272 272 283 272 272 213 195 200 171 183 157 222 236 206 211 196 244 1 0 0 6 0 0 43 61 56 101 73 99 50 36 66 78 76 28 md242
176 173 178 182 177 170 130 146 102 117 167 151 165 158 143 160 154 170 20 23 18 0 19 26 66 50 94 65 29 45 31 38 53 22 42 26 a247
1187 1215 1215 1188 1121 1215 1108 1116 987 1077 902 1104 1036 984 998 990 991 1025 1 0 0 0 67 0 124 144 273 155 330 156 152 231 217 198 197 190 n320
575 576 576 552 488 576 488 505 472 459 420 507 495 406 506 524 556 532 1 0 0 0 88 0 112 95 128 116 180 93 81 170 70 28 20 44 ad135
574 575 598 575 509 524 475 530 470 470 488 462 499 514 452 518 459 476 1 0 0 0 66 51 75 20 102 80 62 88 76 61 146 57 116 99 a335
424 425 390 397 425 425 331 331 324 321 282 342 304 305 321 341 330 324 1 0 35 28 0 0 94 94 101 104 143 83 121 120 104 84 95 101 o50
890 953 772 819 990 957 705 822 806 758 793 771 957 990 957 955 990 957 67 37 185 138 0 0 252 168 151 199 197 186 0 0 0 2 0 0 o330
371 358 379 365 359 354 414 421 313 320 316 332 464 464 448 464 399 464 93 106 69 99 105 110 50 43 135 144 148 132 0 0 0 0 65 0 m368
587 635 644 644 616 644 472 354 462 511 437 490 588 564 493 611 575 554 57 9 0 0 28 0 144 262 154 105 179 126 56 80 151 33 69 90 d291
314 268 301 340 320 285 231 240 243 272 286 280 291 287 266 259 283 298 6 52 19 0 0 35 89 80 77 68 34 40 29 33 54 81 37 22 a169
610 557 490 455 594 627 455 403 414 432 448 476 524 499 627 627 594 627 17 37 137 172 0 0 172 191 213 195 146 151 103 95 0 0 0 0 jt179
363 394 425 425 421 425 370 217 306 317 291 264 420 350 386 355 383 401 62 31 0 0 4 0 30 183 94 83 109 136 5 75 39 70 42 24 md193
470 468 464 411 399 493 431 281 397 393 418 418 504 408 481 476 504 504 34 36 40 65 105 11 91 241 125 100 104 104 0 96 23 0 0 0 ad468
400 427 476 448 462 458 312 240 381 284 307 299 361 309 356 331 362 382 62 35 0 14 0 4 150 222 95 178 155 163 101 153 120 131 100 80 s326
445 390 466 425 477 426 518 360 419 450 430 441 423 447 525 525 500 525 80 110 59 100 23 99 7 140 106 75 70 84 102 53 0 0 0 0 jd316
429 416 437 432 435 426 295 301 331 238 325 337 370 437 434 422 423 437 8 21 0 5 2 11 165 159 129 222 135 123 67 0 3 15 14 0 j152
467 489 499 507 456 509 464 355 350 338 319 445 528 468 473 552 528 528 61 39 29 45 72 19 86 195 200 237 231 105 0 60 55 0 0 0 ad351
764 760 779 779 682 779 588 590 687 712 514 686 598 613 576 684 575 637 15 0 0 0 78 0 150 130 51 26 206 52 181 147 203 95 185 142 n207
480 462 483 483 462 395 403 432 363 443 448 366 393 349 325 375 361 391 3 0 0 0 0 88 80 30 120 40 14 117 90 113 158 108 101 92 a409
524 454 493 522 515 502 460 332 428 340 391 360 468 525 567 588 588 567 64 113 74 66 73 65 100 208 112 220 169 180 120 42 0 0 0 0 j415
709 765 780 714 806 780 646 772 737 629 697 702 651 720 661 687 766 610 71 41 0 66 0 0 104 3 13 121 78 48 129 86 119 93 40 170 jd59
305 357 378 399 372 378 294 312 249 289 230 298 378 378 280 393 378 378 73 21 0 0 6 0 102 84 147 129 166 98 0 0 98 6 0 0 ad248
458 427 522 522 498 503 447 318 428 327 400 416 495 445 508 522 504 522 64 77 0 0 6 19 75 186 94 195 104 106 27 59 14 0 0 0 md489
276 286 278 285 300 270 203 202 169 179 185 191 278 308 308 308 308 308 32 22 30 23 8 38 105 106 139 129 123 117 30 0 0 0 0 0 f405
299 300 255 315 283 288 312 256 233 283 267 280 247 220 225 262 226 240 1 0 45 0 17 12 8 64 87 53 53 40 53 80 75 53 74 60 a137
1254 1371 1457 1358 1380 1457 1195 1202 1287 1154 1142 1113 1177 1357 1454 1409 1403 1456 156 86 0 52 30 0 245 286 201 286 298 375 233 100 3 1 7 1 jd386
217 196 225 228 216 220 166 144 147 155 205 142 191 151 162 186 154 175 11 20 3 0 0 8 62 72 81 73 11 86 37 65 66 42 62 53 a238
296 265 258 292 263 278 345 297 278 275 296 262 348 348 348 348 327 348 52 83 90 56 85 70 32 80 99 102 81 115 0 0 0 0 21 0 m297
467 390 504 525 501 504 388 362 266 371 340 398 473 501 504 495 433 467 37 114 0 0 3 0 92 118 214 129 140 82 31 3 0 30 71 37 m485
374 390 375 375 379 375 284 289 267 277 320 233 335 357 285 288 289 318 1 0 0 0 11 0 91 101 108 98 70 142 40 33 90 87 101 57 md280
509 462 450 510 459 510 484 367 426 516 333 491 407 376 414 420 394 402 1 48 60 0 51 0 56 173 114 24 207 49 103 134 96 90 116 108 s130
431 328 407 397 425 420 309 295 305 294 284 278 440 460 459 440 406 457 9 132 53 43 15 40 109 142 132 124 134 159 0 0 1 0 34 3 m73
462 517 525 536 510 490 365 380 370 326 375 423 458 520 540 540 520 540 78 3 15 4 10 50 202 166 197 241 171 144 82 0 0 0 0 0 f244
259 271 260 260 269 260 218 147 172 167 203 166 260 213 196 185 198 219 1 2 0 0 4 0 42 126 88 93 70 94 0 60 64 75 75 41 md236
377 328 360 378 376 378 351 261 238 219 197 262 329 260 214 241 229 322 1 50 0 0 2 0 6 96 102 138 160 95 49 118 146 137 149 56 j473
335 336 342 336 330 279 300 318 260 313 326 281 254 281 248 283 271 277 1 0 10 0 6 57 57 39 114 44 31 76 82 55 104 53 65 59 a48
590 665 703 663 690 713 479 411 392 476 435 565 658 655 649 681 682 666 100 48 10 27 0 0 181 271 290 184 225 117 32 58 64 9 8 47 d10
1667 1755 1710 1718 1352 1659 1305 1507 1439 1411 1342 1496 1725 1672 1555 1755 1737 1755 88 0 0 37 403 96 450 248 271 344 413 259 30 83 155 0 18 0 ad458
430 474 476 455 426 494 349 258 243 296 280 328 410 366 395 441 398 380 64 7 18 39 55 0 145 223 251 198 201 166 84 115 99 53 83 114 n326
515 638 609 577 454 541 424 521 407 440 583 521 609 589 534 609 638 609 94 0 0 32 184 68 185 117 202 169 55 88 0 49 75 0 0 0 ad431
459 435 460 421 383 460 362 313 238 300 338 344 460 401 392 460 437 460 1 2 0 39 54 0 98 124 222 160 99 116 0 36 68 0 0 0 ad324
778 763 760 779 679 779 650 518 621 629 524 571 718 645 689 746 709 755 1 16 0 0 100 0 170 302 179 191 296 249 61 134 71 33 70 24 n146
551 552 576 549 452 552 384 393 339 346 358 357 552 548 448 549 552 552 1 0 0 3 100 0 145 136 213 183 171 172 0 4 128 3 0 0 ad271
382 360 366 376 290 333 291 278 262 289 266 261 412 420 435 435 364 435 53 60 69 59 130 102 115 114 144 117 126 145 23 0 0 0 56 0 m422
261 279 293 332 305 336 274 243 188 166 203 231 329 329 327 346 305 306 75 57 43 18 31 0 38 69 124 159 109 81 7 7 9 4 31 30 m314
1253 1400 1400 1257 1400 1400 988 958 995 963 1042 1018 1371 1245 1322 1384 1373 1383 147 0 0 143 0 0 412 442 405 437 358 382 29 155 78 16 27 17 d329
395 360 352 277 396 396 359 225 295 200 270 274 331 350 396 396 396 396 1 36 44 119 0 0 37 171 101 196 126 122 65 46 0 0 0 0 jt208
685 875 833 846 858 815 767 711 697 666 758 685 864 891 864 864 887 864 179 16 31 18 33 49 97 180 167 198 133 179 0 0 0 0 4 0 f227
419 429 399 410 426 420 268 339 332 316 316 332 366 382 323 318 394 328 1 5 21 10 8 0 152 95 88 104 118 88 54 52 97 102 40 92 o314
527 512 528 492 480 528 490 418 455 430 401 438 423 389 393 441 426 422 1 0 0 36 32 0 5 62 40 65 79 57 105 123 135 87 86 106 n81
1057 1058 1058 1058 854 1035 922 861 813 787 849 800 1058 1058 937 1058 1054 1058 1 0 0 0 204 23 182 243 291 317 255 304 0 0 121 0 4 0 ad268
1344 1257 1350 1323 1279 1350 1175 1142 1185 1284 1144 1242 1180 1153 1132 1130 1042 1094 6 93 0 0 71 0 175 208 165 39 206 108 170 197 218 193 308 256 n54
702 684 645 661 684 703 577 630 560 545 612 595 511 551 529 504 535 552 1 0 58 42 0 0 89 18 106 121 36 71 192 133 174 199 149 151 o389
715 783 844 831 800 851 714 637 597 611 524 775 840 778 826 851 824 759 136 45 7 20 28 0 137 191 254 240 304 76 11 50 25 0 4 92 d151
163 220 220 231 211 220 133 143 162 167 173 157 219 176 146 142 170 176 57 0 0 0 9 0 67 57 38 43 27 43 1 44 74 89 50 44 f256
734 714 725 571 575 748 575 551 569 549 526 563 581 714 748 748 714 748 14 0 23 177 139 0 173 163 179 199 188 185 167 0 0 0 0 0 jt33
576 646 646 646 575 646 507 558 556 521 437 515 547 638 609 612 608 585 70 0 0 0 71 0 173 122 124 159 243 165 99 8 37 34 38 61 jd36
335 248 270 336 329 322 343 185 248 279 290 285 276 311 285 260 265 263 1 74 52 0 7 0 17 160 97 81 70 60 60 11 37 76 71 59 md102
243 160 236 226 225 223 265 222 195 214 190 209 300 285 285 300 247 285 57 125 49 74 75 62 35 63 90 86 110 76 0 0 0 0 53 0 m242
641 675 648 623 579 648 459 505 531 516 528 500 545 649 648 648 675 648 7 0 0 25 96 0 189 170 117 132 147 148 103 26 0 0 0 0 jd90
608 605 630 573 607 609 428 337 449 466 442 525 498 542 462 442 392 516 1 4 0 36 2 0 152 243 151 114 138 55 111 67 168 167 217 93 md131
511 471 482 500 492 496 398 396 403 427 381 431 417 416 427 417 405 442 1 25 14 12 20 0 114 100 93 85 131 65 95 80 69 95 107 54 s420
581 525 563 584 544 580 623 604 542 540 503 583 676 650 596 676 650 676 95 125 113 92 106 96 79 71 160 162 172 119 0 0 80 0 0 0 md400
957 873 1018 992 975 1017 931 782 821 830 839 859 859 951 1023 992 992 1023 35 150 5 0 17 6 93 274 235 194 185 197 133 72 0 0 0 0 j31
1003 1094 1147 1116 1116 1147 997 952 941 949 906 979 874 1095 1147 1116 1116 1147 113 53 0 0 0 0 119 195 206 167 210 168 242 52 0 0 0 0 j498
1743 1981 1992 2050 2050 2009 1561 1618 1526 1742 1702 1673 1906 2009 2009 2050 2050 2009 307 28 17 0 0 0 439 342 434 258 298 287 144 0 0 0 0 0 f183
866 902 981 923 941 938 792 759 771 741 800 898 998 911 1000 1000 1000 998 134 98 19 77 59 62 208 241 229 259 200 102 2 89 0 0 0 2 d246
304 261 342 342 342 267 248 207 221 269 250 244 301 304 220 280 230 311 38 81 0 0 0 75 75 116 102 54 73 79 41 38 122 62 112 31 a300
459 546 567 552 472 537 447 405 382 355 417 417 550 552 474 552 552 539 93 6 9 0 80 15 128 170 218 220 158 158 2 0 102 0 0 13 ad53
196 215 186 177 210 205 135 110 130 147 131 171 203 224 238 238 224 238 42 9 52 61 14 33 86 98 91 74 77 50 35 0 0 0 0 0 jt383
306 249 336 323 313 340 358 270 345 322 286 323 284 268 299 249 276 274 34 91 4 0 27 0 2 90 15 20 74 37 56 72 41 74 64 66 jd420
609 617 627 672 625 656 505 454 446 510 452 498 559 579 568 610 547 588 63 39 45 0 31 16 209 243 268 204 245 216 113 77 104 62 109 84 s341
251 288 272 272 267 272 188 170 220 201 196 219 249 257 228 183 241 235 21 0 0 0 21 0 84 118 52 71 92 53 23 31 44 89 47 37 md313
539 540 540 525 489 540 451 427 455 440 381 441 497 389 418 432 429 458 1 0 0 0 51 0 125 149 121 120 195 135 43 151 122 93 111 82 n202
795 808 875 875 850 875 731 636 727 745 690 763 847 776 686 874 792 864 80 42 0 0 0 0 179 248 183 165 194 147 28 74 189 1 58 11 d265
193 200 201 184 202 192 167 132 136 145 101 174 202 199 168 188 212 208 27 20 19 36 18 28 53 88 84 75 119 46 18 21 52 32 8 12 md165
713 551 638 663 697 714 491 490 496 441 454 555 572 546 591 586 597 562 1 146 76 51 0 0 181 166 176 231 202 117 142 151 123 128 100 152 s185
269 255 255 270 257 255 194 163 210 178 216 208 257 249 195 201 209 210 1 0 0 0 13 0 76 92 45 92 54 47 13 6 60 69 61 45 md306
525 545 632 708 702 685 657 644 420 544 502 481 697 701 686 722 664 703 197 158 71 14 20 18 103 96 320 216 258 259 25 2 17 0 58 0 m164
492 585 585 570 568 585 464 435 386 433 386 473 425 466 442 439 436 440 78 0 0 0 2 0 144 189 238 175 222 151 145 119 143 131 134 145 f359
641 623 648 620 520 619 497 467 439 448 450 477 648 624 536 648 624 648 7 1 0 28 104 29 124 131 182 173 148 144 0 0 112 0 0 0 ad401
388 370 329 323 397 340 309 304 252 305 268 318 308 399 399 420 420 399 32 29 70 97 23 59 131 114 166 135 172 100 112 0 0 0 0 0 jt281
869 870 870 671 778 792 743 649 661 645 647 615 870 677 870 870 870 870 1 0 0 199 92 78 127 221 209 225 223 255 0 193 0 0 0 0 jt477
532 525 525 512 496 501 391 385 411 411 413 368 435 525 525 550 550 525 18 0 0 38 54 24 137 119 93 117 115 136 115 0 0 0 0 0 jd130
913 981 953 958 950 968 667 642 723 677 761 761 855 990 968 968 990 895 55 9 15 10 40 0 257 303 201 247 184 163 113 0 0 0 0 73 f36
1194 1267 1342 1321 1207 1315 971 971 1105 1084 897 1066 1166 1232 1070 1221 1180 1209 148 75 0 21 135 27 310 310 176 197 384 215 176 110 272 121 162 133 s442
999 975 975 1000 902 975 876 857 802 842 753 897 796 773 750 723 748 745 1 0 0 0 98 0 84 79 134 118 207 39 204 202 225 277 252 230 n8
716 721 800 755 731 800 669 528 634 563 708 643 800 630 753 775 800 800 84 79 0 20 69 0 163 304 198 243 124 189 0 170 47 0 0 0 ad375
622 594 684 703 595 684 536 455 437 542 401 469 600 504 487 606 519 536 62 90 0 0 89 0 148 229 247 161 283 215 84 180 197 97 165 148 s315
629 452 533 585 577 626 416 274 488 324 374 333 546 589 651 628 615 618 1 199 118 45 53 25 184 346 132 276 226 287 84 62 0 2 15 33 j495
1164 1233 1280 1312 1244 1312 909 871 909 1136 864 1048 1312 1032 1280 1312 1312 1306 148 79 0 0 68 0 444 482 411 217 489 305 0 280 0 0 0 6 d429
329 293 330 330 330 279 209 235 254 275 285 250 330 329 323 320 309 288 1 37 0 0 0 51 99 73 54 33 23 58 0 1 7 10 21 42 a124
766 725 825 793 782 810 628 463 612 524 542 545 650 800 825 825 800 825 59 75 0 32 18 15 197 337 213 301 258 280 175 0 0 0 0 0 j331
513 627 620 620 624 620 494 472 412 440 483 518 548 536 486 469 485 482 107 13 0 0 16 0 157 200 239 211 189 133 72 104 134 151 155 138 f220
321 360 345 331 348 335 283 209 185 193 249 185 287 233 281 231 312 276 24 0 0 14 12 10 39 127 137 129 87 137 58 127 64 114 48 69 j292
467 486 468 468 453 468 426 463 426 394 448 422 360 375 353 366 361 381 1 0 0 0 33 0 68 50 68 100 65 72 108 111 115 102 125 87 md100
509 431 530 328 472 513 446 302 416 260 410 430 435 439 540 513 513 513 4 82 10 185 41 0 86 230 144 272 122 102 78 74 0 0 0 0 jt21
629 648 630 630 609 630 551 568 519 581 495 521 536 529 543 488 528 570 1 0 0 0 39 0 44 44 76 14 117 74 94 119 87 142 120 60 n107
791 771 694 640 792 792 737 752 623 578 759 716 500 577 483 554 596 534 1 21 98 152 0 0 22 7 136 181 0 43 292 215 309 238 196 258 o209
566 472 555 567 513 567 539 392 485 482 427 540 501 536 567 551 491 472 1 74 12 0 33 0 1 128 55 58 93 0 66 10 0 16 55 95 jd95
725 690 633 726 688 726 559 537 564 538 477 559 577 551 573 582 518 591 1 36 71 0 38 0 134 156 108 155 216 134 149 175 131 144 208 135 s278
902 903 924 903 832 903 740 779 763 787 690 744 801 671 695 753 724 703 1 0 0 0 71 0 163 124 161 116 213 159 102 232 229 150 179 200 n75
881 861 861 882 846 861 730 764 687 687 677 709 716 656 702 732 728 652 1 0 0 0 36 0 110 56 133 153 163 111 166 205 159 150 154 209 n37
533 588 592 571 568 592 426 428 485 460 431 461 449 450 515 529 463 492 43 4 0 5 8 0 150 164 107 116 145 131 127 142 77 47 113 100 s91
458 505 483 506 484 452 469 423 363 374 398 442 560 560 544 560 516 560 102 55 61 54 76 108 91 137 181 186 162 118 0 0 0 0 44 0 m411
1025 1216 1317 1267 1359 1219 1146 1173 1109 1114 1168 1115 1330 1365 1330 1330 1245 1330 305 149 13 63 6 111 146 153 183 178 158 177 0 0 0 0 120 0 m458
683 665 684 646 652 684 569 542 562 548 564 620 536 578 600 572 537 558 1 0 0 38 13 0 79 88 86 100 66 28 148 87 84 112 128 126 n18
576 521 600 513 585 585 400 400 510 433 431 490 449 418 444 411 459 443 9 64 0 72 0 0 185 185 90 152 154 95 136 167 156 174 126 142 s14
538 640 624 624 617 612 431 410 449 454 388 411 556 502 521 527 539 529 86 0 0 0 23 12 154 190 136 131 212 174 68 138 103 97 101 95 n53
1145 1102 1155 958 1049 1137 1006 983 1066 888 953 954 978 1026 1075 1052 1088 1103 10 20 0 197 73 18 184 173 124 302 203 236 177 96 80 103 34 52 jt58
680 768 768 659 734 768 516 527 670 515 559 675 768 613 768 744 761 763 88 0 0 85 34 0 284 273 130 260 241 125 0 155 0 0 7 5 d231
514 577 597 575 474 545 480 447 372 424 473 439 600 545 555 575 600 600 86 23 3 0 126 55 120 153 228 151 127 161 0 55 45 0 0 0 ad48
839 861 840 840 800 840 711 807 779 755 702 759 748 677 685 695 644 693 1 0 0 0 61 0 169 95 101 125 200 121 92 184 155 145 217 147 n439
1425 1273 1395 1384 1426 1395 1288 1034 1217 1330 1320 1395 1190 1117 1174 1183 1119 1120 1 122 0 42 0 0 138 361 178 96 106 0 236 278 221 243 307 275 s115
1055 977 1079 920 1056 1080 870 669 816 727 702 752 862 751 825 798 812 908 1 103 1 136 0 0 142 366 219 285 310 283 194 329 255 258 244 172 s143
434 382 389 393 423 435 316 320 348 349 293 364 352 339 315 348 363 344 1 53 31 42 12 0 90 86 44 57 113 42 83 96 105 87 72 91 o486
738 764 728 741 762 761 552 625 624 530 651 538 728 814 788 792 814 792 54 50 64 51 52 31 204 152 132 226 126 218 64 0 4 0 0 0 f439
473 466 505 498 474 502 426 374 366 369 338 389 504 496 525 504 457 525 31 59 20 6 30 23 102 176 184 159 190 161 0 29 0 0 47 0 m446
174 221 201 195 197 208 160 112 121 152 148 172 180 217 172 145 140 176 34 0 20 13 11 13 48 109 100 56 60 49 28 4 49 63 68 45 md30
440 420 441 441 339 441 280 263 222 269 221 295 441 388 372 441 420 441 1 0 0 0 81 0 140 137 198 151 179 125 0 32 69 0 0 0 ad142
593 594 557 594 594 480 567 567 480 534 552 426 501 482 456 488 506 494 1 0 59 0 0 114 0 0 108 33 15 141 93 112 160 106 88 100 a493
385 490 486 475 504 486 442 436 476 398 454 405 394 349 365 356 395 365 101 14 0 11 0 0 44 68 10 88 50 81 92 155 121 130 109 121 j435
877 757 902 828 890 847 747 758 837 788 830 761 820 949 986 986 986 986 109 229 84 158 96 139 210 199 120 169 127 196 166 37 0 0 0 0 j126
466 604 509 598 624 598 552 609 387 514 599 537 589 624 598 598 598 518 132 20 89 0 0 0 46 15 211 84 25 61 9 0 0 0 26 80 a18
593 580 494 567 571 559 522 487 409 428 426 547 530 558 588 540 584 561 1 14 100 0 23 35 94 129 207 160 190 69 64 36 6 27 10 33 a276
773 960 932 788 918 960 574 839 637 651 617 750 724 654 777 767 788 727 187 0 28 172 42 0 338 73 275 261 295 162 236 306 183 193 172 233 f365
486 457 504 396 456 403 364 379 320 376 351 376 498 504 504 486 467 504 18 47 0 90 48 101 112 97 156 83 125 100 6 0 0 0 37 0 m166
561 521 505 614 494 596 394 408 373 390 365 421 604 608 525 624 608 563 47 87 103 10 114 12 176 162 197 195 205 149 4 0 83 0 0 45 d216
1063 1064 1064 1036 884 1053 884 902 773 941 921 916 1064 1064 918 1036 1064 1064 1 0 0 0 180 11 218 200 329 132 181 186 0 0 146 0 0 0 ad66
847 1081 1092 1213 1240 1209 817 571 875 859 981 992 1044 1133 1200 1240 1234 1146 393 128 117 27 0 0 423 638 334 381 259 217 196 76 9 0 6 63 j78
304 320 302 317 273 319 187 212 257 202 163 242 283 287 290 302 274 285 16 0 18 3 47 1 133 108 63 118 157 78 37 33 30 18 46 35 n293
455 325 437 456 456 437 339 284 345 430 415 391 424 397 381 411 406 375 1 112 0 0 0 0 141 176 115 50 65 69 32 40 56 45 50 62 m406
1406 1681 1761 1749 1753 1764 1197 1350 1387 1189 1175 1352 1669 1432 1314 1417 1397 1301 358 111 3 15 39 0 567 442 377 575 617 412 95 360 450 347 395 463 f88
217 218 215 208 224 203 178 131 165 172 198 187 202 170 183 189 212 192 7 6 9 0 0 21 60 107 73 49 40 51 22 54 41 19 12 32 a468
519 533 520 520 503 520 467 473 470 431 371 470 425 427 379 452 391 408 1 0 0 0 30 0 93 101 90 129 203 90 95 106 141 68 142 112 n188
503 480 413 504 480 455 514 489 379 514 462 386 386 345 343 394 348 406 1 0 91 0 0 49 11 11 146 11 38 139 118 135 161 110 132 98 a494
797 790 832 786 718 747 688 678 704 595 521 615 691 730 793 761 790 768 9 16 0 20 88 59 118 128 128 211 285 191 115 76 39 45 16 38 jd319
429 438 437 446 482 496 348 291 348 322 329 437 446 490 480 489 489 429 67 58 43 50 14 0 148 205 132 174 167 59 50 6 0 7 7 67 f290
560 457 498 561 551 561 458 365 460 492 385 473 421 426 450 469 414 450 1 104 63 0 10 0 70 163 68 36 143 55 140 135 111 92 147 111 s2
851 860 834 868 893 791 751 713 716 657 730 758 806 889 918 945 945 945 94 85 84 77 52 154 159 197 168 253 180 152 139 56 0 0 0 0 j191
739 844 812 771 806 825 537 510 549 610 557 582 814 759 765 825 838 810 86 6 13 54 44 0 255 306 243 182 259 210 11 91 60 0 12 15 d42
407 349 354 366 365 353 350 372 327 344 323 325 435 435 420 435 402 426 28 86 66 69 70 82 56 34 65 62 83 81 0 0 0 0 33 9 m83
759 727 758 734 740 760 617 497 523 579 583 545 740 740 662 757 689 744 1 13 2 26 0 0 143 243 237 181 157 215 20 0 98 3 51 16 d83
339 342 378 418 378 376 258 202 292 368 382 307 352 339 338 320 298 322 79 57 40 0 21 42 182 218 148 72 38 133 66 60 80 98 101 96 a123
559 569 520 545 560 580 535 601 466 448 553 555 448 436 448 397 422 441 1 11 60 15 0 0 53 8 143 140 35 54 112 144 132 163 138 139 o63
152 169 180 190 190 190 171 148 141 165 163 150 160 164 159 143 181 156 38 21 0 0 0 0 38 61 57 44 46 59 30 26 21 47 9 34 j232
772 837 860 840 804 784 644 666 694 621 605 678 813 824 736 713 669 822 68 23 0 0 36 76 154 151 123 177 193 139 27 36 124 127 171 38 md176
176 189 189 180 180 187 155 149 149 159 140 210 171 167 142 165 147 189 4 0 0 0 0 2 45 61 61 41 60 0 9 22 47 15 33 0 md232
528 530 437 444 526 532 388 404 358 369 434 419 491 497 532 515 466 445 4 2 95 88 6 0 116 100 146 135 70 85 41 35 0 17 66 87 m26
795 796 840 730 840 840 697 552 616 583 580 722 743 784 840 868 840 840 45 44 0 138 0 0 113 258 194 254 230 88 97 56 0 0 0 0 jd212
1379 1470 1470 1470 1307 1467 1059 1206 1083 1134 1017 1070 1470 1322 1402 1470 1454 1470 91 0 0 0 163 3 460 313 436 385 502 449 0 148 68 0 16 0 d143
444 475 475 494 494 475 479 339 398 406 450 421 400 387 348 402 369 408 50 0 0 0 0 0 41 161 102 114 70 79 94 88 127 92 125 67 j161
285 367 392 368 354 392 313 235 274 238 254 337 365 352 379 340 355 269 107 11 0 24 24 0 107 170 146 182 151 83 27 26 13 52 23 123 j480
2015 1971 1870 2007 2016 1974 1958 1872 1755 1856 1968 1927 1624 1788 1735 1782 1643 1680 1 3 104 9 0 0 10 55 172 112 0 0 392 186 239 234 373 294 o448
686 791 792 772 761 745 565 691 647 509 667 648 698 792 816 792 792 792 106 1 24 20 31 47 260 134 203 316 158 177 94 0 0 0 0 0 f37
223 237 244 236 213 211 204 214 203 233 192 218 260 260 260 260 240 260 37 23 16 24 47 49 76 66 77 47 88 62 0 0 0 0 20 0 m462
615 476 584 638 616 616 524 374 422 478 462 442 561 554 539 579 459 571 1 140 32 0 0 0 64 214 166 131 126 146 55 62 77 59 157 45 m221
545 548 591 573 608 627 499 400 519 467 437 530 518 469 476 501 475 480 63 79 36 35 0 0 77 194 75 109 139 64 90 158 151 107 133 147 s485
553 552 541 559 505 557 622 569 513 556 523 557 665 646 665 665 556 665 112 94 124 106 141 108 43 77 152 109 123 108 0 0 0 0 90 0 m114
377 396 408 413 391 414 355 301 348 359 272 347 349 386 391 402 359 355 37 0 6 1 5 0 59 95 66 55 124 67 65 10 23 12 37 59 jt26
303 304 320 301 299 304 249 236 275 230 296 216 273 248 248 263 234 285 1 0 0 3 5 0 74 87 65 93 27 107 31 56 72 41 70 19 md358
157 130 124 161 172 169 144 76 94 152 128 160 167 164 138 175 182 169 25 39 45 21 10 0 52 106 88 44 68 22 15 5 31 7 0 0 a283
863 859 822 821 681 845 638 645 600 559 608 640 864 838 710 864 864 864 1 5 42 43 183 19 226 219 264 305 256 224 0 26 154 0 0 0 ad404
957 1000 996 1102 1102 1073 999 963 933 891 847 1073 1097 1073 1073 1081 926 921 145 73 77 0 0 0 103 110 140 211 255 0 5 0 0 21 176 152 s290
375 328 364 377 359 400 335 279 254 263 232 255 390 396 384 392 355 404 41 88 52 39 57 16 55 111 136 127 158 135 26 20 32 24 61 12 jd25
998 1045 1040 979 992 973 802 822 855 780 893 852 900 1066 1040 1040 1066 1040 42 21 0 61 74 67 198 203 145 220 132 148 140 0 0 0 0 0 j493
391 383 444 441 453 410 417 404 306 359 312 352 494 494 494 513 411 479 103 111 50 72 41 84 51 64 162 127 156 116 0 0 0 0 83 15 m449
503 495 537 558 466 558 394 325 406 417 311 385 417 386 390 520 416 424 55 63 3 0 92 0 133 202 104 110 216 142 141 172 150 38 142 134 s181
614 600 693 632 648 693 572 587 494 473 485 556 548 638 693 693 657 693 79 60 0 61 12 0 121 73 199 220 175 137 145 22 0 0 3 0 jd373
275 276 264 252 259 243 213 216 236 152 235 194 244 248 241 268 236 228 1 0 0 24 17 33 40 37 6 101 18 59 32 28 23 8 40 48 md20
216 262 250 243 255 264 164 181 165 209 201 246 251 227 244 268 276 252 60 14 26 33 21 12 112 95 111 67 75 30 25 49 32 8 0 24 a80
428 408 415 357 305 407 358 324 229 287 264 339 437 437 347 437 437 437 9 29 45 80 132 30 79 113 231 150 173 98 0 0 113 0 0 0 ad242
310 364 384 384 384 384 306 363 362 339 369 371 339 256 302 282 323 307 74 20 0 0 0 0 102 45 46 69 39 37 45 128 82 102 61 77 f265
716 861 882 861 839 782 684 684 667 596 661 650 787 696 782 710 713 767 145 0 0 0 22 79 177 177 215 265 200 211 74 165 100 151 148 94 f400
1760 1808 1874 1705 1596 1707 1541 1692 1544 1623 1654 1642 1569 1886 1886 1840 1840 1886 80 78 12 135 244 179 259 153 301 177 146 203 271 0 0 0 0 0 jd170
344 306 298 318 329 316 282 326 246 278 256 295 378 378 364 378 351 378 34 72 66 60 49 62 69 25 92 73 95 56 0 0 0 0 27 0 m474
526 546 546 506 494 540 448 416 431 436 439 445 490 498 546 546 546 546 20 0 0 40 52 6 98 130 115 110 107 101 56 48 0 0 0 0 jd486
607 549 458 526 608 589 475 469 537 492 496 475 450 416 439 408 504 419 1 40 131 82 0 0 133 120 52 116 112 114 158 173 150 200 104 170 o282
474 522 504 522 434 522 373 338 357 399 321 373 420 512 503 504 481 385 48 0 0 0 88 0 120 155 119 94 172 120 102 10 1 18 41 137 jd284
489 546 458 458 546 572 412 461 391 405 435 483 471 544 572 572 542 553 83 0 114 114 0 0 182 106 203 189 132 111 101 2 0 0 4 19 jt373
901 853 945 980 855 928 821 668 645 760 706 745 980 906 806 980 980 945 79 92 0 0 125 17 131 250 273 192 246 173 0 39 139 0 0 0 ad60
397 437 442 442 459 442 337 419 391 399 432 404 413 404 330 348 362 362 45 22 0 0 0 0 105 40 51 43 27 38 29 55 112 94 97 80 f266
449 435 435 450 434 395 349 291 332 260 341 283 374 394 333 315 299 350 1 0 0 0 16 40 71 115 74 160 79 123 76 41 102 135 151 85 md333
489 522 528 528 500 528 319 355 321 380 296 386 528 422 528 528 528 528 39 6 0 0 28 0 209 173 207 148 232 142 0 106 0 0 0 0 d189
911 936 1008 995 1025 1044 718 839 841 761 784 850 795 1044 1008 1044 1044 1044 133 108 0 49 19 0 297 176 139 254 231 165 249 0 0 0 0 0 jd451
1130 1131 1131 1131 935 1111 987 1075 848 883 919 978 1124 1127 970 1114 1071 1120 1 0 0 0 196 20 183 95 322 287 251 192 7 4 161 17 60 11 ad493
519 452 520 500 520 520 520 395 437 420 491 515 428 393 404 297 377 415 1 68 0 0 0 0 0 125 83 80 29 5 92 127 116 203 143 105 j4
593 629 612 609 616 629 454 408 481 337 452 517 589 524 515 512 545 523 36 0 0 20 13 0 175 221 131 292 177 112 40 105 97 117 84 106 d441
430 419 398 401 436 442 323 384 280 343 281 333 527 527 510 527 485 527 97 108 112 126 91 85 173 112 200 153 215 163 0 0 0 0 42 0 m143
284 300 257 284 236 231 293 233 224 239 221 251 312 312 312 299 307 286 28 12 55 15 76 81 43 103 112 83 115 85 0 0 0 0 5 26 m481
305 306 306 306 249 299 220 223 172 163 182 223 306 278 217 306 283 300 1 0 0 0 57 7 104 101 152 161 142 101 0 28 89 0 23 6 ad380
511 454 452 446 513 508 417 477 386 376 358 256 356 408 382 375 367 378 2 59 61 67 0 5 69 9 100 110 128 230 157 105 131 138 146 135 o229
1087 1122 1088 1088 1104 1078 974 1069 892 1042 885 1088 978 835 723 806 787 748 1 0 0 0 18 10 114 53 196 46 237 0 110 287 365 282 335 340 s270
911 740 908 878 840 936 818 785 872 830 770 953 754 793 768 772 780 714 1 196 28 34 72 0 132 190 103 120 180 22 158 143 168 140 132 222 s166
215 247 247 231 196 247 160 173 118 149 157 188 201 197 222 219 157 175 19 0 0 3 38 0 56 55 110 67 59 40 33 50 25 15 77 72 md120
484 503 482 470 377 421 346 239 221 318 260 297 500 520 386 500 520 500 16 17 18 30 143 79 154 281 279 182 260 203 0 0 114 0 0 0 ad495
545 525 489 496 525 546 424 474 407 412 447 437 446 434 448 445 407 436 1 0 57 50 0 0 122 51 139 134 78 109 100 91 98 101 118 110 o11
576 572 640 640 622 640 526 440 575 642 419 559 529 544 465 467 485 522 64 52 0 0 2 0 154 223 105 38 244 121 111 80 175 173 139 118 n410
223 240 222 224 198 199 194 175 153 191 141 181 167 153 138 150 162 207 1 0 18 0 26 41 16 50 72 19 69 44 57 87 102 74 62 33 a189
884 953 998 840 871 1019 876 883 921 842 864 876 865 992 1024 1024 992 1024 140 39 26 184 121 5 180 140 135 214 159 180 159 0 0 0 0 0 jt399
506 486 546 554 546 486 402 428 401 438 471 425 463 466 428 451 502 461 40 60 0 13 0 60 118 92 119 102 49 95 83 80 118 116 44 85 md58
968 961 782 934 892 969 852 918 845 905 818 810 797 803 839 844 864 792 1 8 170 35 77 0 174 108 163 121 208 216 172 166 113 125 105 177 o268
491 498 504 440 500 425 366 374 383 356 373 422 431 504 504 486 504 504 13 6 0 46 4 79 138 130 121 130 131 82 73 0 0 0 0 0 jd305
713 656 556 652 692 714 592 663 570 561 574 667 531 552 545 548 575 548 1 58 158 83 22 0 122 51 144 174 140 47 183 162 169 187 139 166 o109
881 892 862 656 770 821 737 791 723 751 705 739 726 899 868 899 899 899 18 7 6 243 129 78 133 79 117 119 165 131 173 0 0 0 0 0 jt461
377 357 311 328 357 378 334 237 265 259 263 244 287 308 378 378 355 375 1 0 67 50 0 0 26 103 95 101 77 116 91 49 0 0 2 3 jt19
835 814 814 836 790 814 660 609 668 594 582 710 669 695 670 729 674 664 1 0 0 0 46 0 138 168 109 204 216 67 167 119 144 107 162 150 n373
314 356 361 374 380 361 265 174 227 213 235 240 301 361 361 380 380 361 66 5 0 6 0 0 95 168 115 147 125 102 79 0 0 0 0 0 j499
831 742 813 832 811 848 780 673 675 734 592 751 826 654 718 749 696 657 1 106 35 0 21 0 0 122 120 46 188 44 6 194 130 83 136 191 o62
492 475 460 422 439 444 348 324 331 355 333 322 485 476 493 493 438 493 1 1 33 71 37 49 116 124 133 109 115 142 8 0 0 0 38 0 m450
205 208 208 219 208 203 129 123 162 187 159 122 183 149 137 157 145 166 3 0 0 2 0 5 79 85 46 34 49 86 25 59 71 64 63 42 md344
791 792 685 783 753 792 690 766 593 714 689 763 570 627 636 653 630 602 1 0 131 9 39 0 102 26 223 78 103 29 222 165 180 139 162 190 o31
441 420 424 442 442 389 327 310 299 380 391 325 399 394 399 355 375 406 1 39 35 0 0 70 89 122 133 36 25 107 43 65 60 87 67 53 a438
449 450 450 424 415 435 382 289 315 340 243 375 382 388 367 341 337 448 1 0 0 41 35 15 38 131 105 94 177 45 68 62 83 124 113 2 md192
319 273 335 303 286 299 302 158 200 200 266 266 283 305 340 320 320 340 1 67 5 17 34 41 2 165 123 104 38 57 37 35 0 0 0 0 a402
911 888 912 862 816 912 826 789 863 853 735 824 730 623 669 765 663 747 1 0 0 50 72 0 86 99 49 59 153 88 182 265 243 147 225 165 n407
854 760 870 870 895 870 769 531 534 568 628 613 730 857 870 870 900 868 16 140 0 0 5 0 101 369 336 302 272 257 140 43 0 0 0 2 f154
418 525 512 522 528 528 399 364 339 418 399 376 493 528 512 528 528 476 110 3 0 6 0 0 129 164 173 110 129 152 35 0 0 0 0 52 j447
573 548 486 572 634 655 515 499 585 518 473 498 617 693 714 693 693 693 120 145 228 121 59 38 178 194 129 175 220 195 76 0 0 0 0 0 f138
566 591 582 557 562 574 490 415 403 495 441 435 607 640 660 660 640 660 94 49 78 103 78 86 170 225 257 165 199 225 53 0 0 0 0 0 f222
358 368 309 312 347 374 259 237 260 213 210 276 326 328 374 367 340 295 16 6 65 62 27 0 115 137 114 161 164 98 48 46 0 7 34 79 s249
758 832 832 845 777 832 609 716 634 698 571 660 717 670 764 805 749 756 74 0 0 13 55 0 191 84 166 127 229 140 115 162 68 53 83 76 d432
374 366 414 408 393 411 339 185 276 270 255 263 344 364 414 414 396 414 40 30 0 6 3 3 98 233 161 167 163 174 70 32 0 0 0 0 j244
917 918 825 636 844 866 752 747 690 776 673 737 739 918 884 918 918 918 1 0 59 282 74 52 193 198 220 169 272 208 179 0 0 0 0 0 jt171
1421 1527 1530 1560 1381 1378 1264 1083 1063 1204 1321 1070 1560 1340 1530 1560 1559 1515 139 3 0 0 179 152 244 396 416 304 187 409 0 190 0 0 1 15 ad354
791 792 792 734 792 792 574 600 557 546 597 547 709 613 639 634 582 746 1 0 0 40 0 0 174 148 191 185 151 201 83 179 153 140 210 46 n212
554 567 551 424 530 567 430 321 434 325 469 567 511 470 558 547 430 413 13 0 16 143 37 0 137 246 133 242 98 0 56 97 9 20 137 154 jt41
464 466 494 483 396 405 394 296 260 280 330 318 490 485 477 482 421 490 26 24 10 7 94 85 96 194 244 210 160 172 0 5 27 8 69 0 m352
326 360 375 346 399 378 275 283 257 259 305 271 271 399 378 378 399 378 52 39 3 32 0 0 103 116 121 119 94 107 107 0 0 0 0 0 jt261
419 368 401 363 420 405 289 303 333 294 338 294 352 318 296 369 392 341 1 37 4 57 0 0 131 102 72 126 82 111 68 87 109 51 28 64 o357
383 368 384 384 357 384 342 274 349 320 335 262 359 280 310 290 295 337 1 0 0 0 11 0 42 94 35 64 33 122 25 88 74 94 73 47 md478
538 551 556 572 572 478 431 450 422 367 493 401 469 565 502 522 507 483 34 43 38 0 0 116 115 117 145 179 53 166 103 29 92 50 65 111 a156
751 752 693 752 671 752 586 523 510 636 495 663 574 585 579 535 543 586 1 0 43 0 81 0 166 229 226 116 257 89 178 167 157 217 209 166 n14
799 821 807 861 739 840 683 678 627 789 565 703 729 569 616 658 652 649 41 19 33 0 101 0 117 122 173 31 235 97 111 271 224 203 188 191 s75
203 253 253 253 253 253 204 205 208 215 173 228 228 235 247 249 212 208 50 0 0 0 0 0 72 71 68 61 103 48 25 18 6 4 41 45 jd293
513 592 624 620 599 624 471 378 412 415 403 471 483 560 605 541 566 572 111 8 0 4 1 0 127 197 186 183 172 127 141 40 19 83 34 52 j413
1287 1316 1241 1260 1288 1316 973 1177 1058 1100 1103 1150 1141 1161 1172 991 1032 1099 1 0 75 28 0 0 315 139 258 188 185 166 147 155 144 297 256 217 o183
303 193 302 304 288 304 177 144 255 274 245 285 263 215 239 218 201 227 1 95 2 0 0 0 108 126 30 11 25 0 41 73 65 86 87 77 md406
388 420 420 435 420 420 309 333 317 435 384 362 384 394 257 335 354 320 32 0 0 0 0 0 111 87 103 0 36 58 36 26 163 100 66 100 md62
363 364 356 364 364 306 326 254 268 223 296 261 301 259 317 295 285 303 1 0 8 0 0 58 12 84 70 115 42 77 63 105 47 69 79 61 a297
1399 1470 1440 1439 1470 1470 1106 1246 1210 1250 1208 1354 1407 1204 1376 1470 1470 1429 71 0 0 31 0 0 413 273 278 269 311 165 63 266 64 0 0 41 d67
690 687 736 759 710 749 586 529 501 636 450 633 759 699 681 759 759 759 69 72 0 0 49 10 206 263 267 156 342 159 0 60 55 0 0 0 d152
318 320 331 289 353 356 348 300 262 334 205 272 396 396 396 396 343 396 78 76 65 107 43 40 70 118 156 84 213 146 0 0 0 0 53 0 m355
1420 1479 1479 1508 1402 1479 1350 1080 1086 1211 1155 1178 1390 1374 1455 1478 1436 1469 88 0 0 0 106 0 158 399 393 297 353 301 118 105 24 30 72 10 n426
313 282 276 362 338 249 328 292 214 272 259 293 396 396 396 414 352 385 83 114 120 52 58 147 46 82 160 119 115 81 0 0 0 0 44 11 m154
1196 1136 1209 1207 1171 1209 1150 982 1003 995 995 1009 1189 1032 1124 1122 1075 1126 13 42 0 2 7 0 20 158 167 175 145 161 20 146 85 87 103 83 j334
567 556 455 455 561 499 455 386 430 475 419 470 483 567 567 594 594 567 27 11 112 139 33 68 139 181 137 119 175 97 111 0 0 0 0 0 jt372
778 816 874 851 874 874 643 754 698 703 729 741 792 617 614 635 774 765 96 58 0 0 0 0 193 82 138 111 107 95 82 257 260 216 100 109 f224
263 224 264 264 264 264 268 189 210 245 236 209 222 203 195 179 198 203 1 40 0 0 0 0 18 97 76 41 50 77 42 61 69 85 66 61 f77
207 238 227 233 245 240 214 108 155 110 182 158 238 221 228 164 206 195 33 14 13 7 7 0 6 123 65 110 49 62 2 31 12 76 46 45 md314
504 350 506 506 414 464 418 263 361 356 334 379 506 395 506 506 483 506 2 133 0 0 69 42 88 220 145 150 149 127 0 88 0 0 0 0 a221
335 357 336 240 323 336 310 242 257 242 211 191 284 272 332 336 357 331 1 0 0 96 34 0 26 115 79 94 146 145 52 85 4 0 0 5 jt405
311 320 307 301 313 280 316 282 272 259 297 244 362 378 378 364 330 378 53 58 71 63 51 98 74 123 133 131 93 161 2 0 0 0 34 0 m272
673 686 520 698 674 569 559 517 448 564 538 501 700 700 668 700 693 620 27 14 152 2 26 131 116 158 200 111 137 174 0 0 4 0 7 80 a113
449 492 552 477 512 552 401 396 444 423 438 403 423 566 552 552 576 552 103 84 0 75 64 0 151 180 108 129 138 149 129 10 0 0 0 0 jd412
279 277 280 276 281 280 299 180 199 231 275 252 227 234 193 195 213 216 1 17 0 4 13 0 1 135 101 69 40 48 53 60 87 85 81 64 md366
621 661 698 681 720 729 560 604 618 598 673 585 625 729 702 729 729 729 108 68 4 48 9 0 196 152 110 158 83 171 104 0 0 0 0 0 j93
334 340 331 351 374 390 268 262 261 267 236 253 330 371 385 338 350 325 56 37 59 39 3 0 92 86 99 93 112 107 60 6 5 52 27 65 o13
1252 1349 1382 1377 1419 1419 1399 1266 1078 1284 1378 1419 1418 1370 1255 1380 1349 1287 167 70 4 42 0 0 63 196 350 178 84 43 1 49 131 39 70 132 m213
636 621 613 641 644 637 594 472 446 483 554 524 644 644 644 644 580 644 8 23 31 3 0 7 78 200 226 189 118 148 0 0 0 0 64 0 m64
482 430 476 476 456 432 437 393 346 457 452 434 393 389 399 362 441 407 1 74 7 7 48 51 69 135 160 49 76 72 90 115 84 121 63 76 a347
244 267 280 294 270 280 267 187 227 197 195 223 252 216 199 209 229 238 36 13 0 0 10 0 13 93 53 97 85 57 28 64 81 85 51 42 j230
388 441 420 420 441 420 343 315 337 331 349 340 345 414 420 420 441 420 32 0 0 0 0 0 97 147 103 109 113 100 75 27 0 0 0 0 j424
551 528 550 552 528 552 469 452 494 489 455 485 492 437 423 456 389 473 1 0 2 0 0 0 83 76 58 63 73 67 60 91 129 96 139 79 m330
419 389 400 420 409 352 395 346 312 369 377 308 347 328 241 354 357 341 1 31 0 0 11 68 25 74 88 51 43 112 73 92 159 66 63 79 a22
1105 1168 1176 1166 1233 1215 892 950 893 932 939 933 1117 1276 1276 1247 1276 1276 171 108 100 81 43 61 340 282 339 272 293 299 159 0 0 0 0 0 f454
1815 1836 1715 1640 1675 1836 1549 1591 1560 1444 1618 1447 1553 1836 1833 1822 1830 1836 21 0 121 247 161 0 287 245 276 443 218 389 283 0 3 65 6 0 jt176
1257 1295 1258 1209 1108 1155 1064 1092 1146 1124 1049 1119 1121 1196 1258 1258 1295 1258 1 0 0 49 187 103 194 203 112 134 246 139 137 99 0 0 0 0 jd78
718 824 840 820 840 840 716 799 766 678 777 774 772 694 760 744 802 751 122 16 0 0 0 0 166 83 116 183 105 108 68 146 80 76 38 89 f59
1014 1126 1152 1152 1084 1145 1081 907 940 981 957 952 1042 1096 1028 1152 1099 1152 138 26 0 0 68 7 119 293 260 219 243 248 110 56 124 0 53 0 d203
556 533 586 544 586 588 505 478 415 406 477 374 616 518 588 610 616 581 60 55 2 72 30 0 89 89 152 188 117 193 0 70 0 6 0 7 jt11
416 400 419 384 433 442 280 279 357 377 365 364 365 405 412 401 415 349 26 42 23 75 9 0 162 163 85 82 77 78 77 37 30 58 27 93 md117
581 555 589 589 570 589 460 470 540 526 522 500 542 464 477 462 448 532 8 53 0 0 38 0 129 138 49 63 86 89 47 144 112 127 160 57 s417
575 553 532 522 563 576 475 479 372 478 429 474 436 467 395 436 493 426 1 23 44 72 13 0 101 97 204 116 147 102 140 109 181 158 83 150 o374
664 665 608 663 665 665 502 587 488 478 546 498 593 565 550 523 528 543 1 0 57 2 0 0 128 43 142 152 84 132 72 100 115 142 137 122 o178
848 897 966 947 841 966 890 810 859 865 817 966 792 748 806 731 749 847 118 69 0 19 125 0 76 156 107 101 149 0 174 218 160 235 217 119 a354
739 761 784 818 767 786 627 732 783 710 722 678 728 864 888 888 864 888 149 103 104 70 97 102 224 96 68 141 106 173 160 0 0 0 0 0 j479
614 618 703 684 649 703 592 423 470 523 432 593 595 591 624 562 609 515 89 85 0 19 54 0 74 243 196 143 234 73 108 112 79 141 94 188 s365
217 214 220 206 209 172 181 109 170 131 113 205 215 172 213 165 199 205 3 6 0 3 11 48 59 131 70 97 127 35 5 48 7 44 21 15 md86
416 356 483 483 483 483 424 452 309 390 385 375 483 483 483 483 417 478 67 127 0 0 0 0 59 31 174 93 98 108 0 0 0 0 66 5 m398
588 618 616 646 607 665 481 473 478 501 473 504 589 651 672 672 651 672 84 33 56 26 44 7 159 147 162 139 147 136 83 0 0 0 0 0 f401
313 321 338 307 307 338 243 190 256 244 191 238 253 260 252 272 271 259 25 17 0 18 31 0 69 122 56 56 121 74 85 78 86 53 67 79 s77
1326 1198 1322 1375 1344 1377 1202 1253 1202 1168 1068 1166 1157 1205 1141 1177 1175 1182 51 179 28 2 33 0 175 124 148 209 309 211 220 172 209 200 202 195 o262
791 792 792 770 694 792 772 754 800 805 639 712 658 620 592 550 611 626 1 0 0 0 98 0 56 74 28 0 189 116 134 172 200 220 181 166 n33
245 256 259 256 256 225 223 203 198 187 201 204 214 220 223 224 255 207 19 8 5 8 8 39 41 61 66 77 63 60 50 44 41 40 9 57 jd309
391 375 258 303 400 375 290 271 193 205 277 287 394 248 375 400 400 375 9 0 117 97 0 0 94 89 167 179 107 73 6 127 0 0 0 0 jt287
716 771 924 876 924 924 782 729 777 791 774 738 899 870 791 743 696 791 208 153 0 27 0 0 98 151 103 69 106 142 25 54 133 160 228 133 md354
233 247 234 211 245 234 122 146 142 178 186 122 184 214 170 207 245 228 1 0 0 23 2 0 94 82 74 38 42 94 50 33 64 27 2 6 md18
816 864 832 864 864 864 729 590 610 601 669 668 662 823 832 853 863 803 48 0 0 0 0 0 162 301 248 290 222 223 202 41 0 11 1 61 j355
1173 1145 1326 1326 1135 1315 1219 1149 1075 1165 1240 1178 1326 1191 1207 1326 1287 1326 153 142 0 0 152 11 141 171 285 195 80 182 0 96 119 0 0 0 ad59
386 524 540 540 540 540 388 408 424 477 433 416 485 474 436 437 451 460 154 16 0 0 0 0 116 96 80 27 71 88 55 66 104 103 89 80 f310
251 240 252 252 224 252 199 219 236 227 222 165 219 176 194 186 208 210 1 0 0 0 16 0 74 41 37 46 38 108 33 64 58 66 32 42 md378
396 480 462 464 480 432 321 366 317 350 403 358 404 480 464 464 471 464 68 0 2 0 0 32 172 144 176 143 107 135 60 0 0 0 9 0 f474
228 232 247 241 213 244 147 126 158 118 167 144 241 203 227 244 232 234 19 2 0 6 21 3 100 108 89 129 67 103 6 31 20 3 2 13 ad384
803 800 660 658 827 752 694 548 608 597 668 685 766 731 800 832 828 800 29 0 140 174 5 48 164 277 217 261 190 140 66 69 0 0 4 0 jt488
299 277 270 275 295 288 281 249 211 258 243 218 357 357 374 357 320 357 58 80 104 82 62 69 97 129 185 120 135 160 0 0 0 0 37 0 m32
483 452 483 499 410 462 442 327 345 343 284 365 441 431 483 506 506 483 23 31 0 7 96 21 86 177 159 185 244 139 65 52 0 0 0 0 jd222
274 258 266 280 280 251 224 141 194 143 188 209 242 250 217 188 249 244 6 8 0 0 0 15 56 125 72 137 92 57 38 16 49 92 31 22 md427
994 1111 1134 1161 1160 1161 910 972 949 1016 943 961 1018 986 904 943 987 998 167 50 0 0 1 0 208 146 143 102 175 157 143 175 230 218 174 163 f286
713 659 714 697 698 706 560 495 508 473 420 515 573 570 592 632 592 521 1 55 0 0 16 8 154 219 206 224 294 199 141 144 122 65 122 193 s359
818 749 809 801 813 819 714 533 745 699 660 705 694 744 633 665 709 682 1 91 10 18 27 0 66 267 35 81 140 75 125 96 186 154 131 137 s438
476 504 504 496 491 504 380 378 433 368 374 337 393 478 477 506 482 469 28 0 0 29 13 0 148 150 95 182 154 191 111 26 27 19 22 35 jd272
891 984 960 905 981 960 754 835 787 849 761 814 753 792 830 827 775 849 69 0 0 55 3 0 166 108 133 71 182 106 207 192 130 133 209 111 d475
570 582 584 605 608 544 392 360 397 376 425 421 569 595 595 612 608 595 42 13 11 7 4 51 184 200 163 200 151 139 43 0 0 0 4 0 f390
769 723 648 743 770 770 701 652 657 594 732 660 511 587 639 565 643 567 1 47 144 27 0 0 34 83 99 141 3 75 259 183 153 205 127 203 o210
289 259 318 259 340 323 323 265 312 214 291 272 271 271 272 275 288 261 34 81 5 64 0 0 0 75 11 109 49 51 52 69 51 48 52 62 jt420
815 868 859 856 892 816 785 930 888 852 900 811 810 962 936 936 962 936 121 94 77 80 70 120 151 32 48 84 62 125 126 0 0 0 0 0 j403
659 660 660 486 613 660 522 489 489 349 448 406 495 653 660 660 660 660 1 0 0 174 47 0 118 151 151 291 192 234 165 7 0 0 0 0 jt5
703 682 530 591 682 704 674 665 549 585 643 703 520 552 573 551 574 539 1 0 174 113 0 0 62 48 187 151 70 33 184 130 131 153 108 165 o120
458 528 544 500 528 528 342 413 436 426 375 430 420 431 415 401 429 453 70 0 0 28 0 0 153 82 74 69 120 65 108 97 129 127 99 75 n420
323 284 272 324 300 324 302 176 265 185 254 273 262 282 246 175 219 222 1 22 52 0 6 0 40 147 77 157 69 69 62 24 78 149 87 102 md73
593 582 523 574 586 530 518 337 571 354 422 514 594 581 491 582 594 594 1 12 49 20 8 64 103 284 27 267 199 107 0 13 81 12 0 0 md211
539 480 554 550 477 536 491 445 313 403 425 425 572 572 483 550 572 572 33 92 18 0 95 36 107 153 285 172 173 173 0 0 89 0 0 0 ad369
1130 1127 975 1061 1131 1131 1080 970 1018 970 959 1030 931 864 986 853 943 935 1 4 185 70 0 0 90 200 182 200 211 140 200 267 174 278 188 196 o320
742 701 705 750 615 686 517 524 470 524 592 477 750 697 642 745 750 725 8 24 20 0 135 39 203 172 226 196 128 219 0 28 83 5 0 0 ad376
623 703 747 699 708 750 530 493 496 573 509 491 600 750 750 750 750 750 127 47 3 51 42 0 190 227 224 147 211 229 150 0 0 0 0 0 j156
988 1033 1103 992 930 976 999 896 986 1005 1007 1054 1002 1080 1147 1147 1147 1147 159 114 44 155 217 171 117 220 130 111 109 62 145 67 0 0 0 0 jd419
433 435 468 450 379 444 353 412 299 311 341 401 421 388 408 450 371 392 35 33 0 18 89 24 151 92 205 193 163 103 47 80 60 18 97 76 d80
613 690 663 564 638 629 525 480 540 550 512 536 522 690 667 667 690 667 54 0 4 103 52 38 142 210 127 117 178 131 145 0 0 0 0 0 jd191
702 741 706 722 685 741 564 550 524 630 522 668 635 558 633 646 634 590 20 0 35 0 37 0 158 191 217 92 200 73 87 183 108 76 88 151 n186
837 831 915 940 879 909 864 746 762 831 761 748 878 937 880 914 857 843 103 109 5 0 61 31 123 241 204 156 226 239 62 3 40 26 83 97 d26
318 340 323 321 325 323 232 264 191 236 265 260 274 308 283 228 263 265 5 0 0 2 15 0 91 76 132 87 75 63 49 32 40 95 77 58 md150
449 472 491 437 423 504 489 267 287 321 365 398 389 475 504 483 504 504 55 32 13 46 81 0 15 237 217 162 139 106 115 29 0 0 0 0 jd348
405 420 356 408 408 364 363 410 309 373 403 330 327 333 331 370 314 329 3 5 69 0 0 61 45 15 116 35 5 95 81 92 94 38 94 96 a403
431 419 464 423 471 500 392 382 349 304 439 500 408 431 497 476 386 406 69 56 36 77 4 0 108 93 151 196 36 0 92 44 3 24 89 94 jt207
493 476 384 494 494 405 351 330 262 331 394 325 462 421 401 436 324 420 1 18 110 0 0 89 124 145 213 144 81 150 32 73 93 58 170 74 a32
515 575 552 541 503 504 433 467 393 411 439 430 483 575 552 575 575 575 60 0 0 34 72 71 142 108 159 164 136 145 92 0 0 0 0 0 jd53
364 398 357 404 448 416 303 351 343 312 386 295 401 448 432 432 448 426 68 50 75 28 0 16 156 125 116 147 90 164 31 0 0 0 0 6 f81
503 498 504 504 475 413 483 400 483 483 407 385 404 343 346 390 429 386 1 6 0 0 29 91 0 83 0 0 76 98 100 161 158 114 75 118 a432
573 580 551 565 580 580 455 497 424 456 438 537 481 416 424 424 473 413 7 0 49 15 0 0 125 83 176 124 142 43 99 164 176 156 107 167 o435
650 705 702 659 716 690 487 590 615 515 634 554 636 792 768 768 792 768 118 87 66 109 76 78 249 169 121 221 125 182 132 0 0 0 0 0 j75
1179 1177 1280 1312 1173 1312 1034 915 866 995 769 1020 1260 1191 1129 1312 1296 1269 133 135 0 0 139 0 237 356 374 276 502 251 52 121 151 0 16 43 d415
420 445 476 462 464 476 368 299 377 373 279 343 441 376 390 387 405 397 56 31 0 0 12 0 142 211 133 122 231 167 35 100 86 75 71 79 n236
749 840 840 840 840 840 731 762 740 742 801 809 800 714 761 725 737 720 91 0 0 0 0 0 109 78 100 98 39 31 40 126 79 115 103 120 f107
504 511 499 468 453 510 387 379 368 428 376 408 432 437 421 421 452 455 6 14 11 42 72 0 157 181 176 116 184 136 78 88 89 89 73 55 j25
259 217 270 270 236 270 225 195 127 214 210 267 258 198 219 232 219 221 11 38 0 0 19 0 63 77 161 74 62 21 12 57 51 38 36 49 a215
176 189 197 185 188 166 172 133 179 117 191 181 194 202 167 192 206 208 32 19 11 10 20 42 52 91 45 93 33 43 14 6 41 3 2 0 md290
1119 1073 1077 1054 1060 1098 945 982 900 937 935 954 915 1155 1122 1155 1155 1155 36 82 45 101 95 57 210 173 222 218 220 201 240 0 0 0 0 0 j429
1145 1372 1372 1344 1327 1372 1142 1067 1090 1154 1111 1158 1248 1111 1103 1057 1049 1137 199 0 0 0 17 0 202 305 282 190 233 214 96 261 269 287 295 235 f370
492 507 514 490 404 474 406 388 349 396 426 385 522 522 455 522 522 522 30 15 26 32 118 48 145 163 221 155 125 166 0 0 85 0 0 0 ad390
611 695 744 735 725 744 606 498 581 510 546 568 634 744 744 744 744 733 133 49 0 9 19 0 138 246 163 234 198 176 110 0 0 0 0 11 j111
683 550 665 657 665 684 486 436 428 459 436 476 562 614 671 687 612 619 1 134 19 46 19 0 162 212 220 207 212 172 122 70 13 16 72 65 s376
374 377 370 375 376 312 316 329 305 344 343 316 289 303 241 305 292 299 1 13 5 0 14 63 59 61 70 31 47 59 86 87 134 70 98 76 a321
675 650 650 578 633 637 474 487 511 463 487 462 542 601 650 676 676 650 1 0 0 98 43 13 176 138 114 187 163 163 134 49 0 0 0 0 jd389
512 486 510 497 441 502 421 363 351 336 383 407 388 486 513 513 486 513 1 0 3 16 45 11 92 123 162 177 103 106 125 0 0 0 0 0 jd49
1427 1306 1428 1470 1428 1428 1268 1073 1119 1214 1242 1365 1306 1225 1428 1470 1378 1235 1 122 0 0 0 0 160 355 309 256 186 63 122 203 0 0 50 193 j35
561 488 507 462 487 480 598 482 575 533 545 592 490 538 572 550 572 572 11 84 65 88 85 92 0 116 23 42 53 6 82 34 0 0 0 0 j107
426 484 510 504 482 528 353 423 379 417 382 506 412 435 345 335 423 492 102 44 18 0 46 0 153 83 127 66 124 0 116 93 183 169 105 36 a463
360 383 405 405 383 367 237 191 277 161 204 265 362 388 329 322 362 369 45 22 0 0 22 38 141 187 101 217 174 113 43 17 76 83 43 36 f17
798 902 962 936 934 962 798 812 823 804 827 789 755 878 836 802 806 866 138 60 0 0 2 0 174 187 176 168 145 210 181 84 126 134 130 96 f451
911 936 912 912 874 912 832 843 843 898 789 935 762 806 806 821 833 735 1 0 0 0 62 0 118 132 107 52 186 15 150 130 106 91 103 177 n471
339 277 260 295 343 293 313 307 262 300 255 313 396 378 378 394 352 378 57 101 118 101 53 85 61 50 95 74 119 44 0 0 0 2 44 0 m208
637 662 643 598 643 657 493 502 392 368 378 503 576 656 614 623 648 665 28 22 22 67 41 8 137 146 238 262 270 127 89 28 51 42 36 0 s128
235 268 261 253 272 286 193 216 178 145 209 213 248 276 254 225 236 254 51 31 25 33 27 0 93 83 108 141 90 73 38 23 32 61 63 32 o395
504 532 526 486 510 558 405 483 371 432 442 485 444 377 396 391 387 370 36 26 32 54 30 0 105 44 156 78 68 42 96 181 162 149 153 188 o40
355 333 316 360 333 368 290 211 202 230 189 263 328 333 345 344 291 318 13 51 52 8 51 0 55 149 143 115 171 82 40 51 23 24 93 50 s289
1229 1404 1404 1385 1367 1404 981 1077 1075 1019 1096 1128 1272 1404 1404 1404 1404 1404 175 0 0 19 37 0 384 288 290 346 269 237 132 0 0 0 0 0 f87
594 531 554 595 596 583 453 341 382 448 315 330 538 458 494 523 494 523 1 81 41 0 16 12 107 235 178 112 261 230 57 154 101 72 118 72 s372
192 210 194 210 175 189 127 199 102 178 153 176 167 172 147 165 122 155 18 0 2 0 35 21 98 26 108 47 72 49 43 38 49 45 88 55 a125
304 410 406 406 383 406 301 293 263 231 268 271 353 311 307 345 338 324 102 10 0 0 37 0 105 127 143 175 152 135 53 109 99 61 82 82 f497
666 696 667 622 547 667 566 463 538 558 521 574 667 497 651 667 696 667 1 0 0 45 149 0 124 257 152 132 199 116 0 199 16 0 0 0 ad322
951 1056 1088 1088 1056 1088 904 831 971 900 941 841 925 1056 1088 1088 1056 1088 137 0 0 0 0 0 218 258 151 222 148 281 163 0 0 0 0 0 j51
950 1160 1195 1224 1110 1248 954 916 870 939 981 1126 1241 1154 1093 1202 1115 956 298 88 53 0 138 0 346 384 430 336 319 174 7 94 155 22 133 292 d164
292 291 267 291 295 285 312 303 228 264 274 279 345 345 330 345 327 345 53 54 63 54 50 60 56 65 124 104 94 89 0 0 0 0 18 0 m50
839 840 710 840 770 840 783 839 582 820 678 821 628 689 652 654 627 634 1 0 106 0 70 0 57 1 234 20 162 19 212 151 164 186 213 206 o70
274 311 266 304 313 324 250 241 262 247 274 255 324 342 342 324 300 342 50 31 76 20 11 18 74 101 80 77 50 87 0 0 0 0 24 0 m308
1024 1025 1000 970 942 1025 805 821 649 775 612 762 940 782 855 865 886 904 1 0 0 55 83 0 179 163 311 209 372 222 85 243 145 160 139 121 n234
303 252 271 304 304 304 285 242 218 255 231 271 263 237 185 200 220 237 1 52 17 0 0 0 0 43 52 30 54 14 41 67 103 104 84 67 j61
316 326 360 353 367 360 239 283 270 279 255 259 285 380 360 360 380 360 44 54 0 7 13 0 121 97 90 81 125 101 75 0 0 0 0 0 jd261
454 455 442 455 408 455 309 331 297 328 274 337 398 366 344 421 379 358 1 0 0 0 47 0 111 89 111 92 146 83 57 89 98 34 76 97 n397
520 421 568 576 552 576 390 317 344 375 365 373 555 542 575 576 485 576 56 131 8 0 0 0 186 235 232 201 187 203 21 10 1 0 67 0 m385
389 383 344 346 390 390 245 261 235 241 198 220 262 279 270 252 308 293 1 7 46 29 0 0 119 103 129 109 166 144 128 111 120 123 82 97 o196
415 371 416 380 432 416 387 282 326 347 284 389 352 321 318 289 341 342 1 61 0 36 0 0 55 177 116 95 175 53 64 111 98 127 91 74 s253
832 930 930 960 947 930 717 694 730 756 832 703 911 930 928 960 960 930 128 0 0 0 13 0 243 236 200 204 128 227 49 0 2 0 0 0 f409
271 272 272 255 239 214 186 158 190 197 179 182 224 225 163 203 222 239 1 0 0 17 33 58 86 114 82 75 93 90 48 47 109 69 50 33 md355
223 224 224 223 224 224 201 208 197 205 183 194 182 189 169 160 170 182 1 0 0 15 0 0 23 16 27 33 41 30 42 35 55 78 54 42 md464
756 783 812 801 812 812 664 628 601 659 689 698 812 812 723 812 812 747 56 29 0 11 0 0 176 212 239 181 151 142 0 0 89 0 0 65 j224
519 420 479 520 494 420 459 368 421 488 479 342 449 380 328 359 348 415 1 74 41 0 0 100 61 126 99 32 15 178 71 114 192 161 146 105 a5
651 720 719 735 667 735 579 667 605 600 615 621 639 621 687 722 686 635 84 0 16 0 53 0 156 53 130 135 105 114 96 99 48 13 34 100 n94
359 345 345 328 360 345 241 281 272 241 301 283 302 293 272 277 311 287 1 0 0 32 0 0 119 64 73 119 59 62 58 52 73 83 49 58 o462
286 379 374 308 373 341 264 197 214 182 202 246 310 353 374 366 384 362 88 12 0 66 18 33 88 171 138 170 166 106 64 38 0 8 7 12 jd326
697 736 800 778 800 800 622 547 593 646 678 673 581 667 693 618 587 604 103 64 0 22 0 0 178 253 207 154 122 127 219 133 107 182 213 196 s118
774 876 850 868 872 849 770 744 774 750 801 774 821 918 918 945 918 918 144 42 68 77 46 69 148 174 144 195 117 144 97 0 0 0 0 0 f86
520 544 542 544 503 544 398 386 331 402 332 402 438 438 436 458 429 395 24 0 2 0 41 0 112 124 179 108 178 108 106 106 108 86 115 149 n42
530 482 540 555 541 555 493 354 475 464 359 491 457 490 475 507 432 443 25 73 0 0 14 0 99 238 101 128 233 101 98 65 65 48 123 112 s297
373 328 357 374 371 357 358 213 211 328 269 273 327 249 256 316 283 341 1 29 0 0 3 0 16 144 146 46 105 84 47 108 101 58 91 16 j283
540 540 424 406 532 516 451 369 366 408 361 452 546 436 540 567 567 567 27 27 116 161 35 51 116 198 174 159 206 115 21 131 0 0 0 0 jt241
903 980 980 1008 879 980 692 713 710 791 653 697 986 791 928 996 1008 970 105 0 0 0 129 0 316 267 270 217 355 283 22 189 52 12 0 10 d440
349 350 364 323 350 350 278 289 288 264 268 279 306 250 283 300 283 244 1 0 0 27 0 0 97 86 102 111 107 96 44 100 81 50 67 106 n405
322 312 332 365 293 366 241 265 232 222 241 253 344 332 300 363 334 298 68 65 45 25 97 11 119 83 116 138 119 95 46 45 77 27 56 79 s283
380 404 413 397 449 431 365 377 399 435 383 378 496 496 512 496 463 496 116 92 99 99 47 65 131 119 113 61 113 118 0 0 0 0 33 0 m178
734 668 768 566 622 720 624 504 644 513 549 548 648 660 768 736 736 736 2 68 0 170 114 16 89 209 100 200 164 165 88 76 0 0 0 0 jt425
466 457 468 454 480 468 335 328 364 386 358 368 464 376 375 428 401 402 14 11 0 26 0 0 185 179 143 134 162 139 16 92 93 52 79 66 n361
755 768 874 855 787 855 614 574 614 629 497 650 785 597 691 658 697 620 100 87 0 0 68 0 196 236 214 181 313 160 70 258 183 197 158 235 n123
559 605 714 714 714 714 689 528 618 612 593 597 619 569 557 587 643 602 155 109 0 0 0 0 25 186 96 102 121 117 95 145 157 127 71 112 j410
539 485 550 558 558 521 410 487 486 535 516 527 489 515 476 357 431 505 19 104 39 0 0 68 148 102 103 23 42 62 69 74 113 201 127 84 a74
1031 895 1032 987 1008 1032 951 713 863 963 898 946 833 785 829 724 733 825 1 113 0 45 0 0 124 337 212 112 152 129 199 223 203 308 275 207 s394
1231 1232 1229 1232 1232 1232 1261 1276 1257 1110 1225 1238 960 924 916 967 935 899 1 0 3 0 0 0 15 0 19 166 51 38 272 308 316 265 297 333 n226
667 753 792 805 790 810 594 638 587 564 586 642 671 634 584 643 649 651 143 57 0 5 20 0 171 127 161 201 179 123 139 176 208 167 161 159 f346
638 525 644 672 594 644 567 470 462 497 455 512 672 522 644 672 672 644 34 119 0 0 78 0 105 174 182 175 217 132 0 122 0 0 0 0 jd189
650 672 651 651 642 586 528 512 525 505 524 547 570 591 523 550 621 559 1 0 0 0 30 65 92 128 95 115 116 73 81 81 128 101 51 92 md426
2115 2159 2343 2343 2336 2343 2271 2140 1959 2121 2153 2304 2115 2207 2149 2098 2105 1933 228 184 0 0 7 0 72 203 384 222 190 39 228 136 194 245 238 410 d224
681 730 756 706 735 708 498 540 539 468 557 476 662 735 756 726 735 735 54 5 0 29 0 27 272 230 253 302 213 294 73 0 0 9 0 0 f198
257 264 265 247 244 265 219 240 232 231 189 251 231 253 259 238 243 251 13 6 15 23 26 5 78 57 76 66 108 46 39 17 21 32 27 19 o360
1425 1426 1428 1428 1462 1258 1305 1315 1386 1386 1371 1177 1228 1311 1200 1273 1341 1285 3 36 0 0 0 170 81 104 0 0 48 209 200 151 228 155 121 143 a448
729 775 807 810 747 826 583 633 531 628 621 559 828 791 760 810 828 828 99 53 21 0 81 2 291 241 343 227 253 315 0 37 68 0 0 0 d280
344 325 315 297 301 333 244 222 226 236 218 279 322 337 332 348 333 318 4 23 33 51 47 15 133 155 151 141 159 98 26 11 16 0 15 30 m111
256 295 288 251 289 288 197 195 204 186 197 169 214 306 288 286 306 288 32 11 0 37 17 0 91 111 84 102 109 119 74 0 0 2 0 0 jd141
760 798 775 775 792 775 473 673 660 613 679 605 492 762 758 706 749 718 15 2 0 0 8 0 333 159 146 193 153 201 283 38 17 69 51 57 j280
1497 1553 1535 1493 1297 1488 1407 1287 1359 1455 1324 1428 1591 1452 1480 1591 1591 1591 94 38 56 98 294 103 184 304 232 136 267 163 0 139 111 0 0 0 ad170
545 585 616 594 616 616 514 443 465 387 463 431 494 611 616 594 612 616 71 31 0 0 0 0 130 201 179 234 181 213 122 5 0 0 4 0 j251
536 508 491 555 482 611 471 455 457 525 497 522 604 616 638 638 604 595 102 108 147 83 134 27 196 189 210 142 147 145 34 0 0 0 12 43 m429
876 893 943 692 902 924 592 691 738 693 773 741 775 887 943 902 902 943 26 50 0 210 0 19 288 229 182 187 107 179 127 56 0 0 0 0 jd71
784 749 755 708 660 617 644 720 718 745 763 788 728 840 870 870 840 870 86 91 115 162 180 253 255 148 181 154 105 111 142 0 0 0 0 0 j423
287 288 288 272 219 286 194 189 170 198 173 215 282 286 217 267 285 288 1 0 0 0 69 2 94 99 118 74 115 73 6 2 71 5 3 0 ad45
125 117 126 124 115 126 87 54 70 77 91 94 121 110 89 89 85 106 1 0 0 2 2 0 39 63 56 49 26 32 5 7 37 37 32 20 md256
550 664 661 519 649 621 450 457 503 493 480 543 536 672 672 672 672 672 122 8 11 153 23 51 198 191 145 155 168 105 136 0 0 0 0 0 jd101
464 416 480 430 465 465 371 313 383 344 332 390 365 367 399 357 398 371 1 49 0 35 0 0 94 152 97 121 133 75 100 98 81 108 67 94 s204
600 577 697 678 671 673 645 621 616 620 383 617 616 658 641 673 593 609 120 143 23 24 49 47 75 99 104 82 337 103 104 62 79 29 127 111 jt442
582 523 594 548 568 581 521 468 500 504 508 503 660 638 660 660 591 660 78 115 66 112 70 79 109 141 130 126 101 127 0 0 0 0 47 0 m100
899 900 822 749 900 900 736 720 646 664 756 723 706 900 930 872 900 900 1 0 114 151 0 0 164 180 290 236 144 177 194 0 6 28 0 0 jt8
687 731 731 719 742 731 558 562 529 567 502 572 655 535 574 621 621 560 61 0 0 29 6 0 146 126 159 137 202 116 93 196 157 127 127 171 n369
388 436 445 440 459 398 433 369 348 377 317 345 386 442 436 395 386 448 60 26 3 8 3 50 47 126 132 103 178 135 62 20 12 53 76 0 j361
570 575 578 578 485 578 408 394 359 474 323 444 449 421 460 436 361 425 8 3 0 0 93 0 136 150 185 70 221 100 129 157 118 142 217 153 n181
366 378 378 378 375 378 348 302 275 379 374 344 328 322 291 319 315 296 12 0 0 0 3 0 51 97 124 20 25 55 50 56 87 59 63 82 a305
384 357 379 376 359 324 297 292 359 291 339 316 352 432 448 432 432 432 48 75 69 56 73 108 108 113 61 114 66 89 80 0 0 0 0 0 j238
805 641 767 753 800 806 719 626 692 691 615 722 643 583 629 639 659 649 1 165 13 53 6 0 56 149 58 84 160 53 163 223 151 167 147 157 s437
575 504 576 576 490 576 493 320 433 447 336 398 576 469 576 576 576 576 1 72 0 0 86 0 59 232 119 105 216 154 0 107 0 0 0 0 jd231
278 246 240 237 232 258 216 193 215 214 231 180 286 292 294 294 261 288 16 48 54 57 62 36 99 122 100 101 84 135 8 2 0 0 33 6 m296
335 272 292 336 322 333 236 190 245 218 271 276 313 287 287 304 300 262 1 50 44 0 0 3 76 109 67 94 28 36 23 35 49 32 22 74 a13
424 411 380 380 459 396 358 319 331 340 349 362 463 484 454 437 413 454 44 75 88 88 27 72 110 167 137 128 137 106 5 2 14 31 73 14 m294
622 768 711 744 742 744 514 637 600 577 580 592 681 768 744 744 768 744 122 0 33 0 26 0 261 163 175 198 220 183 63 0 0 0 0 0 f358
332 383 369 296 341 364 298 269 267 182 268 284 352 370 396 378 384 390 52 13 27 88 43 32 86 127 129 202 116 112 32 26 0 6 0 6 f293
311 360 390 353 368 371 237 198 267 233 203 222 305 367 351 316 371 364 79 15 0 37 7 19 153 177 123 157 172 168 85 8 39 74 4 26 j326
610 628 635 618 636 609 526 465 551 517 566 524 582 624 648 648 672 648 38 44 13 30 36 39 149 235 124 158 134 151 66 48 0 0 0 0 j369
790 768 798 798 783 798 616 780 642 583 626 566 724 577 726 725 734 688 8 30 0 0 15 0 182 18 156 215 172 232 74 221 72 73 64 110 f463
335 348 336 336 333 336 270 256 249 266 259 242 283 237 282 291 320 277 1 0 0 0 15 0 66 92 87 70 89 94 53 111 54 45 28 59 n384
1324 1573 1540 1484 1590 1500 1261 1130 1108 1108 1213 1110 1508 1422 1560 1557 1558 1551 236 17 20 76 0 60 247 407 400 400 324 398 52 168 0 3 32 9 d400
1133 1134 1134 1134 1050 1134 1134 1129 1134 1134 950 1060 937 834 891 899 907 873 1 0 0 0 84 0 0 5 0 0 184 74 197 300 243 235 227 261 n358
207 217 213 176 208 184 171 138 135 113 148 182 178 180 202 183 194 187 1 4 8 32 0 37 37 83 86 95 60 39 30 41 19 25 14 34 md155
719 673 697 722 579 694 634 493 484 610 539 598 720 720 584 746 720 720 1 47 23 28 141 26 86 227 236 140 181 122 0 0 136 4 0 0 ad3
860 897 920 840 890 920 682 675 671 686 705 826 920 758 913 905 864 920 60 0 0 80 7 0 238 222 249 234 192 94 0 139 7 15 33 0 d433
646 667 696 667 561 667 554 575 540 596 492 497 559 667 696 667 667 667 21 0 0 0 106 0 136 115 180 94 198 193 108 0 0 0 0 0 jd93
848 813 887 801 863 925 747 659 748 591 643 617 826 896 925 892 898 922 52 112 38 99 37 0 153 266 177 309 257 308 74 29 0 8 2 3 jt352
561 588 568 553 487 524 427 437 479 518 481 485 472 594 594 594 594 594 33 6 26 41 107 70 167 157 115 76 113 109 122 0 0 0 0 0 jd435
438 440 390 440 452 353 357 354 270 230 390 309 379 345 313 398 369 377 2 20 50 0 8 87 61 83 148 188 47 109 61 115 127 42 91 63 a234
1095 1311 1288 1288 1311 1288 1082 1189 1151 1142 1161 1194 1144 1101 1184 1192 1149 1174 193 0 0 0 0 0 206 122 137 146 150 94 144 210 104 96 162 114 f334
468 476 420 351 363 433 420 359 390 397 441 465 472 421 372 457 476 476 8 0 56 125 113 43 56 117 86 79 35 11 4 55 104 19 0 0 jt68
504 451 537 564 588 584 529 554 449 412 444 433 588 588 568 567 588 540 84 137 51 3 0 4 59 34 139 155 144 155 0 0 20 0 0 48 m145
531 532 513 483 532 532 340 384 362 402 373 418 443 418 400 424 431 395 1 0 19 68 0 0 164 120 142 120 131 86 89 114 132 127 101 137 o150
837 840 840 816 618 757 699 656 609 648 613 699 840 840 714 826 840 840 3 0 0 24 222 83 171 214 261 222 257 171 0 0 126 14 0 0 ad212
287 273 281 228 246 221 175 154 174 138 156 183 226 245 255 223 236 280 1 3 7 60 30 67 113 122 114 150 120 105 62 31 33 65 40 8 o17
597 598 566 508 539 598 444 428 353 432 379 399 550 464 548 582 522 467 1 0 32 77 59 0 200 216 291 198 265 245 48 134 50 3 76 131 n280
293 294 294 294 274 274 214 216 221 214 185 213 256 294 294 294 294 294 1 0 0 0 20 20 101 99 94 101 130 102 38 0 0 0 0 0 jd302
850 843 828 844 770 851 695 726 731 676 664 711 639 704 674 667 675 676 1 8 0 7 81 0 119 88 61 138 150 103 212 147 154 184 176 175 o399
946 982 976 934 764 981 773 810 650 692 746 807 992 992 834 961 992 992 46 10 16 27 228 11 219 182 342 269 246 185 0 0 158 0 0 0 ad87
493 440 438 491 443 463 458 327 338 397 389 433 411 353 401 428 386 424 1 54 56 3 51 31 10 141 130 71 79 35 83 141 93 66 108 70 a6
1066 1171 1209 1176 1122 1209 1070 1142 1189 1081 1056 1128 1026 1171 1202 1162 1148 1141 112 38 0 2 56 0 146 106 59 135 160 120 152 38 7 16 30 68 jd94
727 780 718 806 780 780 729 778 696 837 651 810 663 685 551 686 557 630 53 0 62 0 0 0 81 32 114 0 159 0 117 95 229 120 223 150 s147
321 308 318 320 294 316 228 201 226 214 198 173 299 281 234 223 249 269 1 0 4 2 14 6 71 85 73 85 88 126 23 27 88 99 59 53 md272
551 447 552 552 484 525 567 354 353 383 317 382 476 522 442 552 552 552 1 105 0 0 68 27 9 222 223 193 259 194 76 30 110 0 0 0 ad40
525 540 532 477 412 475 465 401 466 378 498 493 469 410 535 510 540 540 15 0 8 33 128 65 57 121 56 115 24 29 71 130 5 0 0 0 jd4
444 376 434 415 448 462 307 225 327 293 278 339 370 366 385 366 358 362 4 86 28 33 0 0 141 237 135 155 170 123 78 96 77 82 90 100 s497
1117 1118 1118 1061 986 1118 929 910 892 857 945 937 1118 1060 1053 1075 1118 1118 1 0 0 14 132 0 163 182 200 193 147 155 0 58 65 0 0 0 ad379
703 623 686 628 704 704 559 466 642 542 616 607 626 588 664 581 562 626 1 81 18 98 0 0 145 238 62 184 88 97 78 116 40 145 142 78 s44
479 576 576 594 576 552 394 369 344 506 413 423 462 576 576 600 570 576 97 0 0 6 0 24 182 207 232 94 163 153 114 0 0 0 6 0 j37
238 271 294 308 308 294 266 249 239 234 234 257 278 215 195 209 205 244 70 23 0 0 0 0 64 66 76 96 96 58 30 79 99 99 103 50 f230
337 351 326 338 338 351 297 221 244 277 306 263 286 283 243 256 255 284 1 0 25 0 0 0 15 103 80 35 6 61 52 68 108 82 83 67 a83
205 217 195 197 198 195 143 109 113 154 91 150 238 238 243 238 211 238 33 21 57 41 40 43 78 112 121 67 130 71 0 0 9 0 27 0 m230
398 380 399 380 380 395 289 272 301 275 300 254 306 334 293 288 283 347 1 0 0 19 0 4 110 108 98 124 80 145 93 46 106 111 97 52 md162
245 249 266 266 271 266 175 221 212 221 186 208 229 223 207 184 178 189 21 31 0 0 9 0 110 79 73 64 114 77 37 57 59 82 102 77 md446
1037 1107 1074 1050 1084 1101 895 852 778 937 886 864 1134 1063 1028 1134 1134 1107 97 0 33 84 50 6 281 296 370 239 290 284 0 44 79 0 0 0 d275
407 452 440 372 443 423 327 326 315 266 324 322 386 398 440 440 462 440 33 10 0 68 19 17 133 157 145 194 159 138 54 64 0 0 0 0 jd264
1055 1077 1127 1187 1052 1188 899 992 877 1042 811 1007 1091 1026 1040 1068 1069 1004 133 78 61 1 103 0 253 128 275 110 309 145 97 129 148 120 86 184 o419
378 375 400 330 342 391 321 281 279 255 259 316 332 345 414 391 391 391 13 16 14 61 49 0 87 127 153 153 149 92 59 46 0 0 0 0 jt378
819 935 928 928 800 916 722 565 611 646 723 623 910 960 804 913 946 857 109 25 0 0 160 12 177 365 288 253 207 276 18 0 124 15 14 71 ad400
415 500 480 396 419 480 366 382 394 279 398 342 373 504 480 480 504 480 65 4 0 84 85 0 114 122 86 201 106 138 107 0 0 0 0 0 jt120
1181 1285 1350 1350 1320 1350 1129 1321 1324 1343 1350 1352 1116 1092 1127 971 1036 1078 169 35 0 0 0 0 266 43 71 52 14 43 234 228 223 379 284 272 f262
758 677 689 688 682 688 637 582 660 611 648 639 629 682 782 759 759 759 1 82 93 71 77 71 122 177 122 148 111 120 130 77 0 0 0 0 j195
614 569 640 523 465 640 476 459 518 452 351 470 470 608 640 640 608 640 26 39 0 117 143 0 144 130 102 168 238 150 170 0 0 0 0 0 jt28
414 402 432 403 399 390 263 152 227 178 229 236 368 335 373 425 343 353 18 18 0 29 21 42 133 233 169 218 156 160 64 85 59 7 77 79 n497
441 438 372 443 442 442 316 383 284 359 363 312 356 370 400 376 376 404 1 4 70 12 0 0 160 93 192 131 113 164 86 72 42 79 66 38 o390
1477 1691 1680 1710 1624 1710 1387 1317 1267 1338 1229 1363 1710 1686 1580 1710 1704 1710 233 19 0 0 86 0 266 336 357 315 424 290 0 24 100 0 6 0 d436
459 459 440 417 422 445 397 230 294 292 287 305 374 413 440 462 462 462 3 3 0 45 40 17 65 232 146 170 175 157 88 49 0 0 0 0 jd182
462 448 448 407 457 471 311 294 279 300 303 319 437 426 413 448 465 413 19 33 20 74 24 10 133 150 153 144 141 125 44 55 55 33 16 68 n13
475 459 454 456 459 474 352 446 351 391 416 439 372 375 418 403 374 387 1 0 22 20 0 2 124 13 125 85 43 37 104 84 58 73 85 89 o310
251 227 226 238 240 206 242 176 224 190 232 191 202 190 193 221 233 206 1 25 26 0 12 46 28 94 46 65 38 79 50 62 59 17 19 46 a357
614 578 601 609 586 589 450 453 530 488 486 520 523 660 660 660 660 660 46 82 59 51 74 71 210 207 130 172 174 140 137 0 0 0 0 0 j368
419 482 504 472 466 486 362 337 343 340 305 391 486 474 434 486 486 486 67 4 0 14 20 0 124 149 161 146 181 95 0 12 70 0 0 0 d55
1284 1373 1406 1371 1283 1410 941 1059 1086 1115 1064 1063 1348 1348 1296 1378 1380 1368 96 37 4 9 97 0 393 304 277 219 270 300 32 62 114 2 0 42 d78
1115 1116 1152 1083 858 1099 864 834 788 884 727 846 1116 1096 970 1116 1116 1116 1 0 0 33 258 17 252 282 364 232 389 270 0 20 182 0 0 0 ad143
758 692 734 716 782 759 667 595 562 584 615 663 611 569 589 590 687 562 1 90 25 43 0 0 59 153 164 142 133 63 148 213 170 169 95 197 s34
412 410 501 453 502 504 405 402 444 399 374 414 407 414 432 383 409 445 92 94 3 33 2 0 99 102 60 87 130 90 97 90 72 103 95 59 o15
165 176 184 208 156 180 159 93 71 133 134 155 208 182 161 208 208 195 43 19 11 0 52 15 49 102 124 75 74 40 0 13 34 0 0 0 ad256
281 311 289 290 319 312 265 225 209 200 210 193 263 230 198 211 249 257 31 14 23 22 6 0 71 125 127 136 140 143 49 95 114 101 76 55 o273
1199 1200 1248 1161 966 1174 986 953 835 912 930 939 1200 1200 1050 1200 1200 1200 1 0 0 39 234 26 189 222 387 263 245 236 0 0 198 0 0 0 ad476
334 336 352 325 336 352 224 232 246 240 264 326 275 272 248 309 265 293 18 0 0 27 0 0 128 104 106 112 72 26 77 64 104 43 71 59 n418
359 342 360 360 219 345 196 163 161 219 195 254 353 283 292 343 324 303 1 0 0 0 123 15 164 179 199 141 147 106 7 59 68 17 18 57 ad136
495 603 609 604 612 612 451 413 467 437 459 433 612 524 610 572 578 597 117 9 3 26 0 0 195 233 179 228 187 213 0 88 2 58 34 15 d343
389 375 375 390 390 357 373 371 335 328 353 267 334 302 315 318 323 333 1 0 0 0 0 18 17 4 40 62 37 108 56 73 60 72 67 42 md403
577 468 517 595 578 578 463 415 489 571 469 505 445 425 431 449 363 454 1 110 61 0 0 0 115 163 89 24 109 73 133 153 147 146 215 124 s100
367 369 369 360 263 286 288 276 249 207 279 314 374 374 311 372 374 374 7 5 5 14 111 88 108 120 147 189 117 82 0 0 63 2 0 0 ad52
1035 1073 1104 1104 991 1104 925 890 898 969 867 903 1104 1104 990 1104 1104 1104 69 31 0 0 113 0 227 262 254 183 285 249 0 0 114 0 0 0 d134
299 246 244 300 300 285 241 104 203 229 254 220 247 241 211 213 229 239 1 39 41 0 0 0 39 162 63 51 26 46 53 44 74 87 71 46 md485
972 1080 1053 1049 1065 1053 785 909 938 881 930 819 916 1080 1053 1053 1080 1053 81 0 0 4 15 0 268 171 115 172 150 234 137 0 0 0 0 0 j66
683 741 760 741 660 741 503 591 610 603 524 608 606 491 570 604 520 548 58 0 0 0 81 0 238 150 150 138 217 133 135 250 190 137 221 193 n385
820 901 936 936 845 936 680 624 617 755 637 654 936 795 921 936 910 936 116 9 0 0 65 0 256 286 319 181 273 282 0 115 15 0 0 0 d112
1049 1088 1091 950 1080 1118 707 764 790 834 845 806 1120 924 1120 1120 1088 1120 71 0 29 170 8 2 378 290 295 251 209 279 0 164 0 0 0 0 d393
521 578 555 524 544 519 442 462 444 466 428 425 473 586 567 567 588 567 46 10 12 43 44 48 125 126 123 101 160 142 94 2 0 0 0 0 jd341
293 308 294 294 299 294 246 241 262 244 282 244 245 284 212 212 226 236 1 0 0 0 9 0 69 89 53 71 48 71 49 24 82 82 82 58 md456
1539 1540 1540 1501 1291 1505 1263 1232 1232 1353 1259 1380 1540 1455 1377 1540 1540 1540 1 0 0 39 249 35 312 343 343 222 316 195 0 85 163 0 0 0 ad183
839 870 870 831 582 848 636 583 588 620 533 664 840 735 703 808 766 824 1 0 0 9 258 22 232 316 311 248 335 235 0 135 167 32 74 46 ad331
344 333 300 328 336 279 312 293 200 230 293 255 271 272 269 286 291 264 1 12 45 17 9 66 33 52 145 115 52 90 74 73 76 59 54 81 a374
272 278 296 303 308 281 254 275 206 236 259 270 360 360 360 342 312 360 88 82 64 39 52 79 86 65 134 87 81 70 0 0 0 0 48 0 m431
580 648 624 624 491 610 462 444 447 348 358 418 621 648 559 543 639 607 44 0 0 0 157 14 136 177 151 250 263 180 3 0 65 81 9 17 ad146
703 742 612 759 759 695 652 675 575 699 728 658 622 652 582 642 605 621 56 17 124 0 0 64 140 117 193 93 64 134 137 107 154 117 154 138 a7
342 393 320 343 391 376 269 248 246 222 234 287 294 396 396 412 384 396 54 3 76 75 5 20 127 148 150 196 162 109 102 0 0 6 12 0 jt345
400 399 429 395 450 412 264 292 238 261 244 284 391 459 442 442 459 442 42 60 13 47 9 30 152 140 178 155 188 132 51 0 0 0 0 0 j168
419 406 324 379 406 420 370 360 311 325 333 355 322 292 328 312 335 317 1 0 96 41 0 0 50 46 109 95 73 65 98 114 92 108 71 103 o397
356 460 440 440 458 440 256 302 291 272 317 273 389 460 440 440 460 440 84 0 0 0 2 0 162 135 127 146 120 145 51 0 0 0 0 0 f424
797 779 798 798 686 798 662 756 751 662 512 707 662 546 592 665 714 608 1 0 0 0 93 0 178 64 89 178 308 133 136 233 206 133 65 190 n365
434 393 450 422 429 435 358 261 317 290 246 299 345 249 292 312 315 321 1 42 0 13 6 0 77 174 133 145 189 136 90 186 158 123 120 114 s196
652 736 725 711 594 725 548 556 593 561 612 542 569 754 725 725 754 725 73 18 0 14 160 0 177 198 132 164 142 183 156 0 0 0 0 0 jd132
412 435 450 450 418 450 311 311 307 285 254 319 390 357 381 416 394 359 38 0 0 0 17 0 109 95 113 135 152 101 60 78 69 34 41 91 n260
341 342 334 342 333 277 277 275 213 246 310 257 298 271 246 301 256 272 1 0 26 0 9 65 65 67 147 96 32 85 44 71 114 41 86 70 a372
663 733 651 710 728 735 565 472 475 509 490 421 675 696 704 705 676 681 93 44 126 46 28 42 155 268 265 211 230 319 81 81 73 51 80 96 f84
1189 1176 1205 1242 974 1098 1002 912 784 955 1002 1065 1248 1095 1100 1248 1248 1209 59 33 4 6 274 111 214 266 394 261 214 113 0 114 109 0 0 0 ad408
518 527 518 534 538 541 390 351 401 314 369 414 480 570 570 551 570 570 52 43 52 17 32 29 150 189 139 208 171 126 90 0 0 0 0 0 f201
272 252 222 271 273 273 184 199 165 170 200 168 230 200 205 201 222 228 1 21 38 2 0 0 68 53 75 82 52 84 43 73 55 72 51 45 o233
613 638 616 628 627 638 456 431 465 452 449 429 539 638 616 638 638 638 25 0 0 10 11 0 153 178 123 157 160 180 99 0 0 0 0 0 j433
406 418 344 418 418 385 370 375 303 384 407 384 362 347 303 322 332 354 12 0 52 0 0 33 67 62 111 53 30 53 56 71 93 96 86 64 a475
269 249 241 255 261 237 260 215 241 242 230 212 193 192 209 158 212 226 1 21 29 0 9 33 10 55 29 13 40 58 77 78 61 97 58 44 a72
626 720 720 704 638 714 534 510 544 550 526 518 704 587 563 638 581 577 78 0 0 0 66 6 170 210 176 154 178 202 0 133 157 66 123 143 n275
755 868 840 840 868 840 643 620 587 591 692 609 768 868 840 840 868 840 85 0 0 0 0 0 227 279 283 279 207 261 72 0 0 0 0 0 f382
372 404 391 382 402 391 318 306 288 318 285 292 308 366 391 391 414 391 19 10 0 9 12 0 90 126 120 90 147 116 83 48 0 0 0 0 jd424
663 750 784 692 680 784 712 574 655 666 649 646 725 742 779 784 784 784 121 34 0 92 104 0 44 182 101 90 107 110 59 42 5 0 0 0 jt489
938 880 912 865 855 929 870 735 839 717 781 880 823 883 912 950 950 950 12 70 0 85 95 21 105 240 97 258 194 95 127 67 0 0 0 0 jd211
650 615 604 619 630 651 536 489 487 462 530 498 498 505 477 479 465 523 1 15 47 32 0 0 84 111 133 158 70 122 153 125 174 172 165 128 o363
835 828 838 742 836 858 573 653 681 640 635 751 694 662 657 693 690 677 1 30 20 94 0 0 225 166 138 158 163 68 142 196 201 143 146 181 o87
510 506 540 524 555 555 474 425 396 429 409 469 451 428 438 370 440 391 45 49 0 31 0 0 81 130 144 126 146 86 104 127 102 185 115 164 s480
358 376 351 297 364 372 275 293 304 278 299 312 329 378 378 364 364 378 6 2 27 67 0 6 115 112 101 112 91 93 35 0 0 0 0 0 jt492
448 417 413 449 391 462 344 426 414 351 293 405 421 444 418 459 411 415 33 64 55 32 90 19 137 55 54 130 188 76 60 37 50 22 70 66 d360
399 373 352 367 420 400 332 290 406 398 435 382 316 284 312 287 315 357 1 47 48 33 0 0 88 151 14 22 6 38 84 136 88 113 105 43 f21
543 478 589 589 551 589 579 541 577 598 503 567 528 462 476 442 420 470 46 111 0 0 38 0 41 79 43 22 117 53 61 127 113 147 169 119 jd167
209 195 199 210 193 205 198 194 128 151 202 135 173 136 153 177 148 165 1 0 11 0 2 5 26 14 96 73 6 89 37 59 57 33 47 45 a257
117 125 149 160 154 154 105 73 105 107 113 115 138 136 122 132 117 124 37 29 5 5 0 0 49 81 49 58 41 39 16 18 32 33 37 30 md468
974 1043 1046 1050 926 1046 819 783 795 808 764 874 1050 920 1033 1050 1050 1050 76 7 4 0 124 4 266 302 290 277 321 211 0 130 17 0 0 0 d373
265 224 257 285 253 214 236 178 221 252 196 216 218 173 210 239 186 232 1 42 9 0 13 52 30 88 45 33 70 50 48 93 56 46 80 34 a57
464 456 480 480 343 480 282 307 265 319 292 334 480 456 360 480 456 480 16 0 0 0 113 0 198 149 215 161 164 146 0 0 120 0 0 0 ad407
594 596 619 603 584 570 488 395 461 402 472 471 517 616 638 638 616 638 44 20 19 35 32 68 150 221 177 236 144 167 121 0 0 0 0 0 j47
474 475 441 470 475 475 470 463 371 367 460 469 340 393 401 364 376 385 1 0 53 5 0 0 30 37 149 133 40 31 135 82 93 111 99 90 o19
503 490 547 570 461 555 495 367 455 457 404 473 462 484 570 570 540 570 67 50 23 0 79 15 56 155 96 94 118 78 108 56 0 0 0 0 jd16
356 357 332 244 357 357 228 309 281 176 281 283 265 263 266 277 269 264 1 0 42 113 0 0 108 27 71 160 55 53 92 94 108 80 88 93 jt480
547 550 572 508 496 516 445 387 468 409 419 366 456 542 572 550 550 550 3 0 0 42 54 34 130 188 130 166 156 209 94 8 0 0 0 0 jd372
367 345 345 368 290 339 302 266 243 229 238 232 368 342 295 340 368 345 1 0 0 0 78 6 66 79 102 139 130 113 0 3 50 28 0 0 ad57
419 420 330 420 420 341 377 329 254 388 381 311 331 362 286 365 344 380 1 0 70 0 0 79 43 91 146 32 39 109 89 58 114 55 76 40 a63
614 691 667 667 680 667 486 486 418 410 521 455 532 682 667 667 696 667 53 5 0 0 16 0 158 186 226 234 151 189 135 14 0 0 0 0 j378
319 334 293 355 306 227 266 221 294 255 275 310 360 347 361 356 309 364 45 16 71 9 44 137 124 154 96 135 100 80 4 3 3 8 41 0 m480
1019 1017 1122 1093 1079 1105 923 964 1057 967 1054 1075 1030 1188 1188 1155 1188 1188 169 171 66 62 109 83 265 224 131 188 134 113 158 0 0 0 0 0 j399
428 444 442 424 373 448 326 308 391 352 451 460 370 427 380 400 361 380 20 4 6 24 75 0 150 168 85 124 25 16 78 21 68 48 87 68 a91
337 335 318 333 335 366 251 248 310 235 275 202 320 391 391 391 391 387 54 56 73 58 56 25 140 143 81 156 116 189 71 0 0 0 0 4 j273
383 374 314 351 400 384 296 388 318 303 321 344 317 304 284 291 336 294 1 26 70 33 0 0 112 37 90 105 104 64 67 96 100 93 64 90 o325
707 736 658 716 689 706 469 530 461 480 516 542 633 740 740 740 736 733 33 4 82 24 51 34 271 210 279 260 224 198 107 0 0 0 4 7 f367
566 492 556 570 538 570 503 345 434 483 536 500 566 475 473 375 398 399 4 59 14 0 13 0 97 235 166 117 44 100 4 76 97 195 153 171 md123
329 333 329 330 331 283 294 278 278 292 281 310 265 236 238 248 298 260 1 12 1 0 14 47 58 90 74 60 87 42 65 109 92 82 47 70 a371
679 631 680 659 680 680 630 589 625 633 637 671 539 523 526 570 471 538 1 49 0 41 0 0 84 125 89 102 77 43 141 157 154 130 209 142 s139
333 302 335 310 302 274 307 329 280 300 281 306 374 374 374 391 338 374 41 72 39 81 72 100 67 45 94 91 93 68 0 0 0 0 36 0 m381
474 494 475 475 442 475 387 426 388 440 423 475 473 373 475 457 427 375 1 0 0 0 52 0 88 68 87 35 71 0 2 121 0 18 67 100 ad124
561 604 590 564 541 506 525 447 441 453 501 467 489 590 609 609 630 609 48 26 19 45 89 103 55 153 139 127 99 113 120 40 0 0 0 0 jd346
440 462 441 441 384 432 387 365 321 289 338 311 441 438 287 441 452 441 1 0 0 0 78 9 75 119 141 173 146 151 0 24 154 0 10 0 ad229
1285 1275 1353 1351 1371 1343 1305 1008 1071 1135 1126 1055 1228 1330 1353 1351 1386 1353 68 111 0 2 15 10 7 336 241 177 218 257 125 56 0 2 0 0 j60
636 700 680 690 692 700 517 550 440 512 553 554 607 680 678 700 700 663 64 0 0 10 8 0 218 185 274 223 182 181 93 20 2 0 0 37 f457
546 663 703 703 638 686 527 463 467 552 412 451 661 670 613 703 663 697 157 40 0 0 65 17 176 240 236 151 291 252 42 33 90 0 40 6 d146
248 317 325 256 293 278 232 197 175 165 192 164 271 277 295 289 247 278 64 8 0 56 19 47 56 103 125 123 96 136 41 48 30 23 65 47 j362
214 189 200 238 238 209 151 146 137 181 196 176 205 202 160 194 208 199 24 49 38 0 0 29 73 78 87 43 28 48 33 36 78 44 30 39 a4
484 547 532 529 544 532 362 390 389 334 391 373 481 551 532 532 551 528 48 4 0 3 7 0 142 132 115 170 131 131 51 0 0 0 0 4 f261
723 780 780 763 723 780 595 591 573 664 588 591 780 709 733 806 780 780 57 0 0 43 57 0 185 189 207 142 192 189 0 71 47 0 0 0 d148
526 527 527 527 512 527 452 424 462 409 471 326 419 431 369 373 351 439 1 0 0 0 15 0 44 72 34 87 25 170 108 96 158 154 176 88 md352
465 462 453 460 478 496 361 343 323 289 304 385 399 468 440 426 489 402 31 34 27 36 18 0 166 184 187 238 223 142 97 28 40 70 7 94 o480
455 444 444 456 436 444 368 287 264 368 266 332 382 369 417 392 356 368 1 0 0 0 20 0 88 157 180 88 190 112 74 75 27 64 100 76 n38
520 432 550 544 500 550 434 390 391 422 344 401 550 436 550 575 550 550 30 118 0 31 50 0 94 138 137 130 184 127 0 114 0 0 0 0 jt189
300 321 301 222 323 316 218 184 169 159 185 156 265 274 340 321 323 319 23 2 39 101 0 7 86 120 151 145 119 148 58 49 0 2 0 4 jt497
486 540 557 572 572 594 476 523 488 496 512 542 492 449 546 482 401 490 86 54 37 0 0 0 96 71 106 76 60 52 80 145 48 90 171 104 o169
719 837 868 868 758 865 629 717 731 747 619 714 868 768 695 798 762 814 149 0 0 0 79 3 267 147 165 149 245 182 0 69 173 70 75 54 ad463
308 299 301 296 295 265 312 307 269 296 266 321 352 352 352 352 328 352 44 53 51 56 57 87 40 45 83 56 86 31 0 0 0 0 24 0 m81
527 520 540 443 520 540 462 440 439 356 345 385 460 492 486 529 498 485 13 0 0 97 0 0 51 54 74 157 149 128 80 28 54 11 22 55 jt178
742 832 832 810 816 832 684 625 674 640 649 603 654 832 832 832 832 832 90 0 0 22 16 0 148 207 158 192 183 229 178 0 0 0 0 0 j199
537 576 576 544 576 576 413 422 375 406 438 441 576 475 573 592 573 576 39 0 0 50 0 0 195 186 233 221 170 167 0 101 3 2 3 0 d188
511 454 512 497 493 512 440 336 354 425 396 489 402 426 442 436 359 416 1 42 0 15 3 0 104 191 190 119 131 55 110 70 70 76 137 96 s19
2489 2716 2840 2898 2729 2852 2276 2208 2064 2264 2315 2265 2850 2533 2748 2898 2852 2852 363 136 12 0 123 0 514 582 726 571 475 525 2 319 104 0 0 0 d7
690 730 728 775 670 754 577 556 558 567 566 560 775 702 690 775 775 775 85 45 22 0 105 21 167 188 162 177 178 184 0 73 60 0 0 0 d465
322 306 308 323 283 246 278 287 219 301 287 205 256 222 226 258 204 257 1 0 15 0 23 77 64 37 123 41 37 137 67 84 97 65 102 66 a308
625 748 692 706 732 687 526 519 539 485 510 497 677 768 744 744 768 744 119 20 52 38 36 57 187 217 174 228 226 216 67 0 0 0 0 0 f182
993 1113 1200 1200 1176 1200 1177 980 1021 1081 1041 1082 932 1042 1076 1053 1061 975 207 63 0 0 0 0 23 196 179 119 135 118 268 134 124 147 115 225 j268
699 680 680 670 612 700 589 551 539 521 562 577 570 574 601 551 553 594 1 0 20 30 68 0 111 129 161 179 118 123 130 106 99 149 127 106 o200
779 800 780 697 800 780 708 659 708 665 661 673 659 602 551 555 544 611 1 0 0 83 0 0 72 141 72 115 139 107 121 198 229 225 256 169 n449
1631 1567 1632 1374 1632 1632 1611 1208 1356 1279 1394 1571 1549 1549 1632 1581 1632 1632 1 65 0 207 0 0 21 424 276 302 238 61 83 83 0 0 0 0 jd35
479 478 480 460 480 480 456 386 432 380 451 470 368 352 339 319 380 319 1 2 0 0 0 0 24 94 48 80 29 10 112 128 141 141 100 161 s405
1420 1448 1421 1421 1329 1421 1253 1285 1260 1355 1297 1466 1411 1389 1191 1339 1342 1261 1 2 0 0 121 0 217 215 210 115 203 4 10 61 230 82 108 160 d311
394 408 339 389 434 420 271 322 287 278 274 324 333 333 333 345 325 358 26 26 81 31 0 0 119 81 103 112 129 66 87 101 87 75 109 62 o336
521 433 540 522 457 464 389 386 413 434 430 409 415 428 420 337 380 433 1 89 0 0 65 58 104 107 97 59 63 84 107 94 120 185 142 89 a190
596 645 667 622 494 667 480 403 438 457 469 517 644 573 666 640 610 625 48 22 0 22 150 0 164 264 229 187 175 150 0 94 1 4 34 42 ad112
505 501 450 317 492 506 355 340 269 230 328 340 426 444 506 483 469 482 1 5 56 166 14 0 129 144 215 232 156 144 80 62 0 0 37 24 jt103
624 672 708 667 602 642 572 485 464 545 561 590 714 630 670 714 693 714 90 21 6 47 91 72 176 241 284 203 165 158 0 63 44 0 0 0 d327
1105 1350 1320 1320 1350 1320 1046 1176 1164 1117 1231 1188 1202 1350 1316 1320 1350 1320 215 0 0 0 0 0 318 219 200 247 164 176 118 0 4 0 0 0 f498
503 504 504 486 475 504 479 365 420 370 466 396 411 378 405 337 366 368 1 0 0 0 29 0 53 167 112 143 66 136 93 126 99 149 138 136 md35
447 466 449 490 476 456 519 431 476 502 466 451 544 544 544 544 488 544 97 78 95 54 68 88 57 145 100 74 110 125 0 0 0 0 56 0 m341
239 278 300 290 300 300 251 284 267 238 268 234 246 294 274 256 273 250 61 22 0 10 0 0 69 36 53 82 52 86 54 6 26 44 27 50 jt155
205 227 215 264 266 266 177 176 182 129 166 199 233 236 231 212 253 246 61 39 37 2 0 0 89 90 70 137 100 67 33 30 21 54 13 20 ad395
423 441 420 434 456 394 322 290 267 268 331 331 486 504 486 486 459 486 63 63 66 52 48 92 137 186 192 191 145 128 0 0 0 0 45 0 m118
523 586 588 566 553 566 570 569 479 525 586 535 514 624 624 624 624 624 101 38 36 58 71 58 80 81 171 125 64 115 110 0 0 0 0 0 j86
593 594 524 526 594 594 488 517 511 451 461 447 421 509 475 448 533 493 1 0 70 68 0 0 106 77 83 143 133 147 173 85 119 146 61 101 o275
1040 1080 1056 1002 1020 1056 928 886 859 849 837 801 846 1013 1026 991 1035 970 16 0 0 54 60 0 84 149 153 163 198 211 210 67 30 65 45 86 jd268
316 285 296 320 320 294 300 196 233 227 277 220 270 313 272 261 279 293 4 51 40 0 0 42 0 119 82 73 23 95 50 23 64 59 41 43 a16
274 298 267 280 306 288 251 221 223 189 239 255 278 268 280 259 280 269 23 8 30 17 0 9 79 119 107 141 101 75 19 38 17 38 26 28 f249
433 516 544 541 528 544 456 411 481 475 371 469 469 357 443 472 450 440 111 12 0 3 0 0 88 117 63 69 157 75 75 171 101 72 78 104 j122
218 256 261 272 272 289 205 163 207 218 251 260 211 285 228 229 225 216 54 33 28 0 0 0 51 109 65 38 5 12 61 4 61 43 47 73 md265
245 236 300 289 283 297 192 224 147 207 175 159 294 253 300 300 285 291 55 49 0 11 2 3 88 42 133 73 91 121 6 32 0 0 0 9 md312
276 272 293 321 257 297 259 251 251 277 235 287 282 292 213 233 214 280 47 32 30 2 47 26 81 69 89 63 85 53 41 12 110 90 90 43 a373
949 908 950 922 944 950 709 615 746 676 796 788 801 823 867 817 855 834 1 67 0 28 31 0 203 321 166 236 140 124 149 152 83 133 120 116 s197
494 503 528 469 490 493 392 413 446 441 438 439 422 506 528 528 506 528 34 3 0 59 16 35 160 116 106 111 91 113 106 0 0 0 0 0 jd409
597 600 538 362 600 600 477 463 385 294 472 415 433 581 600 562 568 575 3 0 62 208 0 0 123 137 215 276 128 185 167 19 0 8 32 25 jt355
1578 1677 1634 1677 1496 1670 1399 1434 1398 1566 1419 1422 1544 1677 1634 1677 1677 1677 99 0 0 0 181 7 239 204 198 72 219 216 133 0 0 0 0 0 jd448
184 192 192 188 192 192 136 157 157 153 159 138 143 192 192 183 144 154 8 0 0 16 0 0 72 51 51 68 49 70 49 0 0 21 48 38 jt384
827 928 928 908 928 928 658 709 653 705 742 733 928 844 847 928 928 928 101 0 0 20 0 0 302 251 307 255 218 227 0 84 81 0 0 0 d89
753 719 770 666 696 708 674 513 639 627 561 554 630 681 770 770 735 770 17 16 0 104 39 62 118 243 153 165 195 238 140 54 0 0 0 0 jd469
461 448 462 432 466 462 406 363 462 388 435 415 410 409 342 308 334 337 1 35 0 30 17 0 56 120 0 74 48 47 52 74 120 154 149 125 jd396
569 451 537 551 512 570 444 398 476 511 334 540 446 411 387 384 449 418 1 119 33 0 58 0 96 142 64 11 206 0 124 159 183 167 121 152 s427
587 577 548 449 395 513 524 532 559 490 460 577 605 637 648 630 599 648 61 71 100 181 253 135 160 152 125 175 224 107 43 11 0 0 49 0 m408
735 713 736 736 693 736 687 644 643 638 639 616 666 670 657 672 620 678 1 0 0 0 20 0 49 69 93 98 74 120 70 43 79 64 93 58 m467
686 728 775 710 721 715 722 663 790 752 801 831 777 757 870 870 870 870 184 142 95 160 149 155 148 207 80 118 69 39 93 113 0 0 0 0 j193
303 301 304 323 299 304 196 177 237 209 216 217 255 272 263 270 269 281 1 3 0 0 5 0 92 111 51 97 72 71 49 32 41 53 35 23 md151
607 577 587 615 582 608 588 582 503 658 495 591 489 463 431 432 394 467 1 31 21 12 26 0 52 58 137 2 145 49 119 145 177 195 214 141 s127
323 312 324 324 306 303 286 249 289 235 280 210 310 258 284 247 252 268 1 0 0 0 6 21 65 89 62 116 58 141 14 54 40 77 60 56 md297
1049 1015 1030 1050 915 1050 857 825 780 827 847 924 1050 960 911 1050 1015 1025 1 0 20 0 100 0 223 219 300 253 197 156 0 55 139 0 0 25 ad67
528 529 529 529 515 529 457 427 443 454 426 416 475 428 456 436 467 471 1 0 0 0 14 0 49 79 63 52 80 90 54 101 73 93 62 58 md393
923 859 805 873 903 924 817 876 790 765 767 806 785 736 765 789 784 767 1 44 119 51 0 0 107 27 134 159 136 118 139 167 159 135 119 157 o65
817 891 976 1007 887 950 951 762 941 967 942 996 1087 967 1108 1147 1110 1110 293 219 134 140 223 160 129 318 139 149 138 84 23 143 2 0 0 0 ad416
327 340 320 340 340 306 211 262 227 268 289 240 270 298 288 268 324 267 13 0 20 0 0 34 146 95 130 89 68 117 70 42 52 72 16 73 a46
1437 1632 1632 1632 1582 1632 1226 1344 1345 1415 1395 1500 1468 1477 1525 1510 1495 1509 195 0 0 0 50 0 358 240 239 169 189 84 164 155 107 122 137 123 f491
834 868 840 751 805 726 711 622 627 606 676 619 763 763 840 840 868 840 6 0 0 89 63 114 129 246 213 234 192 221 77 105 0 0 0 0 jd477
346 327 296 312 286 324 268 241 192 231 186 281 373 375 344 371 333 360 29 48 64 63 89 51 82 109 144 119 164 69 2 0 16 4 42 15 m277
588 570 589 589 513 589 442 418 459 417 348 423 480 431 479 503 460 471 1 0 0 0 57 0 147 152 130 172 222 166 109 139 110 86 110 118 n150
511 546 547 471 479 492 394 381 411 429 399 427 457 556 567 546 546 567 35 21 20 75 67 75 126 159 129 91 121 113 89 11 0 0 0 0 jd369
1632 1333 1610 1558 1577 1633 1426 1426 1313 1356 1327 1327 1338 1364 1433 1348 1445 1406 1 300 0 75 56 0 207 207 297 277 306 306 295 269 177 285 188 227 s323
949 874 950 975 950 950 897 798 842 838 899 884 757 769 743 809 755 777 1 76 0 0 0 0 15 114 70 98 13 28 193 181 207 166 195 173 s379
407 408 320 376 408 408 335 377 264 294 297 323 298 320 308 297 334 330 1 0 88 15 0 0 73 31 144 97 111 85 110 88 100 94 74 78 o218
354 413 435 413 450 435 347 377 352 311 366 391 355 411 399 390 381 347 81 37 0 22 0 0 88 73 83 124 84 44 80 39 36 45 69 88 jd312
638 744 732 575 649 657 573 566 575 595 605 628 605 750 750 750 750 750 112 6 18 175 101 93 152 159 150 130 120 97 145 0 0 0 0 0 jt91
851 912 891 888 784 891 639 677 673 712 621 719 891 883 839 891 918 875 40 6 0 3 134 0 285 275 251 212 331 205 0 35 52 0 0 16 d3
675 702 676 666 555 676 506 439 434 313 500 476 669 702 557 653 701 676 1 0 0 10 147 0 144 236 216 337 175 174 7 0 119 23 1 0 ad190
790 762 852 987 941 987 1009 676 798 663 847 766 987 912 879 649 787 778 197 225 156 0 46 0 25 358 258 371 187 268 0 75 129 338 200 209 md88
215 204 216 191 204 216 197 137 160 159 145 176 177 166 188 196 168 176 1 0 0 25 0 0 37 84 74 75 76 58 39 38 28 20 36 40 jd225
164 168 168 154 139 144 119 118 134 107 119 138 132 156 106 103 137 146 4 0 0 2 29 24 63 64 48 62 63 44 36 12 62 53 31 22 md158
566 545 511 385 525 500 522 308 462 444 434 509 489 505 578 578 578 578 12 33 67 193 53 78 39 253 99 117 127 52 89 73 0 0 0 0 jt351
255 265 272 255 220 236 193 136 211 196 235 198 248 203 215 225 196 228 1 7 0 1 36 36 79 153 78 76 37 91 8 69 57 31 60 44 a344
965 1229 1232 1232 1146 1232 778 1007 988 1107 971 997 1225 1050 1232 1226 1223 1232 267 31 0 0 114 0 454 253 244 125 289 235 7 210 0 6 37 0 d399
1543 1654 1625 1589 1348 1582 1305 1381 1180 1173 1345 1336 1628 1580 1493 1628 1672 1628 85 18 3 39 324 46 286 253 411 418 289 255 0 92 135 0 0 0 ad394
743 780 662 680 760 780 629 703 693 596 563 590 621 644 639 587 663 625 17 0 118 80 0 0 131 77 87 164 197 190 139 136 141 173 97 155 o335
321 321 262 322 303 268 266 296 193 221 222 305 252 282 276 304 256 263 1 1 46 0 19 54 79 49 137 124 123 40 70 40 32 18 66 59 a457
436 488 480 480 458 478 385 339 374 363 367 350 432 416 399 410 400 417 44 8 0 0 38 2 125 188 136 147 160 160 48 80 81 70 96 63 n11
835 814 814 836 785 814 683 683 689 728 698 749 736 767 718 737 675 698 1 0 0 0 51 0 115 94 88 70 100 28 100 47 96 99 161 116 d95
559 532 465 448 523 535 455 409 419 367 357 437 433 532 560 560 532 560 1 0 95 112 9 25 125 142 161 213 194 143 127 0 0 0 0 0 jt276
660 675 648 480 603 665 479 527 543 435 547 470 566 675 648 675 675 675 15 0 0 195 72 10 171 123 81 215 103 180 109 0 0 0 0 0 jt90
434 435 450 435 387 435 370 353 357 410 308 375 405 337 364 348 366 330 1 0 0 0 48 0 94 111 123 54 156 89 30 98 86 87 69 105 n465
303 369 377 377 345 373 329 219 250 291 232 250 361 285 286 336 312 273 74 21 0 0 45 4 77 201 156 115 188 156 16 105 91 41 78 104 n206
755 597 756 756 702 719 567 502 638 642 708 557 604 567 612 590 632 589 1 187 0 0 82 37 162 254 91 87 48 172 152 217 144 166 152 167 a245
545 540 594 590 561 559 393 367 450 482 450 459 493 594 594 594 594 594 49 54 0 4 33 35 174 200 117 85 117 108 101 0 0 0 0 0 j44
1110 1365 1365 1122 1148 1365 1124 1168 1174 1088 1028 1058 1101 1365 1365 1365 1365 1365 255 0 0 243 217 0 241 197 191 277 337 307 264 0 0 0 0 0 jt262
690 620 622 606 529 616 610 656 567 589 489 538 726 704 726 712 559 726 36 84 104 120 175 110 149 80 192 170 247 221 0 0 0 14 145 0 m392
1217 1218 1102 1051 1218 1218 1188 1195 944 1035 1035 1174 914 959 907 866 930 908 1 0 116 167 0 0 72 65 316 225 225 86 304 259 311 352 288 310 o394
781 798 782 782 727 782 768 612 609 643 637 668 738 748 657 701 758 761 1 18 0 0 89 0 37 228 196 162 203 137 44 68 125 81 58 21 ad43
337 342 289 323 342 271 274 320 257 255 313 242 292 263 252 276 271 263 5 0 53 0 0 71 68 22 85 68 29 100 50 79 90 47 71 79 a358
790 755 812 812 648 812 547 617 563 656 544 523 779 701 677 800 756 781 22 29 0 0 136 0 265 167 249 156 240 289 33 83 135 12 28 31 d41
882 892 893 902 893 930 803 804 781 821 793 791 838 930 930 930 930 930 48 38 37 28 37 0 127 126 149 109 137 139 92 0 0 0 0 0 f64
384 416 431 404 397 419 288 225 315 243 289 275 410 332 441 420 420 441 36 25 10 16 23 22 112 195 105 157 111 145 10 109 0 0 0 0 j287
373 374 343 324 374 374 269 300 266 232 289 277 307 276 272 244 275 303 1 0 31 33 0 0 83 52 86 104 63 75 67 98 102 113 99 71 o110
626 549 604 627 610 627 521 510 519 560 494 478 571 535 515 530 542 565 1 78 4 0 17 0 106 117 89 67 133 149 56 92 93 97 85 62 s227
532 525 565 544 577 535 436 351 387 374 393 414 456 558 567 588 588 567 56 42 2 44 11 32 152 216 180 214 195 153 132 9 0 0 0 0 j118
247 230 222 185 225 187 221 167 186 170 181 181 220 212 252 252 252 252 5 22 30 67 27 65 31 85 66 82 71 71 32 40 0 0 0 0 jd233
2478 2520 2565 2446 2516 2565 2102 2130 2056 2198 2104 2248 2565 2358 2492 2565 2520 2565 87 0 0 119 4 0 406 334 452 310 360 260 0 162 73 0 0 0 d448
1018 997 1050 999 984 947 766 797 905 767 744 765 875 1025 1050 1025 1025 1025 7 28 0 26 41 78 218 187 103 217 240 219 150 0 0 0 0 0 j335
599 544 600 600 542 600 524 385 513 572 398 544 402 497 504 504 499 496 1 56 0 0 58 0 106 245 117 58 232 86 198 103 96 96 101 104 s378
227 240 228 228 232 228 180 195 184 181 192 171 207 190 161 158 164 199 1 0 0 0 8 0 67 65 63 66 68 76 21 50 67 70 76 29 md470
372 402 410 354 412 375 323 328 336 325 371 336 345 432 414 414 432 414 42 30 4 60 20 39 114 128 101 112 85 101 69 0 0 0 0 0 j40
879 864 880 791 863 880 667 712 671 613 692 634 788 755 709 794 779 753 1 0 0 89 1 0 213 152 209 267 172 246 92 109 171 86 85 127 n461
336 282 348 351 351 348 272 226 225 252 209 222 292 292 311 304 327 305 24 66 0 9 9 0 118 151 152 138 181 155 68 56 37 56 33 43 s236
461 419 462 412 458 462 386 288 361 316 306 362 385 353 410 434 415 348 1 43 0 50 4 0 109 207 134 179 189 133 77 109 52 28 47 114 s371
509 483 390 510 470 493 378 336 303 406 336 410 418 400 398 394 405 379 1 10 103 0 40 0 162 186 219 134 204 112 92 93 95 116 105 114 s303
287 288 288 306 285 250 247 226 197 210 242 224 234 220 231 245 265 264 1 0 0 0 3 38 25 46 75 79 30 48 54 68 57 61 23 24 a307
398 403 379 396 406 399 353 411 330 248 401 373 358 403 355 360 418 349 1 15 20 3 12 0 67 29 90 172 39 47 41 15 44 39 0 50 a20
921 687 882 945 933 945 766 882 805 782 798 840 873 778 741 763 769 749 24 258 42 0 12 0 224 108 163 208 192 150 72 167 183 182 176 196 j459
617 728 702 651 668 702 516 620 597 522 586 539 592 728 702 702 728 702 85 0 0 51 60 0 186 108 105 180 142 163 110 0 0 0 0 0 jd134
464 480 407 383 480 468 385 342 339 358 364 376 414 412 480 480 480 480 16 0 73 97 0 12 115 158 161 142 136 124 66 68 0 0 0 0 jt271
386 349 400 355 375 400 307 290 390 320 277 388 309 290 349 288 279 264 14 31 0 45 5 0 93 90 10 80 103 12 91 90 51 112 101 136 o4
499 521 564 433 564 485 382 389 389 364 385 464 437 572 572 572 572 572 73 51 8 139 8 87 168 161 161 186 165 86 135 0 0 0 0 0 jd278
563 588 588 550 491 588 416 370 382 413 462 384 588 468 582 567 588 588 25 0 0 17 97 0 172 218 206 154 126 204 0 120 6 0 0 0 ad480
399 400 324 331 397 400 379 389 267 284 241 332 300 270 301 294 307 337 1 0 76 69 3 0 46 36 158 141 184 93 100 130 99 106 93 63 o253
929 923 960 930 927 782 949 874 920 903 888 836 734 727 745 797 762 778 1 7 0 0 3 148 12 87 72 58 73 125 196 203 215 133 168 152 a115
456 463 476 457 476 476 407 449 480 432 453 440 374 374 372 433 396 372 20 13 0 36 0 0 97 55 24 90 51 64 102 102 104 60 80 104 jd122
433 375 406 375 434 434 262 317 361 302 355 274 364 355 349 345 350 344 1 59 28 59 0 0 172 117 73 132 79 160 70 79 85 89 84 90 o371
482 472 462 483 374 483 408 310 342 389 321 320 434 439 462 483 483 483 1 11 0 0 109 0 75 173 120 94 162 163 49 44 0 0 0 0 jd481
550 557 604 595 595 612 521 460 491 485 521 541 483 453 519 524 476 474 62 38 8 17 0 0 127 170 157 163 109 107 129 142 93 88 119 138 s99
607 608 606 608 536 608 583 541 405 514 473 510 488 505 551 562 522 504 1 0 2 0 72 0 63 105 241 132 173 136 120 103 57 46 86 104 n12
406 367 419 421 434 459 414 254 248 223 292 314 379 428 441 377 390 351 36 92 40 21 8 0 2 178 184 193 124 118 63 31 18 65 52 108 j73
161 142 195 182 182 193 121 102 141 142 160 166 170 175 161 150 136 181 21 53 0 0 0 2 75 108 69 54 36 44 12 20 34 32 46 14 m68
177 166 195 208 208 190 142 105 77 123 125 115 208 195 195 208 185 195 31 29 0 0 0 5 66 90 118 85 83 80 0 0 0 0 23 0 m57
315 299 316 261 283 318 309 173 186 203 211 203 286 229 322 322 299 322 7 0 6 61 16 4 13 126 136 119 88 119 36 70 0 0 0 0 jd217
353 339 349 290 340 357 267 201 270 203 235 260 290 275 331 322 302 313 4 1 8 67 0 0 69 119 66 133 85 76 67 65 26 35 38 44 jt255
271 272 288 272 250 265 262 209 241 199 197 191 272 246 236 267 272 272 1 0 0 0 22 7 27 80 65 90 92 98 0 26 52 5 0 0 md77
341 297 326 361 340 315 311 201 226 230 308 239 299 303 268 308 266 266 1 45 16 0 2 27 13 123 98 112 16 85 43 39 74 53 76 76 a485
713 770 702 589 723 770 546 606 558 479 568 605 580 770 770 735 770 770 57 0 68 146 47 0 224 164 212 256 202 165 190 0 0 0 0 0 jt32
463 474 459 484 493 510 466 358 364 325 373 408 459 400 412 447 437 398 47 19 51 26 0 0 74 164 176 215 149 132 51 93 98 63 56 112 s73
307 308 275 325 297 320 227 203 201 222 194 206 278 249 272 276 284 290 18 17 50 0 28 5 73 97 99 78 106 94 47 76 53 49 41 35 s248
467 455 394 450 428 468 431 389 347 429 286 398 393 320 342 315 329 350 1 13 74 0 40 0 37 79 121 21 182 70 75 148 126 135 139 118 s381
548 548 621 586 584 586 499 576 562 562 571 630 578 650 675 675 650 675 127 102 54 89 66 89 203 100 140 140 105 72 97 0 0 0 0 0 j42
424 396 408 412 425 425 296 292 303 416 302 324 371 341 309 317 305 387 1 29 0 13 0 0 154 158 129 34 148 126 54 84 99 108 120 38 md187
334 363 338 382 371 365 352 403 365 375 433 376 431 480 464 464 480 464 130 117 126 82 109 99 83 47 70 60 17 59 33 0 0 0 0 0 j177
1199 1176 1176 1150 1151 1176 990 851 913 912 886 1124 1015 1011 1018 1054 1011 883 1 0 0 50 49 0 260 374 312 338 364 101 185 165 158 146 189 293 n106
661 667 675 663 538 673 519 403 398 542 564 524 700 528 670 686 700 675 39 8 0 37 162 2 181 272 277 158 136 151 0 147 5 14 0 0 ad414
427 450 393 357 437 444 326 366 320 352 337 377 372 450 432 450 450 450 23 0 39 93 13 6 149 109 136 123 138 98 78 0 0 0 0 0 jt305
1279 1242 1272 1268 1247 1062 1082 949 1040 1008 991 1104 1157 1282 1305 1334 1334 1305 55 63 33 66 87 243 252 356 265 326 343 201 177 23 0 0 0 0 j267
630 801 814 792 783 814 600 793 774 730 737 706 637 563 605 551 637 592 162 13 0 0 9 0 228 58 77 98 91 145 155 251 209 241 155 222 f164
378 408 448 448 411 448 367 299 284 301 274 301 349 345 309 386 323 375 70 26 0 0 23 0 49 104 132 115 129 115 99 89 139 62 111 73 d299
571 575 575 589 598 575 517 371 469 453 518 505 461 574 575 598 555 528 27 0 0 9 0 0 107 229 131 171 106 95 137 1 0 0 43 47 j432
456 475 494 422 472 440 389 347 361 341 353 379 381 475 494 475 475 475 19 0 0 53 3 35 111 153 159 159 147 121 94 0 0 0 0 0 jd194
255 272 210 256 233 232 231 224 133 159 173 240 223 215 175 217 196 222 1 0 46 0 39 24 25 48 123 97 99 16 33 57 81 39 76 34 a253
250 260 260 260 244 260 147 161 205 229 201 136 223 231 190 204 202 215 10 0 0 0 16 0 113 99 55 31 59 124 37 29 70 56 58 45 md127
1612 1798 1804 1647 1739 1804 1391 1443 1507 1360 1380 1470 1722 1579 1566 1670 1695 1736 192 6 0 157 65 0 413 361 297 444 424 334 82 225 238 134 109 68 d56
304 259 292 306 288 218 270 237 233 242 295 207 236 171 194 258 214 230 2 29 14 0 0 88 53 67 90 81 9 116 70 117 112 48 74 76 a138
365 366 350 351 340 361 231 189 194 188 182 256 340 290 339 349 314 302 7 6 10 21 32 11 110 152 136 153 159 85 32 82 21 23 58 70 n225
496 435 522 532 504 496 467 333 369 424 344 397 527 504 532 532 442 474 36 69 10 0 0 36 65 171 163 108 160 135 5 0 0 0 62 58 a42
1208 1209 1209 1209 1067 1209 1168 1215 1100 1137 907 1137 980 864 880 1027 998 905 1 0 0 0 142 0 80 33 148 111 341 111 229 345 329 182 211 304 n56
863 710 864 864 822 864 807 604 722 726 676 768 799 792 697 769 756 776 1 122 0 0 10 0 57 228 142 138 156 96 65 40 167 95 76 88 ad29
279 261 286 269 278 272 203 203 176 198 216 174 264 277 213 184 202 239 7 25 0 4 8 14 83 83 110 75 70 112 22 9 73 89 84 47 md226
336 343 338 356 350 351 212 164 186 189 208 250 303 306 321 321 281 293 28 8 13 8 14 0 124 160 138 147 128 74 61 45 30 43 83 58 n499
503 504 444 504 502 448 422 404 363 316 464 389 383 347 373 366 335 370 1 0 60 0 2 56 82 100 141 188 40 115 121 157 131 138 169 134 a352
719 645 720 673 720 720 617 582 748 627 676 667 550 543 576 599 595 625 1 75 0 67 0 0 139 174 8 150 80 89 170 177 144 141 125 95 s399
1367 1368 1346 1290 1365 1368 1225 1051 1266 1116 1117 1316 1048 1135 1098 1100 1102 1076 1 0 22 42 3 0 181 355 140 253 289 90 320 233 270 232 266 292 s171
1153 1353 1353 1320 1320 1353 984 1079 1040 1023 1085 1134 1157 1333 1338 1320 1320 1316 167 0 0 0 0 0 336 274 313 297 235 219 163 20 15 0 0 37 f166
238 235 277 261 261 266 225 186 179 170 126 188 214 243 231 238 232 224 28 31 3 5 5 0 22 61 81 77 121 59 52 23 49 28 34 42 jd215
649 563 582 650 650 518 626 620 521 675 665 510 571 513 543 574 583 539 1 87 42 0 0 132 49 55 127 0 10 165 79 137 81 76 67 111 a184
367 368 368 348 368 368 269 271 298 296 317 282 287 285 260 263 243 272 1 0 0 20 0 0 76 74 47 49 28 63 81 83 108 105 125 96 md439
301 298 336 336 300 329 283 252 269 293 292 267 291 291 277 271 316 270 35 24 0 0 22 7 77 93 91 67 53 93 45 31 59 65 6 66 md399
503 486 474 560 560 560 459 390 468 486 491 425 560 560 560 541 486 460 57 74 86 0 0 0 101 170 92 74 69 135 0 0 0 19 74 100 a120
397 480 460 465 470 436 342 315 283 287 368 332 435 480 462 460 478 465 68 0 5 0 10 29 154 197 213 209 144 164 30 0 3 5 2 0 f342
716 704 774 739 737 774 600 542 681 613 543 639 546 630 634 617 647 575 58 70 0 35 37 0 131 189 50 118 188 92 228 144 140 157 127 199 s284
797 798 795 798 756 798 686 623 639 589 702 605 628 697 701 737 677 725 1 0 3 0 42 0 154 217 201 251 138 235 170 101 97 61 121 73 n116
419 421 464 481 462 468 392 333 416 436 352 368 385 363 376 384 370 379 49 47 4 0 6 0 76 135 52 45 116 100 83 105 92 97 98 89 s312
465 506 506 424 474 479 332 306 380 322 336 355 415 452 506 484 484 506 19 0 0 60 10 27 130 177 103 140 126 128 69 54 0 0 0 0 jd271
525 486 460 548 491 540 424 388 408 470 393 421 456 387 338 436 372 412 15 54 80 10 49 0 116 152 132 88 147 119 84 153 202 122 168 128 s291
349 350 294 350 316 323 316 227 259 234 304 287 288 231 264 295 274 274 1 0 42 0 34 27 34 123 77 116 46 63 62 119 72 55 76 76 a79
406 484 468 486 486 486 394 443 440 449 458 447 439 385 372 370 378 370 80 2 0 0 0 0 92 43 28 37 28 39 47 101 96 116 108 116 f398
319 336 324 271 287 309 236 219 244 243 275 232 280 319 324 324 342 324 5 6 0 53 55 15 70 104 62 63 48 74 44 23 0 0 0 0 jt159
735 744 798 819 770 865 666 767 837 708 748 699 656 899 930 899 899 899 164 155 132 80 129 34 262 161 123 220 180 229 243 0 0 0 0 0 j32
383 407 429 437 460 437 320 338 317 337 390 372 430 379 362 401 414 378 54 53 8 0 0 0 98 102 101 81 50 46 7 81 75 36 46 59 a396
407 391 408 408 305 391 298 259 231 177 228 221 408 391 404 341 385 408 1 0 0 0 86 17 86 109 153 207 140 163 0 0 4 67 6 0 ad83
1079 1325 1406 1404 1393 1406 1368 1165 1049 1114 1136 1369 1399 1267 1344 1367 1374 1174 327 81 0 2 13 0 1 204 320 255 233 0 7 139 62 39 32 232 ad224
351 371 396 361 389 378 345 306 277 345 336 344 383 405 405 405 405 405 54 34 9 44 16 27 87 126 155 87 96 88 22 0 0 0 0 0 d235
1047 1033 945 1053 1074 1080 1065 963 806 1053 879 1032 960 937 904 919 937 861 33 47 135 0 6 0 15 117 274 0 201 48 120 143 176 134 143 219 s186
755 756 756 613 756 756 692 572 639 550 624 619 676 671 756 756 756 756 1 0 0 143 0 0 64 184 117 206 132 137 80 85 0 0 0 0 jd470
781 805 657 682 805 782 729 770 539 618 687 728 605 626 612 567 634 537 1 0 125 100 0 0 53 35 243 164 118 54 177 179 170 215 171 245 o226
1030 1248 1190 1246 1251 1247 949 842 709 788 913 916 1071 1265 1247 1247 1276 1243 217 28 57 1 25 0 298 434 538 459 363 331 176 11 0 0 0 4 f106
405 414 395 351 400 309 327 271 248 331 319 311 408 425 408 408 396 408 3 11 13 57 25 99 105 179 184 101 131 121 0 0 0 0 29 0 m482
499 520 443 479 520 500 366 369 400 384 464 433 351 397 384 330 362 348 1 0 57 21 0 0 109 125 75 91 30 42 149 123 116 170 158 152 o351
467 408 450 459 468 450 438 310 414 358 416 403 374 349 338 334 356 359 1 42 0 9 0 0 4 115 11 84 26 22 94 101 112 134 112 91 s324
569 551 494 545 539 551 334 453 391 452 390 468 440 436 473 443 430 430 1 0 57 25 31 0 206 69 131 88 150 54 130 115 78 127 140 121 o378
303 304 320 295 246 304 223 178 207 118 162 179 287 293 243 302 304 289 1 0 0 9 58 0 62 107 93 167 123 106 17 11 77 2 0 15 ad233
574 550 575 575 475 537 443 476 443 399 460 455 575 550 478 575 550 569 1 0 0 0 75 38 155 96 155 199 112 143 0 0 97 0 0 6 ad353
732 783 811 808 692 793 657 601 673 713 697 683 816 649 816 801 792 816 84 9 5 8 100 23 159 191 143 103 95 133 0 143 0 15 0 0 ad334
897 837 985 1008 1032 1008 948 688 891 926 909 927 876 906 889 847 949 887 111 195 23 0 0 0 102 387 159 124 166 123 132 126 119 161 83 121 j426
485 479 540 427 486 488 410 317 389 296 386 388 442 551 551 532 532 548 47 72 11 105 46 63 122 234 162 236 146 163 90 0 0 0 0 3 j482
676 826 837 843 668 875 619 678 577 632 655 677 850 875 752 850 850 875 174 49 38 7 182 0 265 232 333 252 229 233 0 0 123 0 0 0 ad104
335 293 297 323 308 272 229 216 238 234 253 290 297 300 305 266 287 292 1 43 39 13 28 64 107 120 98 102 83 46 39 36 31 70 49 44 md294
318 330 330 330 328 330 263 310 293 299 310 300 275 220 238 231 234 266 12 0 0 0 2 0 67 20 37 31 20 30 55 110 92 99 96 64 f257
443 408 448 400 350 398 401 273 345 330 254 367 440 365 450 475 450 450 7 42 2 75 100 52 31 159 87 126 178 65 10 85 0 0 0 0 jt151
351 338 327 341 318 285 245 218 272 214 259 235 340 324 282 323 344 339 1 3 14 11 34 56 107 123 69 138 93 106 12 17 59 29 8 2 o249
643 644 644 640 479 644 508 456 468 413 432 509 626 635 516 634 641 644 1 0 0 4 165 0 164 216 204 259 240 163 18 9 128 10 3 0 ad348
317 350 341 314 292 301 218 328 238 269 256 303 281 302 331 291 327 281 21 1 10 24 46 50 146 50 140 95 108 75 57 49 20 47 11 70 jd258
708 757 768 669 728 761 644 576 673 624 651 681 686 692 768 768 768 768 60 11 0 99 40 7 100 168 71 120 93 63 82 76 0 0 0 0 jd205
498 446 408 466 490 474 428 433 398 352 440 388 551 551 532 551 504 541 53 105 124 85 61 77 94 89 106 170 82 134 0 0 0 0 47 10 m11
658 800 780 780 751 780 567 660 568 682 606 679 649 642 665 708 542 616 122 0 0 0 49 0 252 180 251 137 234 140 131 158 115 72 258 164 n451
319 297 288 320 310 252 287 217 227 283 316 232 287 239 217 274 241 258 1 7 16 0 10 52 53 106 96 57 24 91 33 65 87 46 79 46 a445
207 185 208 208 148 208 153 91 108 132 106 184 170 148 137 187 150 161 1 23 0 0 60 0 55 117 100 76 102 24 38 60 71 21 58 47 a237
168 195 215 208 207 216 195 89 183 141 203 149 212 168 145 221 157 168 48 21 1 20 9 0 39 145 51 106 31 85 4 48 71 7 59 48 md362
381 396 396 367 375 330 263 201 210 226 162 245 333 337 359 353 374 373 3 0 0 17 9 66 89 162 153 126 190 118 51 59 37 31 10 23 n340
1942 1914 1937 1943 1847 1943 1592 1604 1611 1550 1601 1666 1880 1764 1832 1885 1771 1782 1 0 6 0 67 0 284 244 265 326 247 210 63 150 111 58 143 161 n85
289 345 345 330 303 345 249 302 257 248 270 338 308 226 256 246 249 254 41 0 0 0 27 0 81 43 88 82 60 7 22 119 89 84 81 91 f125
719 738 583 630 720 738 635 540 575 547 500 546 590 589 569 538 566 603 1 0 155 90 0 0 85 198 163 173 220 192 130 149 169 182 154 135 o333
1019 1003 1020 1020 933 1020 841 778 827 793 823 843 934 787 838 851 791 835 1 0 0 0 70 0 239 284 253 287 239 237 86 216 182 169 212 185 n443
321 322 308 322 310 285 270 263 228 232 212 255 285 243 242 240 288 286 1 0 0 0 12 37 52 59 80 90 110 67 37 79 66 82 34 36 md255
615 612 598 612 464 601 448 428 339 485 481 497 630 566 581 630 630 630 15 18 32 18 166 29 161 181 270 124 128 112 0 64 49 0 0 0 ad434
759 816 792 792 797 792 587 588 567 537 592 552 709 800 792 792 816 792 33 0 0 0 19 0 172 194 192 222 190 207 83 16 0 0 0 0 f145
509 591 620 626 640 621 537 491 456 442 499 465 565 552 621 644 644 621 135 30 1 18 4 0 135 157 192 230 173 183 79 69 0 0 0 0 j128
209 200 260 244 241 247 222 174 171 134 146 188 231 220 212 199 224 208 38 47 0 3 6 0 6 54 69 94 82 40 16 27 48 48 23 39 jd304
1024 1174 1019 1155 1113 1155 1006 1063 1012 1036 972 1011 986 971 905 937 952 945 131 2 136 0 63 0 149 113 143 119 204 144 169 205 250 218 224 210 s436
251 247 220 228 248 199 190 203 121 195 237 173 188 169 177 188 187 199 1 5 32 10 4 53 80 67 149 60 33 97 64 83 75 50 65 53 a196
1091 1258 1224 1148 1082 1155 1101 1033 821 1056 1099 1078 1224 1162 1111 1224 1260 1224 133 2 0 76 178 69 123 227 403 168 161 146 0 98 113 0 0 0 ad193
283 305 327 334 320 318 328 331 301 320 292 325 384 384 384 384 344 384 101 79 57 50 64 66 80 77 107 88 116 83 0 0 0 0 40 0 m127
463 448 464 464 438 443 420 381 432 327 339 387 384 348 348 389 368 351 1 0 0 0 10 21 73 95 61 166 137 106 80 100 116 75 80 113 n189
755 670 728 616 756 756 668 459 642 562 673 695 527 589 492 499 610 510 1 86 0 140 0 0 61 270 60 167 56 34 229 167 236 257 146 246 s355
755 670 738 737 756 738 638 484 584 584 582 675 597 545 564 647 588 537 1 68 0 19 0 0 118 254 154 172 174 63 159 193 174 109 168 201 s263
360 347 390 357 337 329 260 276 253 243 262 272 407 383 362 396 354 380 56 69 26 43 79 87 130 114 137 132 128 118 9 33 54 4 62 36 m84
1072 1110 1086 1087 893 1057 894 858 832 857 990 922 1116 1116 1022 1116 1116 1116 44 6 30 29 223 59 253 289 315 290 157 225 0 0 94 0 0 0 ad197
1368 1413 1443 1318 1321 1365 1088 1279 1250 1293 1282 1277 1182 1452 1452 1452 1452 1452 84 39 9 134 131 87 331 140 169 126 137 142 270 0 0 0 0 0 jd408
318 331 302 320 313 310 258 210 211 248 254 214 259 237 211 247 221 252 2 9 38 0 7 30 62 130 129 72 66 126 61 103 129 73 99 88 a315
296 339 384 375 353 340 258 302 314 251 259 261 308 375 390 375 375 375 79 36 6 0 22 35 142 98 102 149 141 139 67 0 0 0 0 0 j342
544 551 463 550 510 594 374 413 467 381 450 457 520 594 594 576 576 594 32 43 131 26 66 0 234 214 160 227 158 170 56 0 0 0 0 0 f231
926 945 886 967 959 1035 799 881 871 927 723 836 835 738 801 801 871 838 109 67 149 68 53 0 236 131 164 108 289 199 200 274 234 234 141 197 o164
1022 985 1066 1066 1038 1066 920 899 887 876 862 951 947 920 1005 941 957 970 44 55 0 0 2 0 146 141 179 190 178 115 119 120 61 125 83 96 f29
592 651 531 682 598 660 605 562 508 526 374 503 566 541 473 490 425 517 68 9 129 0 62 0 85 128 182 187 316 187 94 119 187 192 235 143 s382
583 621 506 565 621 621 454 419 441 447 467 442 516 621 621 621 621 621 38 0 115 56 0 0 144 179 157 151 131 156 105 0 0 0 0 0 jt204
1002 1110 1110 1140 1140 1110 804 844 811 869 926 868 1068 1101 1079 1130 1131 1110 138 0 0 0 0 0 336 266 299 271 214 242 72 9 31 10 9 0 f14
664 728 665 759 711 759 598 673 579 747 595 630 620 556 568 562 541 557 95 31 71 0 48 0 161 86 157 12 164 129 139 203 168 197 218 202 o477
601 667 690 620 651 690 421 528 456 454 429 508 690 667 552 680 635 678 89 0 0 70 16 0 299 168 264 266 267 212 0 0 138 10 32 12 d150
335 357 357 336 239 321 242 234 178 193 187 222 336 308 281 336 336 357 1 0 0 0 97 36 78 106 162 127 133 118 0 49 76 0 0 0 ad405
220 221 234 207 221 221 174 113 134 146 140 142 204 202 175 153 154 220 1 0 0 14 0 0 30 91 82 58 64 62 17 19 59 68 67 1 md253
272 294 298 308 319 335 247 258 242 358 259 223 338 325 338 338 292 338 66 31 40 30 6 3 117 92 122 6 91 141 0 0 0 0 33 0 m18
360 347 350 275 283 349 348 249 349 239 236 338 263 292 223 311 237 193 1 14 11 86 78 12 13 112 12 122 125 23 98 69 138 50 124 168 jt303
767 721 765 540 730 768 625 678 688 574 639 642 591 708 768 768 736 768 1 15 3 228 6 0 167 81 104 218 120 150 177 28 0 0 0 0 jt455
623 704 737 770 628 733 608 488 421 433 408 507 770 748 654 770 748 770 147 44 33 0 120 37 127 226 314 302 306 228 0 0 116 0 0 0 d446
360 361 342 361 346 361 281 213 247 322 263 252 346 262 262 270 289 278 1 0 0 0 15 0 99 167 113 58 117 128 15 99 80 91 72 83 md84
629 630 563 636 630 630 621 654 527 555 585 625 445 489 484 514 460 477 1 0 67 15 0 0 39 6 133 127 75 35 185 141 146 137 170 153 o135
481 463 510 493 444 493 343 290 296 366 267 352 394 368 377 350 366 356 12 30 0 0 49 0 121 174 184 98 197 112 99 125 133 143 127 137 n303
857 891 891 837 654 877 633 723 651 653 567 751 835 887 725 853 847 863 1 0 0 21 204 14 225 168 240 205 291 140 23 4 166 5 11 28 ad8
428 525 540 525 525 525 412 464 422 481 500 447 411 349 403 350 354 390 97 0 0 0 0 0 148 96 154 79 60 113 114 176 137 175 171 135 f146
1264 1459 1316 1401 1494 1484 1309 1265 1243 982 1040 1399 1406 1153 1145 1120 1212 1484 220 53 168 83 18 0 175 247 241 502 472 85 78 359 339 364 300 0 o349
457 479 485 438 496 471 392 435 441 359 372 433 456 484 466 448 422 430 83 76 55 102 59 69 148 120 99 181 183 107 84 71 74 92 133 110 o294
523 537 578 595 555 578 473 447 495 587 451 513 451 521 487 501 498 481 55 41 0 0 23 0 105 131 83 8 127 65 127 57 91 94 80 97 s310
479 480 450 454 444 480 419 351 326 338 296 380 441 371 407 439 405 430 1 0 30 26 36 0 91 159 184 172 214 130 39 109 73 41 75 50 n253
307 317 356 233 352 351 333 270 271 193 258 286 297 311 360 360 360 360 53 43 4 127 8 9 47 110 109 187 122 94 63 49 0 0 0 0 jt366
571 572 572 546 572 534 497 425 374 386 389 393 572 572 506 572 572 572 1 0 0 26 0 38 75 147 198 186 183 179 0 0 66 0 0 0 md198
702 684 703 703 616 703 641 603 582 614 488 561 495 464 500 446 500 476 1 0 0 0 68 0 25 45 84 52 160 105 208 220 203 257 184 227 n182
1475 1673 1711 1692 1714 1728 1463 1284 1256 1296 1291 1436 1648 1586 1609 1625 1587 1590 253 55 17 0 14 0 313 492 520 443 485 340 80 142 119 67 141 138 d370
287 304 288 288 300 288 282 262 252 214 264 213 256 269 262 219 231 238 1 0 0 0 4 0 24 61 54 92 59 93 32 35 26 69 73 50 md285
395 414 414 396 370 414 343 331 364 336 350 326 329 327 304 256 246 327 1 0 0 0 26 0 75 106 73 82 68 111 67 87 110 140 150 87 md339
565 621 644 644 527 644 408 439 430 463 390 462 644 538 606 644 621 644 79 0 0 0 94 0 236 182 214 181 231 182 0 83 38 0 0 0 d219
646 689 744 720 699 744 631 491 630 554 595 598 628 679 744 720 720 744 74 55 0 0 21 0 119 284 145 196 155 177 92 65 0 0 0 0 j412
557 589 600 541 598 597 484 474 506 446 466 532 495 600 600 575 600 600 43 11 0 34 2 3 140 150 118 152 158 92 105 0 0 0 0 0 jd201
1185 1358 1376 1376 1376 1376 1282 1217 1290 1220 1169 1166 1184 1224 1225 1207 1288 1149 191 18 0 0 0 0 94 159 86 156 207 210 192 152 151 169 88 227 jt12
540 516 506 566 551 538 340 397 387 414 407 389 465 588 588 609 588 588 48 72 82 43 37 50 220 163 173 166 153 171 123 0 0 0 0 0 j222
269 222 260 270 239 270 211 150 192 205 181 151 231 255 217 191 181 213 1 33 10 0 16 0 41 88 60 47 57 101 39 0 53 79 74 57 md300
362 370 382 376 351 323 338 272 277 275 327 343 327 318 348 304 335 327 28 5 8 14 24 67 78 128 139 141 73 73 63 57 42 86 40 63 md67
415 432 412 416 387 393 348 323 257 314 292 347 333 333 341 343 310 338 1 0 20 0 29 39 42 82 148 76 98 58 83 99 91 73 106 94 a280
712 754 728 728 754 728 674 724 677 662 624 670 616 659 651 667 657 634 16 0 0 0 0 0 54 30 51 66 130 58 112 95 77 61 97 94 jd246
695 677 696 696 595 696 691 501 655 687 563 623 535 430 431 539 569 512 1 19 0 0 101 0 34 224 70 38 162 102 161 266 265 157 127 184 s41
295 263 256 306 243 299 211 245 173 217 209 234 261 245 236 273 239 245 11 43 50 0 63 7 78 44 116 72 80 55 45 61 70 33 67 61 a292
979 1049 1035 992 1048 1021 941 919 856 834 898 972 1131 1160 1131 1081 1099 1131 152 111 96 139 112 110 190 241 275 297 262 159 0 0 0 50 61 0 m106
249 268 264 250 244 308 206 239 187 184 182 214 246 240 269 296 286 248 59 40 44 69 64 0 102 69 121 135 126 94 62 68 39 23 22 60 d304
922 974 960 850 951 982 717 681 743 656 628 929 984 823 950 984 984 984 62 10 0 134 33 2 267 303 217 328 356 55 0 161 10 0 0 0 d157
2467 2852 2827 2760 2803 2881 2407 2248 2228 2316 2318 2385 2881 2576 2838 2881 2881 2881 414 29 11 121 78 0 407 566 544 498 496 429 0 305 0 0 0 0 d180
263 302 312 312 308 312 260 233 236 266 229 201 310 296 257 272 271 275 49 10 0 0 4 0 52 79 76 46 83 111 2 16 55 40 41 37 m377
264 268 185 223 269 272 166 145 132 120 65 200 252 213 221 260 250 239 8 4 71 49 3 0 89 110 108 135 190 55 20 59 35 12 22 33 jt237
525 598 572 572 525 572 478 504 489 486 427 437 438 598 559 572 598 551 47 0 0 0 73 0 116 117 105 108 194 157 134 0 13 0 0 21 jd120
485 464 402 426 468 486 403 404 368 366 339 376 359 404 459 442 437 454 1 4 84 60 0 0 110 90 145 147 155 137 127 64 27 44 31 32 o130
406 399 435 435 415 435 347 316 369 406 292 348 362 337 343 318 354 347 29 36 0 0 20 0 88 119 66 29 143 87 73 98 92 117 81 88 s223
313 269 330 319 309 319 215 212 260 247 232 260 277 255 271 284 267 248 6 50 0 0 10 0 104 107 70 72 87 59 42 64 59 35 52 71 s159
566 588 579 553 443 576 399 393 326 339 312 407 576 600 468 576 576 600 10 12 21 23 133 24 153 182 249 213 240 168 0 0 132 0 0 0 ad152
367 461 468 468 464 464 402 373 349 330 417 403 437 380 425 398 405 385 101 7 0 0 4 4 102 131 155 174 87 101 31 88 43 70 63 83 f102
213 235 237 252 240 240 200 206 159 216 150 166 190 196 193 230 222 199 27 5 3 0 0 0 40 34 81 36 90 74 50 44 47 22 18 41 jt249
1171 1315 1394 1321 1284 1394 1276 1048 1041 1117 1003 1098 1344 1350 1202 1360 1330 1338 189 79 0 39 76 0 124 387 394 283 397 337 16 44 192 0 30 56 d292
369 380 376 333 318 291 278 264 237 301 308 353 380 324 396 380 380 380 11 0 24 47 62 89 121 135 183 98 91 46 0 56 4 0 0 0 m218
272 269 286 256 202 264 159 189 175 176 208 224 249 235 209 198 255 233 16 19 2 20 86 24 129 99 113 100 80 64 39 53 79 78 33 55 ad258
441 385 442 360 380 442 454 291 401 365 307 375 367 316 405 437 416 442 1 31 0 82 36 0 5 141 58 94 125 84 75 100 37 5 0 0 jt266
373 357 357 374 357 357 298 240 309 282 313 286 315 321 278 282 299 271 1 0 0 0 17 0 98 138 69 114 83 92 59 36 79 92 75 86 md422
475 494 462 495 444 425 464 349 364 368 465 347 512 535 505 525 485 528 69 50 82 49 100 119 112 227 212 208 111 229 32 9 39 19 59 16 m245
293 294 308 294 288 265 237 206 251 199 224 192 272 247 206 216 196 259 1 0 0 0 6 29 36 67 35 74 49 81 22 47 102 78 98 35 md228
552 598 598 575 450 530 422 401 409 401 396 460 555 598 484 533 590 589 46 0 0 0 148 68 176 197 189 174 202 138 43 0 114 42 8 9 ad100
461 440 417 462 440 328 345 393 319 462 417 314 408 337 346 340 347 356 1 0 45 0 0 134 117 47 143 0 23 148 54 103 116 122 93 106 a477
552 621 648 648 613 648 447 411 505 485 469 473 518 621 648 648 621 648 96 0 0 0 8 0 201 210 143 163 152 175 130 0 0 0 0 0 j214
801 811 940 967 988 962 810 890 818 874 1021 982 829 652 763 736 691 706 187 151 22 21 0 0 216 109 181 152 5 17 159 310 199 252 297 256 o451
1663 1850 1813 1759 1850 1813 1556 1604 1534 1305 1386 1731 1452 1614 1496 1532 1684 1607 150 0 0 54 0 0 208 196 230 459 414 33 361 236 317 281 166 206 d106
314 396 396 420 420 405 323 290 269 284 269 291 367 302 322 315 350 315 106 9 9 0 0 0 97 115 136 136 151 114 53 103 83 105 70 90 o236
620 621 558 478 606 611 502 525 492 439 516 515 541 518 648 621 621 621 1 0 90 143 15 10 142 119 180 205 128 129 80 103 0 0 0 0 jt389
1724 1786 1748 1748 1597 1748 1516 1593 1594 1681 1444 1589 1647 1608 1523 1357 1499 1515 24 0 0 0 189 0 278 240 200 113 389 205 101 178 225 391 287 233 d459
710 765 765 765 753 765 610 677 747 806 617 734 693 614 580 613 640 628 55 0 0 0 12 0 200 133 63 4 193 76 72 151 185 152 125 137 n134
629 532 508 509 524 548 609 495 565 546 554 544 576 606 660 638 638 638 9 106 152 129 114 90 0 114 65 63 55 65 62 32 0 0 0 0 j475
1325 1286 1213 1123 1254 1319 1104 1123 1051 1038 1123 1234 1213 1226 1330 1330 1292 1330 5 6 117 207 38 11 261 203 314 327 203 131 117 66 0 0 0 0 jt388
1073 1125 1072 1075 1053 1100 1003 964 830 992 887 986 891 914 981 980 1015 899 27 0 28 25 72 0 97 161 270 108 238 114 209 211 119 120 110 201 s78
1803 2095 2162 2162 2116 2162 1888 1573 1722 1808 1537 1759 1830 2101 2160 2162 2116 2138 359 21 0 0 0 0 227 497 393 307 533 356 332 15 2 0 0 24 j24
535 484 525 552 576 552 414 486 444 415 472 479 405 414 342 301 361 443 17 92 27 0 0 0 115 66 85 114 80 50 147 162 210 251 215 109 f473
944 1000 1000 922 979 1000 733 723 774 762 801 721 1000 882 956 1025 1000 1000 56 0 0 103 21 0 267 277 226 263 199 279 0 118 44 0 0 0 d389
787 888 871 888 880 838 684 677 639 614 704 651 822 888 912 888 888 888 101 0 41 0 8 50 204 211 273 274 184 237 66 0 0 0 0 0 f89
549 575 598 575 575 575 432 477 510 464 494 473 488 546 586 570 543 553 26 0 0 0 0 0 168 123 114 136 106 127 87 29 12 5 32 22 j474
548 547 528 529 552 453 440 416 405 466 498 367 552 532 499 461 457 465 4 5 24 0 0 99 112 136 147 63 54 185 0 20 53 68 95 87 a200
624 612 630 630 572 630 509 439 591 513 500 453 577 465 498 512 542 543 6 0 0 0 40 0 156 207 74 152 146 212 53 147 132 118 70 87 n291
829 844 884 850 709 850 661 725 753 733 673 653 670 850 884 850 850 850 21 6 0 0 141 0 189 125 131 117 177 197 180 0 0 0 0 0 jd70
733 848 844 729 811 856 628 580 521 680 695 691 868 798 856 868 868 868 135 20 52 139 57 12 209 257 343 157 142 146 0 70 40 0 0 0 d434
251 269 254 289 259 276 230 193 180 159 145 224 300 296 312 312 275 312 61 30 58 23 40 36 82 106 132 153 154 88 12 3 0 0 24 0 m345
509 434 491 493 510 428 418 464 415 395 481 432 435 386 398 439 389 425 1 76 19 0 0 82 122 76 125 127 59 108 75 124 112 54 121 85 a298
715 810 772 820 651 773 682 586 505 602 571 581 785 820 695 820 820 820 105 10 28 0 169 47 138 234 295 218 249 239 35 0 105 0 0 0 d369
237 238 238 222 238 198 142 144 169 143 162 130 212 232 230 237 234 238 1 0 0 16 0 40 79 77 52 78 59 91 26 6 8 1 4 0 md144
373 368 374 357 360 374 323 203 301 224 246 229 298 333 374 357 374 374 1 6 0 0 14 0 51 171 73 133 128 145 76 41 0 0 0 0 j77
999 833 974 963 923 975 854 755 862 851 822 942 871 838 859 889 862 729 1 142 1 37 77 0 146 220 113 149 178 33 129 137 116 111 138 246 s483
554 555 555 555 523 548 462 449 428 428 400 432 491 462 505 528 504 487 1 0 0 0 32 7 130 143 164 164 192 160 64 93 50 27 51 68 n328
472 489 510 480 483 510 341 319 346 337 334 279 502 456 468 510 493 510 38 4 0 30 10 0 199 203 194 203 188 261 8 37 42 0 0 0 d499
813 805 765 699 746 851 686 656 674 713 683 741 735 774 851 851 851 851 38 46 86 152 105 0 188 218 200 161 191 133 116 77 0 0 0 0 jt211
688 774 832 754 719 806 489 522 439 479 449 508 773 802 669 806 806 796 118 32 0 52 87 0 286 253 361 296 326 267 33 4 163 0 0 10 d179
327 330 298 323 327 316 287 295 234 278 211 247 378 378 364 378 343 378 51 48 66 55 51 62 64 56 104 73 140 104 0 0 0 0 35 0 m288
1819 1820 1820 1820 1652 1719 1545 1520 1400 1408 1415 1603 1820 1739 1597 1800 1820 1820 1 0 0 0 168 101 310 335 455 447 440 252 0 81 223 20 0 0 ad176
776 868 920 952 936 908 812 562 774 569 739 628 774 898 924 952 952 924 176 56 4 0 16 16 174 395 183 417 247 329 178 26 0 0 0 0 j164
635 640 546 531 625 576 506 535 541 596 514 588 558 675 702 702 675 702 67 35 156 171 50 126 196 140 161 106 161 114 144 0 0 0 0 0 jt333
1122 961 1022 1073 1103 1068 1003 872 920 918 948 925 930 1124 1125 1125 1125 1125 3 164 103 52 22 57 77 208 160 162 132 155 195 1 0 0 0 0 j438
296 308 302 286 284 313 261 269 183 238 203 268 342 342 276 342 342 342 46 34 40 56 58 29 81 73 159 104 139 74 0 0 66 0 0 0 ad140
598 684 638 664 656 646 530 545 541 535 581 586 653 713 690 713 713 713 115 29 52 49 57 67 183 168 149 178 132 127 60 0 0 0 0 0 f44
636 705 741 633 595 741 723 589 624 567 494 490 641 673 741 780 780 741 144 36 0 147 185 0 77 171 136 233 306 270 139 68 0 0 0 0 jt382
475 500 483 433 489 483 344 355 369 329 374 356 393 487 483 483 506 483 8 6 0 50 17 0 118 129 93 133 110 106 90 19 0 0 0 0 jd397
392 462 462 462 452 462 358 348 310 343 354 410 424 373 380 326 383 348 70 0 0 0 10 0 137 147 185 152 141 85 38 89 82 136 79 114 f453
266 285 267 285 299 302 227 289 312 265 310 284 263 360 342 342 360 342 76 75 75 57 61 40 96 51 11 58 30 39 79 0 0 0 0 0 j257
511 496 480 490 496 512 415 423 388 359 412 459 433 400 396 396 447 384 1 0 32 22 0 0 97 73 124 153 84 53 79 96 116 116 49 128 o441
1078 1126 1258 1221 1106 1197 994 832 842 905 928 985 1221 1193 1117 1221 1221 1214 143 95 0 0 115 24 227 389 416 316 293 236 0 28 141 0 0 7 ad286
938 935 881 902 958 966 862 1014 935 988 854 991 732 603 759 717 668 690 28 54 85 64 31 0 146 18 73 20 178 17 234 386 207 249 321 276 n419
331 318 397 408 391 390 358 301 254 281 242 283 408 391 408 408 337 408 77 73 11 0 0 18 50 90 154 127 149 125 0 0 0 0 54 0 m40
525 498 441 448 483 502 371 369 430 428 376 431 464 525 550 550 525 550 25 27 109 102 42 48 201 177 142 144 170 141 86 0 0 0 0 0 jt315
1012 946 1015 977 921 1015 891 844 900 911 804 866 830 986 1015 1015 986 1015 3 40 0 38 65 0 124 142 115 104 182 149 185 0 0 0 0 0 jd493
254 270 270 231 270 268 190 179 182 187 165 174 226 247 270 285 270 270 16 0 0 54 0 2 62 73 70 79 87 78 44 23 0 0 0 0 jt235
297 280 301 280 309 263 371 359 308 329 232 332 360 360 360 360 334 357 63 80 59 80 51 97 13 25 76 55 152 52 0 0 0 0 26 3 m39
449 392 450 450 432 450 378 205 305 290 299 313 404 360 434 416 429 417 1 40 0 0 0 0 47 203 120 135 109 112 46 72 16 34 3 33 j471
373 357 374 374 331 374 337 257 335 313 323 278 311 282 259 259 225 264 1 0 0 0 26 0 59 121 61 83 55 118 63 75 115 115 132 110 md209
879 845 880 880 902 880 743 601 778 759 795 808 794 807 792 841 855 811 1 57 0 0 0 0 177 342 142 161 148 112 86 95 88 39 47 69 d52
200 208 238 252 229 187 211 218 127 207 232 174 212 171 146 207 163 196 52 30 14 0 9 65 59 37 143 63 23 96 40 67 106 45 75 56 a241
503 464 490 498 482 490 449 371 404 442 354 393 426 397 413 468 448 417 1 26 0 6 22 0 91 154 121 98 186 132 78 93 77 36 56 73 s328
983 1073 1009 1029 1140 1140 949 940 801 832 1076 1056 979 838 733 899 826 879 157 67 131 73 0 0 161 170 309 241 34 54 161 302 407 203 314 261 o459
305 348 360 353 372 375 355 277 239 272 274 294 323 360 287 321 318 291 70 27 0 22 3 0 45 123 145 128 126 106 52 15 73 54 57 84 j74
616 703 760 740 754 760 635 722 679 692 668 677 721 587 607 589 639 609 144 57 0 0 6 0 163 76 119 85 130 121 39 173 153 151 121 151 f101
347 420 440 315 378 418 289 300 320 263 302 261 363 415 440 418 420 420 73 0 0 105 42 2 152 141 142 178 139 180 57 5 0 2 0 0 jt274
494 460 510 495 431 488 358 271 305 274 266 289 391 353 390 397 347 323 1 35 0 0 64 7 104 191 171 188 196 173 104 142 120 98 148 172 s495
668 767 782 779 569 751 672 613 597 476 454 486 782 729 596 773 782 782 114 15 0 3 213 31 133 192 208 329 351 319 0 53 186 9 0 0 ad382
333 336 336 322 326 336 325 279 284 248 260 262 322 249 283 235 249 270 3 0 0 0 10 0 11 57 52 74 76 74 14 87 53 87 87 66 md2
979 980 960 980 886 980 999 934 888 1002 808 908 805 737 730 741 768 835 1 0 0 0 94 0 30 95 120 27 221 121 175 243 230 239 212 145 n478
863 906 884 884 815 884 641 608 615 695 598 616 884 779 884 884 910 884 21 4 0 0 95 0 277 337 303 223 347 302 0 131 0 0 0 0 d338
272 266 252 226 241 273 267 238 168 229 161 201 245 209 242 273 273 256 1 7 0 47 32 0 6 35 84 44 112 72 28 64 10 0 0 17 jt217
427 450 420 348 358 413 371 343 314 369 374 418 432 396 316 450 450 450 23 0 0 102 92 37 79 107 106 81 76 32 18 54 104 0 0 0 jt418
419 420 420 435 399 420 356 349 334 346 320 338 372 343 327 362 323 317 1 0 0 0 21 0 92 99 114 118 128 110 48 77 93 73 97 103 n140
1858 2005 2091 1903 1813 2088 1838 1689 1600 1856 1792 1763 2017 1766 1842 1959 1938 1859 242 95 9 227 287 12 262 411 500 274 308 337 83 334 258 171 162 241 f12
1258 1290 1305 1059 1028 1305 1151 1040 1118 972 1111 1115 1064 1230 1305 1305 1305 1305 47 15 0 246 277 0 154 265 187 333 194 190 241 75 0 0 0 0 jt429
720 669 780 806 780 780 780 661 728 777 746 780 676 687 714 722 645 611 60 111 0 0 0 0 0 119 52 29 34 0 104 93 66 84 135 169 jt498
1720 1551 1739 1739 1522 1580 1342 1392 1271 1457 1315 1357 1739 1562 1640 1739 1739 1739 19 188 0 0 217 159 397 347 468 282 424 382 0 177 99 0 0 0 ad180
1053 1020 1054 947 911 997 799 824 792 784 746 760 858 1020 1054 1054 1020 1054 1 0 0 107 109 57 286 226 293 301 304 325 196 0 0 0 0 0 jd171
465 410 540 558 523 540 332 370 431 412 415 435 479 499 446 457 437 454 75 130 0 0 17 0 178 140 79 115 95 75 61 41 94 101 103 86 md436
209 206 179 161 210 210 158 151 130 122 168 150 175 182 145 135 170 172 1 4 31 34 0 0 38 45 66 60 28 46 35 28 65 60 40 38 jt462
512 558 538 566 575 496 465 409 377 380 385 468 537 563 569 578 573 578 66 20 40 12 3 82 147 203 235 232 227 144 41 15 9 0 5 0 f161
713 623 714 645 679 714 639 528 658 609 623 678 683 616 652 640 651 641 1 70 0 69 14 0 109 198 90 139 103 70 31 77 62 74 42 73 s177
238 233 231 224 232 240 200 200 166 154 168 210 209 191 183 185 176 205 2 7 9 1 8 0 56 56 90 86 88 46 31 49 57 40 64 35 md308
767 868 903 793 882 903 723 766 769 692 792 764 741 758 752 745 692 695 115 35 0 89 0 0 117 94 91 148 48 96 141 145 151 137 190 208 o375
382 374 391 336 374 391 349 250 186 274 268 283 391 374 308 391 374 391 9 0 0 55 0 0 65 146 228 140 128 131 0 0 83 0 0 0 ad343
285 273 235 286 282 221 286 179 203 183 278 211 229 169 186 241 207 220 1 0 38 0 4 52 22 115 91 125 30 83 57 104 87 45 79 53 a264
461 386 462 462 437 366 390 343 403 376 396 348 353 346 402 383 358 373 1 55 0 0 4 96 94 119 81 108 66 136 109 95 60 79 83 89 a34
1547 1290 1548 1541 1548 1548 1340 1175 1387 1297 1335 1316 1436 1351 1548 1548 1548 1548 1 258 0 7 0 0 172 337 125 215 177 196 112 197 0 0 0 0 jd27
960 1058 1092 1044 1034 1066 780 777 796 911 834 785 1066 957 1025 1066 1066 1066 106 8 0 22 32 0 327 330 338 196 273 322 0 109 67 0 0 0 d263
321 304 290 322 316 303 345 221 214 244 310 289 266 315 266 285 259 260 1 18 46 0 6 19 0 124 146 101 35 56 56 7 70 37 63 62 a102
285 286 265 283 286 286 245 267 207 213 243 250 224 248 243 263 266 239 1 0 21 16 0 0 41 19 79 86 43 36 62 38 43 36 20 47 o232
639 624 640 638 565 640 547 504 559 628 503 532 589 502 520 472 534 579 1 0 0 2 59 0 133 159 121 52 160 148 51 122 120 168 90 61 n433
234 252 270 286 286 273 176 234 168 186 211 214 263 234 226 218 262 224 52 21 3 0 0 0 110 39 105 100 75 59 23 39 47 68 24 49 ad304
457 401 462 462 414 462 433 328 373 396 358 417 370 398 391 383 392 332 5 61 0 0 48 0 7 112 67 44 82 23 92 64 71 79 70 130 jd431
580 589 608 589 520 589 495 438 463 444 415 439 543 492 528 491 474 490 9 0 0 0 69 0 125 182 177 176 205 181 46 97 80 98 115 99 n434
1452 1413 1591 1591 1488 1591 1352 1212 1183 1258 1221 1221 1591 1554 1510 1505 1554 1591 139 141 0 0 66 0 196 300 365 290 291 327 0 0 81 86 0 0 d6
390 374 372 371 358 367 300 202 234 197 260 245 350 364 388 414 396 340 6 22 24 43 38 29 74 172 140 194 114 129 46 32 8 0 0 56 md8
526 523 432 476 544 527 402 398 417 390 379 368 395 424 383 396 435 442 1 21 95 51 0 0 94 114 79 106 133 128 132 120 144 131 109 85 o76
277 365 364 378 378 378 290 279 327 305 303 302 298 309 272 292 307 304 101 13 0 0 0 0 61 72 11 46 48 49 80 69 92 86 71 74 j310
449 370 450 443 450 450 364 376 400 354 395 421 364 353 395 394 352 368 1 80 0 22 0 0 116 104 80 142 85 59 86 97 55 71 98 82 s201
212 281 288 288 304 288 229 165 246 251 262 244 274 278 201 190 230 219 76 25 0 0 2 0 59 141 42 37 44 44 14 28 87 98 76 69 md421
291 341 352 346 294 358 241 223 152 194 165 230 360 372 294 360 368 360 69 37 8 14 84 2 99 134 188 146 192 110 0 6 66 0 10 0 ad96
379 373 360 301 354 380 360 271 340 244 321 399 355 307 328 333 239 289 1 7 0 79 26 0 39 128 38 155 78 0 25 73 32 47 141 91 jt471
494 490 441 419 422 544 496 504 351 501 462 510 572 598 464 572 572 598 78 108 157 153 150 54 54 71 224 49 88 65 0 0 134 0 0 0 ad38
354 444 525 510 510 525 418 430 442 415 437 427 463 416 418 388 362 380 156 81 0 0 0 0 92 95 83 95 73 98 47 109 107 122 148 145 f133
730 714 731 723 669 731 589 614 645 627 598 673 603 566 618 617 604 581 1 0 0 8 45 0 142 100 86 104 116 58 128 148 113 114 110 150 n64
1160 1161 1204 1114 962 1161 939 752 889 863 986 911 1161 902 1189 1161 1161 1161 1 0 0 47 199 0 249 436 343 325 202 277 0 259 15 0 0 0 ad126
779 810 810 780 639 720 641 713 569 616 616 653 780 803 653 780 780 810 1 0 0 0 141 90 165 124 268 190 190 184 0 7 157 0 0 0 ad70
493 475 475 489 482 475 452 389 390 440 397 340 412 401 393 390 376 425 1 0 0 5 12 0 16 61 60 28 71 110 82 74 82 104 118 50 md483
320 347 359 338 346 368 287 166 124 180 216 270 346 258 248 287 296 278 48 21 9 30 22 0 58 179 221 165 129 75 22 110 120 81 72 90 f289
215 216 216 228 212 216 181 152 176 175 168 153 178 191 134 156 158 186 1 0 0 0 4 0 35 64 40 53 48 63 38 25 82 72 58 30 md302
464 504 483 483 443 483 391 420 388 406 320 330 398 496 469 479 491 479 19 0 0 0 61 0 92 84 95 77 184 153 85 8 14 4 13 4 jd450
316 332 321 312 242 319 344 297 257 306 259 325 390 390 390 375 334 390 74 58 69 63 148 71 72 119 159 94 157 91 0 0 0 0 56 0 m387
864 935 977 973 957 982 684 749 738 673 770 733 863 943 989 985 962 952 125 31 12 16 9 7 305 217 251 316 196 256 126 23 0 4 4 37 f341
1310 1368 1368 1182 1319 1368 951 1011 993 947 1069 1029 1355 1225 1168 1291 1317 1336 58 0 0 148 49 0 417 357 375 383 299 339 13 143 200 39 51 32 d245
470 588 600 600 600 600 406 325 352 393 410 462 510 599 593 600 595 577 130 12 0 0 0 0 194 275 248 207 190 138 90 1 7 0 5 23 f364
783 812 681 712 779 784 703 726 490 645 571 631 551 535 522 510 580 571 1 0 103 72 33 0 53 57 266 111 212 125 233 277 262 274 232 213 o32
492 510 429 493 499 432 437 417 424 379 515 425 407 450 418 444 401 412 1 0 64 0 11 61 85 123 98 143 25 97 86 60 75 49 109 81 a199
643 560 644 621 626 644 584 587 608 573 498 594 547 506 538 531 457 503 1 84 0 0 18 0 60 57 36 48 146 50 97 138 106 90 187 141 jd228
546 508 560 560 517 554 488 401 364 411 424 476 547 554 473 560 557 522 14 52 0 0 43 6 100 187 224 177 164 112 13 6 87 0 3 38 ad99
1479 1280 1461 1369 1520 1480 1371 1206 1392 1180 1451 1318 1364 1383 1480 1480 1520 1480 1 240 19 111 0 0 146 352 125 337 107 199 116 137 0 0 0 0 jt27
285 273 297 315 315 295 239 211 167 214 203 162 304 306 300 302 284 315 30 42 3 0 0 20 55 83 113 80 91 132 11 9 0 13 31 0 m223
573 550 534 595 570 578 422 449 459 510 371 481 485 468 470 515 480 450 5 28 44 0 8 0 122 95 85 50 173 63 93 110 108 80 98 128 s92
825 919 743 714 906 829 750 740 708 740 768 759 790 838 896 896 928 896 71 9 153 182 22 67 146 188 188 156 160 137 106 90 0 0 0 0 jt404
276 246 280 294 280 249 226 184 219 249 253 186 223 201 198 242 209 225 4 34 0 0 0 31 54 96 61 45 27 94 57 79 82 52 71 55 a188
449 509 507 503 521 484 335 400 336 396 390 412 472 527 510 510 527 510 61 18 3 7 6 26 205 158 204 144 168 128 38 0 0 0 0 0 f238
1015 959 1115 1116 1083 1116 990 981 836 891 781 923 1093 1045 1079 1016 1074 1079 101 126 1 0 2 0 126 104 280 225 304 193 23 40 37 100 11 37 d4
452 447 392 391 455 457 338 244 259 261 227 287 336 456 480 480 456 480 28 9 88 89 1 23 122 193 201 199 210 173 144 0 0 0 0 0 jt495
280 299 286 299 299 299 250 221 203 224 237 249 245 256 251 259 268 245 19 0 0 0 0 0 49 78 83 75 62 50 54 43 35 40 31 54 j19
1145 1209 1209 1240 1184 1209 1021 903 1008 997 984 968 1240 1069 1145 1240 1240 1209 95 0 0 0 56 0 259 345 240 283 296 280 0 140 64 0 0 0 d31
863 812 788 837 855 759 698 714 801 820 864 737 784 680 767 695 719 761 1 52 76 0 9 105 198 182 95 48 32 159 80 184 97 142 145 103 a491
475 541 575 517 471 575 465 410 384 391 415 446 550 575 448 544 549 575 75 34 0 33 79 0 107 188 214 181 157 152 0 0 127 6 1 0 ad10
446 462 416 303 462 462 343 331 331 275 349 338 462 366 462 441 462 462 16 0 46 138 0 0 119 131 131 166 113 124 0 96 0 0 0 0 jt2
282 334 303 327 301 341 307 289 279 305 168 286 266 265 259 254 284 292 48 7 38 3 29 0 53 83 93 55 192 86 64 76 82 76 46 49 o248
654 676 722 703 717 722 571 525 549 580 439 586 608 556 568 556 521 593 68 46 0 0 5 0 113 159 135 86 245 98 114 166 154 147 201 129 n452
310 345 330 342 339 345 245 245 222 188 238 239 317 345 330 345 345 345 35 0 0 3 6 0 100 100 108 157 107 106 28 0 0 0 0 0 f45
627 638 645 464 638 667 467 463 572 412 553 559 508 625 667 667 638 667 40 0 22 203 0 0 223 197 118 278 107 131 159 13 0 0 0 0 jt132
689 641 713 678 591 713 562 452 661 589 548 644 551 547 512 505 472 554 1 72 0 12 99 0 98 230 21 71 112 38 139 166 201 185 218 159 s407
619 620 600 602 620 620 554 560 543 615 491 607 563 554 464 456 505 614 1 0 0 18 0 0 97 91 87 36 160 44 57 66 136 164 115 6 md332
524 525 477 463 493 525 485 499 375 382 422 492 431 395 362 384 413 410 1 0 48 62 32 0 65 51 175 168 128 58 94 130 163 141 112 115 o277
565 569 570 545 585 585 418 472 425 443 427 404 585 529 556 585 585 585 20 16 0 40 0 0 206 152 183 181 197 220 0 56 14 0 0 0 d312
524 481 523 487 500 525 471 365 374 305 406 393 443 452 525 525 500 525 1 19 2 38 0 0 54 135 151 220 94 132 82 48 0 0 0 0 jt142
753 784 767 654 761 678 524 607 516 515 558 585 744 828 828 805 828 828 75 44 61 151 67 150 268 185 276 255 234 207 84 0 0 0 0 0 f192
362 347 352 344 363 363 266 266 307 270 249 292 297 331 335 342 296 320 1 16 0 19 0 0 130 130 77 126 147 104 66 32 17 21 67 43 s82
1295 1296 1296 1171 1296 1296 1096 1161 1122 1067 1130 1103 1153 1091 1070 1050 1122 1193 1 0 0 107 0 0 200 135 174 211 166 193 143 205 226 228 174 103 n250
359 360 360 371 352 331 281 249 250 274 233 269 324 335 339 370 346 330 1 0 0 4 8 29 103 135 134 126 151 115 36 25 21 5 14 30 md461
415 437 428 294 371 437 354 385 320 204 293 305 298 405 434 418 408 424 3 0 9 124 47 0 86 75 140 236 147 155 120 32 3 0 10 13 jt457
1586 1561 1637 1538 1740 1740 1524 1583 1786 1461 1643 1724 1503 1421 1435 1425 1478 1454 154 179 103 172 0 0 274 215 12 306 155 74 237 319 305 285 262 286 o180
719 720 720 740 630 720 598 539 583 609 567 646 569 599 607 621 606 562 1 0 0 0 90 0 158 217 173 168 189 110 151 121 113 119 114 158 n34
341 364 321 328 364 378 247 258 290 272 211 303 330 276 279 294 328 288 37 0 57 50 0 0 131 106 88 106 153 75 48 88 99 84 36 90 o296
371 405 417 427 382 355 328 369 421 375 374 396 385 443 468 468 450 468 97 45 51 41 68 113 166 106 73 119 101 98 83 7 0 0 0 0 j297
1055 925 1017 1056 863 862 1050 814 685 852 701 882 962 955 852 1043 1046 991 1 98 6 0 193 161 38 240 369 236 387 172 94 68 171 13 10 32 ad211
1376 1290 1396 1291 1301 1305 1240 1143 1089 1121 1177 1117 1363 1376 1428 1373 1428 1428 52 138 32 137 127 123 188 285 339 307 251 311 65 52 0 55 0 0 ad442
598 615 648 638 621 648 514 406 472 455 471 493 506 621 648 648 621 648 50 6 0 10 0 0 134 215 176 193 150 155 142 0 0 0 0 0 j373
238 181 211 240 240 206 219 158 158 154 186 176 218 240 189 214 150 230 2 59 29 0 0 34 21 82 82 86 54 64 22 0 51 26 90 10 a499
524 474 527 522 466 527 304 378 369 409 333 401 421 455 426 428 437 407 3 36 0 5 44 0 192 102 127 87 147 95 106 55 101 99 73 120 s457
1291 1244 1240 1006 1191 1254 1311 974 1153 973 1088 1014 1109 1147 1240 1292 1292 1254 1 10 14 286 101 0 15 313 134 353 238 273 183 107 14 0 0 0 jt479
398 311 336 399 329 362 399 193 262 346 360 300 338 266 279 306 293 289 1 88 44 0 70 37 0 206 118 53 39 99 61 133 101 93 106 110 a179
792 920 885 895 849 889 704 599 528 529 529 604 829 845 896 897 902 893 105 0 12 2 71 8 193 321 369 368 391 293 68 75 1 0 18 4 n221
473 504 469 423 485 480 337 381 419 357 357 403 386 506 506 529 506 506 33 2 37 106 21 26 169 125 87 172 149 103 120 0 0 0 0 0 jd202
441 490 527 481 545 484 351 378 458 406 368 358 495 463 417 437 472 475 99 65 13 59 10 56 225 214 118 170 224 218 45 92 123 103 83 65 o337
879 902 880 806 857 880 718 755 674 747 627 749 670 734 757 735 775 727 1 0 0 74 45 0 202 188 246 173 316 171 210 168 123 145 127 153 d234
161 153 153 162 158 148 108 95 112 98 102 87 157 148 121 126 138 147 1 0 0 0 4 5 54 58 41 64 60 66 5 5 32 36 24 6 md72
239 173 225 240 240 225 215 131 172 201 212 201 202 160 179 196 170 179 1 52 0 0 0 0 41 109 68 55 44 39 38 65 46 44 70 46 md21
722 770 836 783 627 844 708 648 582 587 582 582 840 870 717 840 840 870 118 100 34 57 213 26 104 193 259 225 230 259 0 0 153 0 0 0 ad75
1079 1015 924 1080 1080 1110 1036 883 744 829 810 838 970 988 1085 1039 943 1023 1 95 186 0 0 0 8 190 329 215 234 235 110 122 25 41 137 87 m262
415 412 354 430 363 416 350 327 216 388 318 412 349 339 308 356 326 358 1 4 62 2 53 0 66 89 200 44 98 4 67 77 108 76 90 58 a376
359 310 360 310 347 360 324 217 274 196 277 251 282 325 292 292 305 279 1 50 0 68 13 0 16 123 66 161 63 89 78 35 68 86 55 81 jt431
1224 1501 1500 1500 1518 1466 1309 1112 1195 1308 1163 1351 1361 1473 1339 1441 1462 1348 276 29 0 0 12 34 191 418 305 192 367 149 139 57 161 59 68 152 d426
1442 1480 1443 1443 1339 1443 1224 1223 1200 1264 1203 1183 1370 1415 1443 1434 1480 1443 1 0 0 0 141 0 258 297 282 218 317 299 73 65 0 9 0 0 n490
638 613 591 555 605 574 559 640 676 609 677 657 605 728 702 702 728 702 64 115 111 147 123 128 143 88 26 93 51 45 97 0 0 0 0 0 j490
545 546 567 541 403 546 392 405 344 348 379 347 546 546 472 540 546 546 1 0 5 5 143 0 133 120 206 177 146 178 0 0 100 6 0 0 ad285
390 460 483 411 460 483 337 366 396 327 399 439 409 483 483 443 414 326 70 23 0 49 0 0 123 117 87 133 61 44 51 0 0 17 46 157 jd379
245 243 243 252 241 243 198 176 197 190 183 213 233 213 215 247 230 198 7 0 0 0 11 0 82 94 73 90 97 57 19 30 28 5 22 45 n45
678 650 716 704 738 685 679 434 567 426 570 548 606 684 725 725 750 725 47 100 9 21 12 40 75 346 187 328 210 206 119 66 0 0 0 0 j221
966 1008 1036 1036 892 1036 796 813 808 907 753 780 1036 852 991 1036 1008 1036 70 0 0 0 116 0 277 231 265 166 291 293 0 156 45 0 0 0 d228
953 954 980 1015 906 1015 950 816 911 903 839 842 868 954 980 1015 1015 1015 62 61 0 0 109 0 65 199 69 112 176 173 147 61 0 0 0 0 jd414
825 969 1011 1024 961 1022 724 646 578 681 534 705 1026 952 953 1009 1011 1007 201 57 15 2 65 4 264 342 410 307 454 283 0 74 73 17 15 19 d220
231 238 234 221 238 175 191 209 150 200 221 143 199 171 149 147 169 180 7 0 4 0 0 63 33 15 74 8 3 81 39 67 89 74 69 58 a405
575 561 594 554 544 594 550 517 535 587 459 527 493 508 435 489 483 452 1 33 0 22 32 0 58 110 92 21 149 100 83 86 159 87 93 142 s205
1509 1482 1402 1540 1511 1540 1383 1462 1301 1540 1429 1540 1346 1311 1306 1326 1261 1257 31 58 110 0 29 0 157 78 211 0 111 0 194 229 206 214 279 283 s430
1815 1980 1947 2002 1937 1914 1490 1649 1615 1607 1650 1677 1872 1980 1920 1964 1980 2010 195 0 63 8 43 96 587 397 462 470 396 400 138 0 90 46 0 0 f323
300 297 302 296 291 286 225 155 190 138 185 156 300 247 281 228 234 251 15 3 13 19 9 29 69 125 104 156 95 138 15 53 34 87 66 64 md154
597 624 598 598 505 598 374 321 348 336 297 387 592 522 496 556 608 551 1 0 0 0 119 0 201 279 227 239 303 188 6 102 102 42 16 47 ad154
675 722 725 642 625 658 654 635 597 628 596 598 596 705 725 725 725 725 50 3 0 83 100 67 100 119 157 126 158 156 129 20 0 0 0 0 jd461
483 506 484 484 381 451 388 320 264 257 347 379 454 484 369 481 496 476 1 0 0 0 125 33 118 209 242 249 182 127 30 22 115 3 10 8 ad387
934 923 1012 974 989 1012 915 793 834 895 830 1010 857 873 863 940 855 863 78 66 0 38 0 0 141 239 222 161 202 46 155 116 149 72 134 149 s224
404 448 426 410 386 402 338 323 333 346 330 320 391 408 335 423 372 421 44 0 22 38 62 46 110 125 115 102 118 128 57 40 113 25 76 27 m67
280 256 267 322 312 322 285 186 258 208 270 262 314 298 283 226 243 250 42 66 55 0 10 0 14 113 41 91 29 37 8 24 39 96 79 72 md145
813 814 792 732 800 814 719 681 703 687 616 609 666 623 573 643 623 627 1 0 0 82 14 0 95 133 89 127 198 205 148 191 219 171 191 187 n413
561 580 447 551 580 555 508 483 433 469 471 410 580 580 580 551 542 501 19 0 133 0 0 25 72 97 147 82 109 170 0 0 0 0 38 79 a228
584 560 520 514 461 516 356 275 343 395 401 395 588 457 557 588 588 588 4 28 68 74 127 72 204 285 217 165 159 165 0 131 31 0 0 0 ad198
435 426 475 438 466 403 321 346 399 333 329 378 422 475 494 494 475 494 59 49 19 56 9 91 199 154 121 187 171 142 72 0 0 0 0 0 j372
495 512 481 496 466 496 420 394 307 359 336 342 435 429 458 472 448 434 1 0 15 0 46 0 45 86 158 106 144 123 61 83 38 24 64 62 n464
957 934 1008 977 996 1008 955 874 920 959 943 961 803 830 848 870 767 785 51 74 0 55 12 0 95 176 130 116 107 89 205 178 160 162 241 223 s54
436 462 479 461 409 441 374 412 357 356 348 371 483 483 399 483 483 483 47 21 25 22 74 42 132 94 171 150 158 135 0 0 105 0 0 0 ad92
441 412 344 404 425 442 304 341 340 296 293 325 308 362 333 344 384 318 1 13 98 38 0 0 138 84 102 146 132 117 134 63 109 98 41 124 o482
577 621 568 571 593 547 400 438 443 408 390 428 489 618 598 548 615 598 21 0 30 27 28 51 224 210 181 216 258 196 109 3 0 50 6 0 j234
272 293 289 270 254 274 188 282 255 204 206 248 272 270 268 264 252 286 36 26 30 38 54 45 120 37 64 104 102 71 36 49 51 44 56 33 o293
322 323 306 323 323 316 291 264 263 265 286 249 282 246 248 212 195 233 1 0 0 0 0 7 13 40 25 39 18 55 41 77 58 111 128 90 md381
775 694 756 687 640 645 593 641 692 679 710 704 698 812 841 841 812 841 66 118 85 154 172 196 219 143 120 133 74 108 143 0 0 0 0 0 j162
310 332 289 247 335 342 260 206 221 156 277 306 234 239 297 278 257 266 32 10 53 114 7 0 64 118 103 186 47 18 108 103 45 83 85 76 jt136
599 600 545 594 600 600 570 559 470 565 558 539 489 532 538 501 501 507 1 0 55 26 0 0 60 71 160 86 72 91 111 68 62 119 99 93 o22
550 526 551 551 510 551 491 422 536 579 422 442 464 382 386 400 433 551 1 25 0 0 41 0 89 158 44 1 158 138 87 169 165 151 118 0 s230
303 204 252 262 274 251 291 199 208 196 192 233 336 336 336 336 290 336 33 132 84 74 62 85 24 116 107 119 123 82 0 0 0 0 46 0 m236
233 338 325 325 336 315 249 281 256 254 254 209 258 220 276 224 258 256 92 0 0 0 2 10 101 83 94 96 110 141 67 118 49 101 80 69 j344
1425 1433 1381 1426 1284 1449 1231 1255 1035 1135 1124 1256 1178 1104 1079 1189 1103 1086 1 16 68 0 142 0 133 131 351 229 240 130 248 345 370 237 323 363 n454
423 475 480 500 480 480 378 343 354 369 325 362 431 408 435 451 432 399 57 5 0 0 0 0 78 113 102 106 131 94 49 72 45 49 48 81 j289
242 286 338 310 274 320 127 233 196 121 140 200 314 285 268 331 284 282 109 65 0 41 77 31 197 91 116 203 184 124 37 66 70 20 67 69 d17
716 783 783 756 744 783 584 563 647 549 630 634 610 783 783 756 756 783 40 0 0 0 12 0 200 249 165 235 154 178 146 0 0 0 0 0 j393
213 245 235 226 250 240 211 224 190 187 223 199 195 179 170 179 193 199 27 5 5 14 0 0 53 51 74 77 52 65 45 71 70 61 57 41 o235
464 480 480 450 332 471 366 282 302 309 367 355 480 372 422 456 480 480 16 0 0 6 148 9 134 218 198 166 133 145 0 108 58 0 0 0 ad218
668 677 763 713 692 705 712 632 676 573 569 682 678 669 679 750 606 647 116 123 21 71 108 79 121 218 157 260 281 151 106 131 105 34 194 137 d294
467 393 468 450 428 430 423 311 409 421 376 453 374 337 379 337 351 376 1 75 0 0 40 38 71 183 85 54 118 41 94 131 89 113 117 92 a14
608 604 545 571 577 609 526 576 556 507 602 566 437 489 478 502 490 503 1 5 85 38 32 0 83 33 74 102 7 43 172 120 152 107 119 106 o90
491 583 566 595 547 595 410 339 378 441 393 358 595 550 543 595 587 595 104 12 12 0 48 0 185 256 200 154 202 237 0 45 35 0 8 0 d342
1514 1752 1723 1789 1619 1798 1174 1063 1153 982 1150 1294 1781 1600 1793 1798 1762 1698 284 46 75 9 179 0 566 677 587 758 590 446 17 198 5 0 36 100 d88
453 449 398 394 459 459 341 329 301 306 368 375 419 396 432 459 456 453 6 10 34 65 0 0 135 147 147 170 108 101 40 63 0 0 3 6 jt325
1087 1088 1006 738 1088 1088 948 898 771 402 884 999 795 1050 1003 927 898 1016 1 0 82 316 0 0 140 190 317 652 204 89 293 38 85 127 190 72 jt331
907 1054 1085 1085 1051 1085 818 761 762 772 736 757 984 1051 1084 1085 1048 1085 178 0 0 0 3 0 267 293 323 313 318 328 101 3 1 0 6 0 f226
1755 1857 1634 1886 1886 1886 1559 1514 1340 1631 1474 1552 1738 1927 1886 1886 1927 1886 131 70 252 0 41 0 327 413 546 255 453 334 148 0 0 0 0 0 s419
591 592 608 592 529 592 512 445 429 416 423 437 467 494 511 526 481 489 1 0 0 0 63 0 43 110 141 139 132 118 125 98 97 66 111 103 n69
954 1044 1044 908 1080 1044 669 764 770 757 839 754 1074 809 1024 1054 1080 1029 126 0 0 172 0 0 381 251 245 293 211 261 6 235 20 26 0 15 d355
1691 1645 1692 1692 1496 1621 1399 1519 1469 1371 1330 1411 1630 1627 1406 1642 1607 1627 1 0 0 0 149 71 257 91 187 285 280 245 62 18 286 50 38 65 ad85
1372 1435 1400 1265 1435 1435 1106 1095 1085 1067 1091 1200 1419 1231 1388 1435 1426 1372 63 0 0 170 0 0 329 340 315 368 344 235 16 204 12 0 9 63 d162
373 347 341 374 391 332 285 300 261 295 290 291 305 284 277 308 305 280 1 49 33 0 5 42 89 96 113 79 106 83 69 112 97 66 91 94 a470
1926 1734 1771 1694 1532 1822 1839 1321 1536 1506 1409 1698 1682 1890 1932 1932 1890 1932 6 156 161 238 358 110 47 524 350 380 436 188 250 0 0 0 0 0 jt88
1148 1142 1204 1035 1232 1204 1161 931 1154 1115 1139 1185 908 959 946 928 978 873 56 90 0 169 0 0 86 345 93 132 137 62 296 273 258 276 254 331 s245
409 404 462 462 368 441 311 277 243 287 285 243 460 416 336 436 424 451 53 37 0 0 73 21 129 143 197 153 135 197 2 25 126 26 17 11 ad300
527 453 525 528 488 528 511 395 371 422 425 377 467 478 528 528 528 528 1 75 3 0 40 0 17 133 157 106 103 151 61 50 0 0 0 0 jd296
799 775 775 733 778 775 813 781 775 770 643 630 600 562 514 539 543 627 1 0 0 67 22 0 19 25 31 62 189 176 200 213 261 261 257 148 n5
209 183 197 225 183 167 147 127 136 153 170 130 172 161 115 153 143 150 1 27 13 0 27 43 49 69 60 57 26 66 38 49 95 72 67 60 a364
1143 1091 1144 1137 1170 1144 1025 1045 1164 970 1207 1179 964 984 852 934 930 923 1 79 0 7 0 0 163 170 24 218 8 9 180 186 292 210 240 221 s193
565 680 680 680 680 680 528 581 565 601 554 593 599 525 543 502 595 519 115 0 0 0 0 0 152 99 115 79 126 87 81 155 137 178 85 161 f316
419 420 420 406 418 420 289 251 312 285 350 281 378 355 335 335 335 370 1 0 0 14 2 0 103 141 80 107 42 111 42 65 85 85 85 50 md14
360 397 420 364 419 402 286 215 240 225 251 296 328 420 414 439 420 420 60 23 0 77 1 18 114 185 160 195 149 104 92 0 6 2 0 0 jd345
833 840 855 883 894 875 642 631 689 688 714 606 834 875 875 900 900 875 67 35 20 17 6 0 258 244 186 212 186 269 66 0 0 0 0 0 f199
727 742 742 728 686 742 562 501 525 488 484 454 661 604 621 669 718 688 1 0 0 0 42 0 114 188 164 188 192 235 67 138 121 59 10 54 n52
410 432 414 401 432 414 294 316 306 309 282 345 337 432 414 414 429 414 4 0 0 13 0 0 143 140 131 128 174 92 77 0 0 0 3 0 j253
623 598 624 563 454 624 468 462 492 413 373 526 614 559 474 541 560 581 1 0 0 61 144 0 132 113 108 187 202 74 10 39 150 83 38 43 ad30
637 712 678 638 611 673 433 465 343 459 301 461 651 647 625 686 715 643 66 10 25 65 111 30 270 257 360 244 421 242 52 75 78 17 7 60 d495
629 660 601 614 640 660 479 588 498 465 539 580 542 493 578 479 513 515 11 0 59 26 0 0 161 72 162 175 101 80 98 167 82 161 127 145 o431
424 407 425 392 411 425 343 305 318 315 340 311 355 342 331 356 316 370 1 35 0 33 31 0 82 137 107 110 102 114 70 100 94 69 126 55 s110
445 510 501 461 512 512 392 424 335 364 389 340 415 384 352 385 406 399 67 2 11 35 0 0 88 56 145 101 91 140 97 128 160 111 106 113 o251
274 310 323 323 340 323 220 223 287 258 301 276 288 310 230 298 262 277 49 30 0 0 0 0 103 117 36 65 39 47 35 30 93 25 78 46 m4
509 506 510 497 464 510 346 256 255 325 276 305 501 465 466 423 448 472 1 4 0 13 46 0 130 220 221 151 200 171 9 45 44 87 62 38 n343
564 658 682 682 651 682 593 505 532 518 569 527 682 660 682 682 656 682 118 2 0 0 9 0 120 185 181 195 121 186 0 0 0 0 4 0 f402
339 336 360 365 322 380 276 296 268 290 287 348 316 272 264 247 251 365 41 25 20 15 39 0 124 84 132 110 93 52 64 89 116 133 110 15 md220
1057 1057 1019 863 951 1075 849 884 777 773 858 813 879 1075 1075 1118 1118 1075 61 18 56 255 167 0 243 166 273 319 234 237 239 0 0 0 0 0 jt56
598 660 680 660 566 628 439 482 459 464 416 447 660 590 636 648 659 660 62 0 0 0 94 32 254 211 255 229 277 246 0 70 44 12 1 0 d272
237 210 196 238 205 227 178 174 145 143 216 141 214 176 156 163 159 192 1 28 28 0 33 11 60 64 79 95 22 97 24 62 68 75 79 46 a239
699 626 680 700 630 700 567 520 518 549 444 577 546 563 590 641 541 533 1 74 0 0 70 0 133 180 162 151 256 123 154 137 90 59 159 167 s101
629 612 630 630 564 630 572 486 442 540 446 552 506 487 572 587 471 532 1 0 0 0 48 0 58 126 188 90 166 78 124 125 58 43 141 98 n348
388 405 359 392 396 420 304 382 338 337 313 385 347 338 353 387 324 301 32 0 61 28 9 0 144 50 110 111 119 63 73 67 67 33 81 119 o144
1117 950 1034 1118 1107 1074 1111 811 937 1011 1098 961 1008 1054 976 948 885 928 1 168 84 0 11 44 50 350 224 150 63 200 110 64 142 170 233 190 a163
367 340 290 320 368 368 218 301 276 271 276 321 290 235 258 253 289 278 1 28 94 48 0 0 127 44 84 74 69 24 78 133 126 115 79 90 o125
448 460 495 495 478 495 367 375 376 361 338 432 378 407 418 456 378 373 47 20 0 0 2 0 128 105 119 134 142 63 117 73 77 39 102 122 s314
569 676 669 631 538 676 469 511 384 398 388 474 674 676 543 650 672 676 107 0 7 19 138 0 207 165 292 252 288 202 2 0 133 0 4 0 ad315
461 534 575 575 491 548 452 322 387 378 453 411 563 598 466 569 598 575 114 64 0 0 107 27 148 302 213 222 171 189 12 0 109 6 0 0 ad133
355 334 324 302 309 285 309 282 290 319 260 320 368 352 368 364 312 368 13 18 44 66 43 83 59 70 78 49 92 48 0 0 0 4 40 0 m324
289 305 323 312 312 325 263 236 253 269 227 274 290 303 308 292 269 294 23 20 2 0 0 0 49 89 72 43 85 51 22 22 17 20 43 31 j360
392 375 390 414 399 384 351 321 289 335 377 305 343 351 278 333 312 332 22 39 6 0 15 30 40 70 85 56 14 86 71 63 118 81 102 82 a99
505 576 594 594 576 594 424 412 447 495 504 436 526 538 534 508 487 510 89 0 0 0 0 0 203 196 180 132 104 191 68 38 60 86 89 84 f274
284 243 285 285 266 254 264 209 215 255 257 256 249 194 234 240 213 228 1 42 0 0 19 31 40 95 89 49 47 48 36 91 51 45 72 57 a69
539 511 511 381 438 540 511 375 392 328 384 481 468 433 540 540 513 540 1 2 29 159 75 0 49 157 168 232 148 79 72 80 0 0 0 0 jt277
329 345 330 330 340 330 302 333 303 281 287 232 279 258 239 238 241 291 1 0 0 0 5 0 28 12 27 49 58 98 51 87 91 92 104 39 md440
568 610 605 528 596 550 534 505 550 558 544 617 497 609 616 644 616 616 48 6 11 116 20 66 104 133 88 109 94 21 119 7 0 0 0 0 jd464
543 609 638 622 609 638 419 408 529 514 474 506 520 575 638 638 609 638 95 0 0 16 0 0 241 222 131 146 156 154 118 34 0 0 0 0 j407
599 622 543 571 624 600 605 650 527 534 638 580 458 526 425 516 408 473 1 2 57 29 0 0 20 0 98 91 12 45 142 98 175 84 216 127 o471
695 638 696 696 619 628 546 482 609 569 546 652 637 618 603 635 572 605 1 58 0 0 77 68 150 214 87 127 150 44 59 78 93 61 124 91 a411
609 547 607 584 528 586 484 477 505 382 424 560 535 510 564 553 496 556 51 98 53 76 117 74 176 168 155 278 221 100 125 135 96 107 149 104 s294
199 229 233 230 216 197 195 119 137 153 164 141 234 196 186 158 165 192 35 5 1 4 18 37 21 97 79 63 52 75 0 38 48 76 69 42 md351
230 231 231 231 219 227 150 152 148 110 142 123 214 189 187 169 177 192 1 0 0 0 12 4 60 58 62 100 68 87 17 42 44 62 54 39 md142
527 478 504 528 528 410 406 394 465 479 479 441 439 410 431 453 495 444 1 26 0 0 0 94 122 110 39 49 49 63 89 94 73 75 33 60 a227
900 936 908 774 734 936 728 788 826 733 781 754 831 839 936 897 936 936 36 0 28 123 202 0 208 148 110 164 155 182 105 97 0 0 0 0 jt70
225 231 260 247 233 221 192 154 205 206 203 258 243 209 210 205 201 212 35 29 0 0 27 39 88 126 75 60 77 22 17 51 50 42 59 48 a96
719 720 720 718 720 720 486 589 558 670 574 670 587 634 616 569 569 605 1 0 0 2 0 0 198 95 126 14 110 14 133 86 104 151 151 115 d310
239 256 203 230 231 246 175 156 179 237 244 218 243 251 273 260 243 261 21 17 70 30 29 27 105 138 115 43 36 76 17 22 0 0 17 12 m360
529 569 513 496 572 594 399 375 423 370 501 518 471 572 584 568 489 464 65 3 81 98 0 0 168 171 144 197 45 49 123 0 10 26 83 130 jt112
1147 1368 1368 1368 1205 1368 1097 1167 1162 1127 1021 1024 1133 1368 1368 1290 1368 1368 221 0 0 0 163 0 271 201 206 241 347 344 235 0 0 78 0 0 jd262
564 555 504 544 588 609 500 477 485 460 450 531 510 445 448 421 441 437 45 33 105 65 0 0 109 111 124 149 138 78 99 143 161 188 147 172 o421
580 662 693 660 693 689 616 474 474 458 488 530 693 642 693 693 693 693 113 31 0 33 0 4 110 252 252 268 238 196 0 51 0 0 0 0 n251
918 1036 1008 990 1035 1017 846 693 738 699 742 920 1036 889 1008 1036 1036 1036 118 0 0 46 1 19 190 343 270 337 294 116 0 147 0 0 0 0 d222
576 671 675 648 666 689 594 678 693 698 721 701 606 754 754 754 754 754 178 83 79 106 88 65 186 102 87 82 59 79 148 0 0 0 0 0 j227
571 569 570 585 555 585 417 459 423 446 448 414 548 528 471 541 528 537 14 16 0 0 30 0 168 126 147 139 137 171 37 57 99 44 57 48 n92
696 682 702 702 671 644 618 558 606 569 667 560 628 613 630 614 638 638 6 2 0 0 13 58 84 126 96 133 17 142 74 71 72 88 46 64 md448
992 999 999 1036 1036 896 794 842 805 865 927 808 1005 983 833 1036 922 873 44 0 0 0 0 103 242 157 194 171 109 191 31 16 166 0 114 126 ad116
446 415 385 391 421 393 342 252 331 272 308 298 415 401 432 450 450 442 4 35 47 59 29 57 108 198 101 178 142 152 35 49 0 0 0 8 jd359
296 293 227 278 297 297 231 211 183 243 244 267 212 244 241 207 225 231 1 4 59 19 0 0 93 113 129 81 80 57 85 53 45 90 72 66 o340
545 546 560 546 491 540 361 355 344 332 348 338 528 430 474 513 453 456 1 0 0 0 55 6 146 152 176 175 159 169 18 116 86 33 93 90 n342
913 1054 1054 1082 1013 1054 730 750 749 853 723 819 1051 994 936 1080 1041 1040 141 0 0 3 41 0 290 270 271 197 297 201 3 60 118 5 13 14 d28
715 636 767 770 770 770 616 570 519 586 610 621 756 770 770 770 740 770 55 134 3 0 0 0 119 165 216 149 125 114 14 0 0 0 30 0 m489
674 675 690 675 615 675 473 516 482 529 517 509 601 564 593 537 577 549 1 0 0 0 60 0 157 114 162 101 113 121 74 111 97 138 98 126 n195
355 423 448 446 432 448 415 342 379 356 383 401 354 365 396 327 347 334 93 9 0 2 0 0 61 117 97 120 76 75 94 67 52 121 85 114 o260
564 575 441 575 575 507 540 430 396 501 534 404 491 432 407 447 446 497 11 0 109 0 0 68 12 122 132 51 18 148 84 143 143 128 129 78 a3
342 378 416 396 407 378 397 408 319 377 380 383 450 450 432 450 427 426 108 72 16 54 43 72 53 42 113 73 70 67 0 0 0 0 23 24 m63
645 748 737 724 718 748 475 469 426 462 485 527 683 732 748 748 745 748 103 0 11 24 30 0 239 245 288 252 229 187 65 16 0 0 3 0 f428
479 428 469 459 461 480 455 379 432 414 387 436 360 334 369 373 356 344 1 52 11 5 19 0 25 101 48 50 93 44 120 146 111 91 124 136 s137
620 521 615 621 559 567 512 438 345 403 434 513 503 498 430 501 447 521 1 100 6 0 62 54 82 156 249 191 160 81 118 123 191 120 174 100 a131
419 420 356 420 361 348 341 354 233 335 292 319 332 336 290 373 347 339 1 0 64 0 59 72 58 45 166 64 107 80 88 84 130 47 73 81 a450
372 357 448 448 424 448 364 306 293 281 356 336 325 339 388 354 372 356 76 75 0 0 8 0 56 99 127 139 49 84 123 93 60 94 60 92 j96
629 614 625 630 650 599 468 426 488 463 520 455 547 625 625 650 650 625 21 11 0 20 0 26 156 174 112 161 104 145 103 0 0 0 0 0 j137
418 376 437 364 418 423 353 286 354 329 328 336 395 390 437 437 404 437 19 42 0 73 0 14 107 154 106 131 112 124 42 28 0 0 14 0 jt99
502 540 513 447 540 494 443 462 444 400 461 428 428 517 513 513 540 513 11 0 0 66 0 19 70 78 69 113 79 85 85 23 0 0 0 0 jd107
544 590 588 496 584 550 460 477 490 476 490 498 502 598 598 598 598 598 54 8 10 102 14 48 115 98 85 99 85 77 96 0 0 0 0 0 jd137
413 459 392 464 460 464 405 431 347 430 391 421 398 393 354 341 370 385 51 5 56 0 4 0 88 62 129 63 102 72 66 71 94 123 94 79 s16
599 526 600 591 551 600 514 380 494 441 349 470 502 513 546 550 544 519 1 74 0 29 49 0 56 190 76 148 221 100 98 87 54 70 56 81 s63
463 416 430 464 424 414 424 347 388 375 399 437 357 356 395 393 346 386 1 32 34 0 24 50 69 129 105 118 77 56 107 92 69 71 102 78 a114
932 940 960 940 848 940 723 712 722 717 704 796 802 786 886 800 786 712 8 0 0 0 92 0 170 181 190 176 189 97 138 154 74 140 154 228 s375
623 568 553 598 595 597 592 506 558 528 507 525 496 485 460 512 516 546 1 56 71 0 29 27 8 94 42 47 93 75 128 139 164 86 108 78 a166
724 812 738 796 819 672 789 659 789 794 787 775 750 836 858 891 891 891 167 79 120 95 72 219 102 232 69 97 104 116 141 55 0 0 0 0 j71
1240 1318 1392 1363 1392 1392 1286 1146 1223 1182 1335 1330 1211 1255 1060 1120 1022 1222 152 74 0 0 0 0 106 246 169 181 57 62 181 137 332 243 370 170 d451
1341 1350 1411 1320 1287 1428 1278 1241 1238 1136 1123 1282 1251 1348 1428 1428 1479 1428 87 129 17 108 192 0 178 267 218 320 385 174 177 131 0 0 0 0 jt408
577 513 577 589 576 578 500 428 513 501 452 529 467 418 453 517 463 414 1 65 1 6 2 0 78 150 65 94 126 49 111 160 125 78 115 164 s456
457 475 494 472 388 475 362 405 361 314 337 346 475 432 428 475 475 475 18 0 0 3 87 0 113 70 133 161 138 129 0 43 66 0 0 0 ad195
511 500 520 501 490 520 431 423 434 332 335 428 429 445 470 467 473 452 9 0 0 19 10 0 63 52 60 162 140 66 91 55 50 53 27 68 jt246
743 818 825 792 699 825 628 565 609 486 571 601 756 690 618 715 721 783 49 7 0 0 93 0 140 235 191 282 197 199 36 135 207 77 71 42 ad415
418 456 550 575 575 544 473 409 405 427 459 442 573 573 542 564 477 575 157 119 0 0 0 31 102 166 145 148 116 133 2 2 8 11 98 0 m74
615 614 524 638 542 590 550 433 443 607 519 574 491 377 433 483 437 522 1 2 92 0 74 26 94 211 201 60 125 70 125 239 183 155 179 94 a106
1055 1012 1012 1048 885 959 854 716 694 683 796 694 1056 890 880 1056 1056 1012 1 0 0 8 171 53 178 273 295 349 236 295 0 122 132 0 0 0 ad469
420 432 484 412 431 462 367 327 410 318 341 376 398 409 468 453 462 455 42 30 0 50 31 0 116 156 96 165 142 107 64 53 16 9 0 7 jd485
1248 1406 1368 1338 1208 1368 1034 1025 987 1024 1028 1027 1368 1279 1294 1368 1406 1348 120 0 0 30 198 0 298 344 345 308 341 305 0 127 74 0 0 20 d476
572 682 670 678 644 652 484 504 492 484 533 504 648 693 693 693 693 693 121 11 23 15 49 41 176 156 168 176 127 156 45 0 0 0 0 0 f142
364 361 460 460 437 369 314 281 357 380 402 317 393 384 351 406 353 409 96 76 0 0 0 91 146 156 103 80 35 143 67 53 109 54 84 51 a488
774 702 780 806 806 806 645 615 688 716 775 768 659 620 633 624 650 614 32 104 0 0 0 0 161 191 92 90 31 38 147 186 147 182 156 192 o89
420 473 500 500 382 500 387 209 308 382 276 435 500 372 453 492 479 470 80 7 0 0 98 0 138 295 217 143 228 90 0 108 47 8 1 30 ad365
468 566 568 650 650 613 531 508 476 451 595 580 650 575 624 647 637 616 182 84 56 0 0 37 144 167 172 224 80 95 0 75 0 3 13 34 a224
363 383 394 398 400 388 335 277 322 341 376 331 389 354 408 432 432 408 69 25 14 34 32 20 115 148 103 109 74 94 43 54 0 0 0 0 j57
480 463 493 493 477 493 370 344 440 430 366 426 400 364 393 397 405 413 13 47 0 0 33 0 123 166 53 63 144 67 93 146 100 96 105 80 s254
474 490 394 471 463 495 334 417 379 423 338 416 405 407 429 398 421 391 21 5 101 24 32 0 161 78 116 72 157 79 90 88 66 97 74 104 o199
357 405 405 390 375 405 296 354 353 395 276 389 310 366 318 253 329 346 33 0 0 0 15 0 120 78 79 21 140 43 80 39 87 137 61 59 n16
505 506 506 519 373 488 385 340 339 391 376 386 506 451 461 529 506 506 1 0 0 10 133 18 121 166 167 138 130 120 0 55 45 0 0 0 ad254
441 429 429 442 373 429 290 245 224 277 261 244 370 340 333 412 346 332 1 0 0 0 69 0 118 151 172 131 147 152 72 89 96 30 96 97 n237
639 702 704 589 704 704 495 487 515 487 513 574 574 664 704 736 681 704 65 2 0 147 0 0 231 239 211 272 213 152 130 40 0 0 23 0 jd292
691 782 782 712 750 782 544 570 630 656 530 592 706 637 551 640 565 678 91 0 0 70 32 0 192 166 106 80 206 144 76 145 231 142 217 104 n193
220 301 304 304 298 304 217 127 187 191 219 240 301 273 293 269 314 269 84 19 0 0 22 0 68 173 98 94 81 45 3 47 11 35 6 35 ad472
781 778 773 744 666 815 656 654 533 645 661 652 837 769 739 837 837 837 56 59 37 93 171 22 150 152 247 161 145 154 0 68 71 0 0 0 ad65
477 509 525 517 364 511 412 406 260 307 294 293 525 525 387 525 525 525 48 16 0 8 161 14 92 98 244 197 210 211 0 0 138 0 0 0 ad364
1241 1242 1242 1233 1144 1242 1013 1027 959 1038 885 902 1043 871 916 994 986 933 1 0 0 9 98 0 229 215 283 204 357 340 199 371 326 248 256 309 n392
334 327 342 289 302 281 325 315 260 289 240 337 384 400 400 384 336 400 50 73 58 95 82 119 35 60 115 71 120 38 0 0 0 0 48 0 m38
652 665 554 638 676 676 524 564 501 523 579 614 511 501 527 534 548 542 24 11 122 38 0 0 126 86 149 127 71 36 165 175 149 142 128 134 o425
558 520 522 560 541 560 358 388 466 409 384 430 381 465 424 492 420 430 2 40 38 0 19 0 174 144 66 123 148 102 179 95 136 68 140 130 s351
440 426 418 410 388 441 404 288 293 272 294 316 388 392 414 436 441 441 1 15 2 31 53 0 37 153 127 169 147 125 53 49 6 5 0 0 jd308
659 596 636 660 623 645 538 394 500 462 430 492 540 512 512 590 520 486 1 49 9 0 37 0 122 251 145 198 230 153 120 133 133 70 140 159 s198
741 697 768 722 753 724 641 434 530 495 506 551 670 728 768 744 768 768 27 71 0 22 15 44 95 302 206 218 230 185 98 40 0 0 0 0 j185
867 825 822 838 859 788 779 596 646 589 726 683 749 882 891 891 918 891 24 93 69 53 59 103 79 288 212 269 158 175 142 36 0 0 0 0 j186
747 804 733 719 741 833 635 752 745 661 788 768 879 925 950 921 873 925 178 121 217 206 184 92 290 173 205 264 137 157 46 0 0 4 52 0 m24
287 239 283 288 245 273 252 206 167 202 191 288 225 192 231 274 213 245 1 33 5 0 27 15 36 66 121 86 81 0 63 80 57 14 59 43 a158
557 558 502 558 558 558 496 553 453 567 487 565 465 492 443 470 453 488 1 0 56 0 0 0 93 36 136 22 102 24 93 66 115 88 105 70 a489
109 115 130 128 130 130 88 71 110 88 91 91 118 117 110 80 108 101 21 15 0 2 0 0 42 59 20 42 39 39 12 13 20 50 22 29 md259
1724 1625 1845 1804 1707 1845 1417 1617 1592 1353 1440 1665 1671 1605 1443 1601 1547 1665 80 220 0 0 97 0 343 183 208 407 320 135 133 240 402 203 257 180 ad349
274 265 266 272 258 231 203 145 185 221 194 228 266 242 239 202 235 219 12 8 7 14 28 42 83 128 88 65 92 45 20 31 34 84 51 54 md413
279 286 346 351 290 331 216 212 180 231 230 242 357 335 351 357 303 357 78 54 11 6 50 26 141 128 177 126 110 115 0 5 6 0 37 0 m435
251 280 270 270 280 270 229 213 213 191 223 216 232 243 230 241 235 236 19 0 0 0 0 0 41 67 57 79 57 54 38 37 40 29 45 34 j249
736 796 845 875 649 792 558 536 483 651 486 612 850 789 763 875 850 850 114 54 5 0 201 58 258 280 333 189 330 204 0 61 87 0 0 0 d181
648 667 644 652 667 667 504 500 518 509 550 549 574 660 644 659 662 651 19 0 0 15 0 0 192 196 154 187 146 147 93 7 0 8 5 16 j99
898 881 989 956 975 1000 847 669 641 740 680 758 1000 975 870 1000 968 996 102 94 11 44 0 0 113 267 319 220 256 202 0 0 130 0 7 4 d186
418 490 490 476 463 490 406 358 390 354 392 298 459 439 440 442 438 428 58 0 0 0 13 0 70 132 100 122 84 192 17 51 50 34 38 62 f417
474 513 472 428 508 494 410 413 444 348 446 406 385 372 409 397 404 399 20 0 22 66 5 0 58 73 24 120 40 62 109 141 85 97 109 95 jt122
571 516 572 479 572 572 526 537 570 307 518 549 473 427 445 443 441 434 1 56 0 71 0 0 46 35 2 243 54 23 99 145 127 107 131 138 jt228
450 478 448 462 335 467 307 257 199 355 243 300 458 409 390 439 450 460 12 5 35 0 127 16 177 249 307 129 241 206 4 74 93 23 12 23 ad269
639 625 640 597 635 640 541 444 442 412 454 411 555 448 463 524 517 495 1 31 0 43 21 0 59 171 158 188 161 189 85 208 177 116 139 145 s47
494 640 640 620 626 640 607 484 427 425 486 520 640 589 618 588 624 584 146 0 0 0 14 0 65 188 245 226 186 152 0 51 22 32 16 56 f445
427 437 423 351 437 431 354 330 326 323 354 352 366 418 437 437 437 437 10 0 14 86 0 6 102 126 130 133 102 104 71 19 0 0 0 0 jd325
305 258 306 286 286 306 211 173 156 239 225 245 236 221 150 208 203 251 1 30 0 20 2 0 78 99 133 50 47 44 70 67 156 98 85 55 md488
474 404 467 395 475 475 403 386 391 332 328 370 328 329 310 328 324 397 1 71 8 80 0 0 72 89 84 143 147 105 147 146 165 147 151 78 o138
656 690 690 656 514 625 515 467 427 379 391 479 657 664 524 660 660 684 4 0 0 4 146 65 145 223 263 281 269 211 3 26 166 0 0 6 ad339
540 496 531 530 532 580 461 419 489 478 400 413 454 389 371 364 420 457 40 64 49 50 28 0 90 113 62 73 132 138 126 171 209 216 140 123 s421
389 405 404 388 377 405 285 291 310 314 351 352 347 362 333 301 312 340 1 0 1 2 13 0 131 141 122 102 65 80 43 43 72 89 78 65 md65
365 456 496 462 477 496 428 525 527 445 510 522 407 406 412 418 373 367 115 40 0 18 3 0 82 2 0 65 0 5 73 90 84 62 107 129 jd62
713 759 808 709 684 733 663 602 604 574 653 594 800 698 779 800 800 825 87 66 17 91 116 92 105 190 188 194 115 198 0 127 46 0 0 0 ad335
362 374 353 360 328 337 210 249 177 168 162 221 345 330 318 330 324 347 1 0 10 3 46 26 120 91 153 162 178 109 18 44 45 33 50 16 n249
543 586 616 605 604 580 480 494 387 496 435 490 650 680 660 660 636 660 117 94 44 55 76 80 147 152 240 131 211 137 10 0 0 0 44 0 m187
398 404 363 302 372 369 295 297 262 306 294 343 322 420 420 441 420 420 22 16 57 139 48 51 105 103 138 114 106 57 98 0 0 0 0 0 jt327
496 416 468 435 489 479 521 433 475 416 440 410 546 546 542 546 546 546 50 130 78 111 57 67 46 134 92 151 127 157 0 0 4 0 0 0 md5
840 804 820 798 800 797 694 683 716 710 779 670 782 858 852 858 858 858 18 54 38 60 58 61 164 175 142 148 79 188 76 0 6 0 0 0 f403
453 530 578 561 542 561 458 350 402 358 402 429 530 456 452 419 462 393 108 31 0 0 19 0 103 211 176 203 159 132 31 105 126 142 99 168 n73
556 640 620 617 583 613 481 455 457 476 473 440 620 599 600 620 640 620 64 0 0 3 57 7 139 185 163 144 167 180 0 41 20 0 0 0 d377
476 483 504 414 483 483 398 355 392 352 393 326 373 479 504 483 483 483 7 0 0 69 0 0 108 151 136 154 113 180 110 4 0 0 0 0 jd127
305 323 323 306 294 323 282 237 258 258 278 240 237 276 221 229 235 257 1 0 0 0 12 0 42 105 84 66 46 102 69 47 102 77 71 66 md41
337 384 361 384 381 384 276 277 151 242 276 265 302 250 264 277 287 293 47 0 23 0 3 0 84 83 209 118 84 95 82 134 120 107 97 91 j317
303 296 245 304 298 270 237 242 193 232 273 204 248 222 229 249 219 233 1 8 75 0 6 34 67 62 127 72 31 100 56 82 91 55 85 71 a281
305 307 297 277 314 301 251 249 212 218 252 254 340 357 357 309 340 357 35 50 60 63 26 56 89 108 145 122 88 103 0 0 0 31 0 0 m42
602 773 774 756 743 774 690 699 774 685 602 707 651 563 654 562 687 594 154 1 0 0 13 0 66 75 0 71 154 67 105 211 120 194 69 180 j62
695 639 768 622 709 693 658 592 618 621 614 661 669 759 800 768 768 800 73 161 32 146 59 107 110 208 182 147 154 139 99 41 0 0 0 0 jd97
625 564 630 655 633 600 609 645 617 636 535 619 700 702 728 702 585 702 77 138 98 47 69 102 120 84 139 93 194 110 2 0 0 0 117 0 m291
881 838 897 900 894 858 853 793 790 831 884 833 888 836 828 876 887 861 19 62 3 0 6 42 83 143 146 105 52 103 12 64 72 24 13 39 a94
578 609 609 592 625 609 465 415 436 446 461 512 579 512 486 589 564 546 52 0 0 38 5 0 165 194 173 184 169 97 51 97 123 41 66 63 d208
322 353 308 240 336 349 277 191 139 147 216 265 270 331 357 336 336 357 14 4 49 96 0 8 43 149 201 173 104 75 66 26 0 0 0 0 jt219
149 150 140 150 140 150 120 114 113 131 142 110 140 121 84 97 101 138 1 0 0 0 10 0 30 36 27 19 8 40 10 29 56 53 49 12 md240
370 285 346 378 399 378 288 305 279 348 360 341 334 399 316 273 366 286 8 114 32 0 0 0 72 75 81 12 20 19 44 0 62 105 33 92 md398
326 340 399 399 361 399 258 250 316 293 260 279 346 344 315 336 290 399 73 40 0 0 19 0 141 130 83 106 120 120 53 36 84 63 90 0 m396
272 260 273 273 254 273 179 151 185 156 183 148 242 237 186 183 178 216 1 0 0 0 6 0 73 89 67 96 57 104 31 23 87 90 82 57 md274
281 297 306 309 301 325 253 215 221 144 136 189 253 243 245 248 263 245 44 41 19 16 37 0 72 123 104 181 202 136 72 95 80 77 75 80 s273
637 553 638 618 556 633 507 476 526 624 467 658 545 437 566 485 512 544 1 63 0 20 60 5 160 168 141 43 177 9 93 179 72 153 104 94 a183
739 726 833 806 816 833 657 582 690 710 740 700 614 619 639 631 576 653 77 107 0 10 0 0 159 251 143 106 76 133 202 214 194 185 240 180 s104
863 888 900 900 896 900 814 514 642 620 660 623 751 853 857 883 875 866 37 12 0 0 4 0 86 386 258 280 240 277 149 47 43 17 25 34 j454
751 775 750 775 756 775 508 555 594 533 553 581 628 751 750 769 749 755 24 0 0 0 19 0 298 251 186 273 253 225 147 24 0 6 26 20 j181
777 810 836 821 777 812 674 502 558 651 498 631 836 695 817 829 814 836 59 4 0 15 37 24 200 349 316 223 353 243 0 119 19 7 0 0 d300
384 450 450 465 437 450 327 322 255 314 315 323 395 338 356 342 345 352 66 0 0 0 13 0 93 98 165 120 105 97 55 112 94 123 105 98 f301
648 688 680 635 683 668 463 428 428 463 484 477 700 569 678 700 700 700 52 12 0 65 17 32 237 272 252 237 216 223 0 131 2 0 0 0 d244
476 495 495 510 457 495 369 410 388 411 338 392 455 400 358 415 386 388 34 0 0 0 53 0 141 85 107 99 172 103 55 95 137 95 124 107 n445
393 380 377 385 370 319 282 316 328 314 357 310 420 406 406 420 420 386 27 26 29 35 50 87 168 119 107 136 93 125 0 0 0 0 0 20 m121
385 431 414 334 438 371 335 334 321 276 329 361 380 445 405 437 456 437 52 25 23 103 18 66 102 122 116 161 127 76 57 11 32 0 0 0 jt243
989 990 990 990 904 990 800 754 762 800 694 821 840 795 789 810 812 813 1 0 0 0 86 0 145 191 183 145 251 124 150 195 201 180 178 177 n87
213 225 227 252 241 231 231 193 177 161 147 166 252 252 252 252 221 250 39 27 25 0 11 21 21 59 75 91 105 86 0 0 0 0 31 2 m77
600 648 666 641 640 666 501 513 503 486 503 562 609 490 494 518 525 532 66 0 0 25 8 0 165 135 163 180 145 104 57 158 172 148 123 134 f444
548 580 627 619 633 627 504 459 407 481 478 467 646 594 556 646 646 627 98 47 0 27 13 0 176 201 253 199 202 193 0 33 71 0 0 0 d92
358 358 360 354 319 360 310 282 298 305 249 278 275 352 351 372 355 351 2 2 0 24 41 0 70 98 82 94 131 102 85 8 9 6 5 9 jd72
356 332 357 357 346 276 253 235 294 224 334 232 286 280 296 314 257 275 1 25 0 0 11 81 104 122 63 133 23 125 71 77 61 43 100 82 a480
261 257 250 298 262 264 207 174 184 200 179 219 320 304 304 320 294 301 59 47 54 22 58 40 93 111 101 100 121 66 0 0 0 0 26 3 m151
309 297 342 262 316 342 296 209 217 200 215 335 249 294 302 297 270 225 15 45 0 62 8 0 28 133 125 124 109 7 75 48 40 27 54 117 jt380
1146 1147 1042 1116 1147 1147 1004 1060 941 952 1067 1103 874 916 833 855 796 845 1 0 105 31 0 0 143 87 206 195 80 44 273 231 314 292 351 302 o106
1133 1079 1134 1134 1010 1134 912 816 975 984 805 849 941 982 906 937 965 947 1 55 0 0 124 0 159 255 96 87 266 222 193 152 228 197 169 187 s268
616 660 638 625 660 638 470 506 490 506 563 487 526 660 638 638 660 638 22 0 0 13 0 0 197 184 177 161 127 180 112 0 0 0 0 0 j2
762 759 802 852 831 864 674 684 653 719 627 757 722 643 684 685 620 674 102 81 62 12 9 0 190 156 211 145 213 107 142 197 180 179 220 190 o97
259 248 225 260 225 237 194 204 154 198 167 237 217 189 183 213 194 209 1 12 35 0 35 23 66 56 106 62 93 23 43 71 77 47 66 51 a342
363 368 378 364 307 378 253 217 270 238 181 253 305 250 295 307 269 284 1 10 0 0 57 0 85 134 81 100 157 98 59 128 83 57 95 94 s237
767 744 643 711 743 768 684 518 670 615 585 663 537 472 466 527 487 546 1 0 125 57 1 0 52 195 66 121 128 73 231 272 302 241 257 222 s339
2447 2448 2444 2473 2448 2448 2191 2174 2338 2255 2357 2238 2164 1906 2134 2055 1904 2114 1 0 4 11 0 0 325 342 178 298 159 278 284 542 314 429 544 334 s267
767 792 711 765 792 768 641 708 620 648 690 732 539 617 580 560 658 580 1 0 57 3 0 0 95 51 116 88 69 4 229 175 188 208 134 188 o132
541 611 603 581 620 606 427 470 506 452 482 460 525 627 646 627 627 627 86 16 43 46 7 21 233 190 174 208 178 200 102 0 0 0 0 0 j367
954 988 984 984 1008 984 989 920 1011 1006 1002 975 850 851 816 769 895 794 30 20 0 0 0 0 36 130 14 19 48 50 134 157 168 215 113 190 j54
440 424 442 425 439 436 374 237 347 309 347 294 442 354 368 334 323 405 2 18 0 0 3 6 42 179 69 91 69 122 0 88 74 91 119 37 md98
497 515 500 493 553 549 397 400 376 382 378 352 466 536 527 495 529 453 54 55 51 58 17 2 183 200 204 198 222 228 85 34 24 56 41 98 j84
303 284 313 304 296 239 212 190 138 157 223 189 277 280 269 297 263 271 1 20 7 0 8 65 73 95 162 128 62 96 27 24 51 7 41 33 a263
504 561 519 458 561 561 475 584 532 436 594 570 466 473 466 485 456 405 57 0 42 103 0 0 119 10 62 158 0 24 95 88 95 76 105 156 jt62
500 532 522 372 532 532 418 497 458 358 443 412 424 525 530 518 522 521 32 0 10 160 0 0 133 54 93 193 108 139 108 7 2 14 10 11 jt379
745 737 784 810 653 718 513 475 415 578 559 467 792 713 720 814 792 792 47 55 8 4 139 74 315 353 413 273 269 361 0 79 72 0 0 0 d269
734 735 770 731 543 735 608 511 628 660 448 612 735 540 768 728 733 718 1 0 0 4 192 0 127 224 142 75 287 123 0 195 2 7 2 17 jd407
424 330 425 423 401 421 327 235 283 280 261 259 423 361 425 425 425 425 1 95 0 2 24 4 73 165 117 120 139 141 2 64 0 0 0 0 jd314
640 650 663 619 635 604 564 578 510 518 559 603 580 621 616 651 611 626 64 70 41 85 85 100 184 187 238 230 206 145 124 99 88 53 109 78 n294
505 411 425 506 444 439 476 448 330 377 398 389 388 397 364 446 363 389 1 72 58 0 62 44 30 35 153 129 108 94 118 86 119 60 143 94 a226
717 716 611 701 722 741 491 699 657 638 702 713 617 610 561 532 529 587 5 25 130 21 0 0 269 81 123 122 58 67 105 131 180 190 193 154 o404
549 594 594 584 582 594 391 417 365 363 434 448 493 556 552 551 546 546 45 0 0 10 12 0 203 177 229 231 160 146 101 38 42 43 48 48 f387
832 771 858 836 836 858 595 706 694 734 691 723 734 683 647 614 595 661 4 87 0 0 0 0 203 113 125 64 107 96 102 175 211 222 241 197 f118
524 538 538 554 544 527 326 335 399 335 355 347 423 546 546 567 546 546 22 8 8 13 2 19 220 211 147 232 191 199 123 0 0 0 0 0 j272
285 279 305 306 309 308 214 207 182 225 252 228 264 262 231 219 230 248 23 43 3 2 13 0 72 92 104 61 47 58 44 60 77 89 92 60 md369
323 336 324 311 327 324 275 275 298 283 309 261 305 294 231 219 238 260 1 0 0 13 9 0 76 89 53 68 55 90 19 42 93 105 98 64 md390
445 432 450 450 430 450 373 302 323 308 343 371 362 432 450 450 432 450 5 0 0 0 2 0 52 106 102 117 65 54 88 0 0 0 0 0 j124
637 609 638 625 449 609 476 482 384 458 443 542 638 609 555 572 609 638 1 0 0 13 160 29 184 148 276 202 187 118 0 0 83 66 0 0 ad41
1603 1640 1640 1483 1640 1640 1230 1360 1282 1273 1271 1456 1608 1366 1640 1681 1623 1590 37 0 0 198 0 0 450 320 398 449 409 224 32 274 0 0 17 50 d423
419 435 312 374 367 435 411 401 354 431 353 424 332 343 334 286 282 293 1 0 123 46 53 0 37 63 110 17 95 40 88 92 101 134 138 142 o481
363 364 364 328 340 364 260 222 219 238 145 235 343 282 269 305 268 294 1 0 0 23 24 0 104 142 145 113 219 129 21 82 95 46 96 70 n239
489 540 518 534 533 524 470 440 357 446 394 403 546 546 546 546 499 546 57 6 28 12 13 22 76 106 189 100 152 143 0 0 0 0 47 0 m120
255 230 303 295 304 309 236 256 168 182 181 170 317 315 315 330 303 315 75 85 12 35 26 6 72 38 126 126 127 124 13 0 0 0 27 0 m364
963 1053 956 943 905 965 862 900 714 929 885 807 1085 1051 961 1085 1116 1085 122 63 129 142 211 120 188 180 336 121 195 243 0 65 124 0 0 0 ad443
1449 1540 1540 1568 1406 1540 1289 1164 1156 1362 1236 1368 1449 1373 1485 1527 1527 1310 119 0 0 0 162 0 279 376 384 206 332 172 119 167 55 41 41 230 d375
533 662 575 613 666 648 585 602 514 541 583 557 557 516 507 454 520 555 115 4 73 35 0 0 99 101 170 143 120 127 91 150 141 194 146 93 o243
135 182 168 168 170 168 98 125 106 110 108 140 134 161 162 129 158 147 33 0 0 0 12 0 82 70 74 70 87 40 34 21 6 39 24 21 md395
443 434 446 444 428 444 380 312 348 336 333 299 373 348 357 369 311 384 1 10 10 0 16 0 64 132 108 108 111 145 71 96 99 75 133 60 n48
607 515 530 627 544 608 548 506 536 581 430 506 485 399 382 468 397 434 1 93 78 0 64 0 60 102 72 46 178 102 123 209 226 159 211 174 s182
735 784 739 732 588 697 632 629 467 586 610 668 756 684 672 756 784 756 21 0 17 24 196 59 151 183 316 197 202 115 0 100 84 0 0 0 ad98
545 569 630 609 595 609 470 469 401 450 357 448 609 605 550 609 601 597 64 40 0 0 14 0 139 140 229 159 252 161 0 4 80 0 8 12 d402
157 177 177 176 172 180 196 156 152 171 104 153 172 161 158 132 166 169 30 21 10 11 26 7 8 60 52 33 112 51 15 37 29 55 32 18 jt304
623 650 650 620 452 622 425 444 314 396 405 420 624 605 554 624 624 650 1 0 0 4 172 28 199 206 336 228 219 230 0 45 96 0 0 0 ad282
879 980 909 952 980 952 851 980 919 926 951 949 849 776 794 734 786 719 73 0 43 0 0 0 101 0 33 26 29 3 103 204 158 218 194 233 f490
389 361 353 378 374 327 427 432 354 398 353 386 468 468 468 466 430 468 79 107 115 90 94 141 41 36 114 70 115 82 0 0 0 2 38 0 m494
879 880 880 837 699 859 723 761 599 632 672 642 880 791 722 840 880 880 1 0 0 3 181 21 179 141 303 229 230 260 0 89 158 0 0 0 ad5
319 336 320 320 320 263 261 226 247 254 263 268 207 228 272 270 285 271 1 0 0 0 16 57 59 110 73 66 73 52 113 108 48 50 51 49 a204
534 466 540 540 560 540 352 485 456 457 495 491 482 400 352 382 417 405 6 94 0 0 0 0 161 47 57 56 37 22 58 160 188 158 143 135 f296
657 722 655 593 664 625 511 551 600 570 606 596 655 710 728 754 754 754 97 32 73 161 90 129 214 174 100 155 119 129 99 44 0 0 0 0 jd333
321 408 392 404 407 405 263 283 254 298 220 261 364 402 393 400 353 387 87 0 16 4 1 3 121 101 130 86 164 123 44 6 15 8 55 21 o155
396 320 389 403 318 389 336 247 215 292 240 278 400 350 364 420 400 400 4 80 11 17 82 11 64 153 185 128 160 122 0 50 36 0 0 0 ad296
500 497 504 483 457 491 379 371 299 390 414 366 504 416 500 483 504 504 4 7 0 0 47 13 149 157 229 116 114 162 0 88 4 0 0 0 ad409
270 295 305 293 267 314 295 170 202 272 237 258 271 273 246 288 246 240 60 24 14 37 63 5 65 178 146 88 123 90 59 46 73 42 84 79 j258
329 319 319 330 314 319 234 244 236 235 213 242 298 263 261 285 262 275 1 0 0 0 16 0 66 46 54 65 87 48 32 56 58 45 68 44 n232
122 134 132 133 145 138 142 123 77 88 103 133 160 170 160 160 158 160 38 36 28 27 25 22 18 47 83 72 67 27 0 0 0 0 12 0 m240
528 561 630 651 624 630 483 513 447 461 450 513 554 520 453 448 468 503 102 69 0 0 6 0 147 117 183 190 180 117 76 110 177 203 162 127 f97
444 397 397 383 354 400 383 347 281 337 385 383 468 468 381 450 468 468 24 71 71 67 114 68 111 147 213 138 109 111 0 0 87 0 0 0 ad453
676 750 744 694 758 750 623 725 716 511 713 725 663 651 648 598 694 588 104 0 6 86 22 0 131 0 9 243 41 0 117 99 102 182 86 162 jt311
649 561 665 589 662 714 578 517 584 523 576 601 613 641 714 714 680 714 65 119 49 125 18 0 136 163 130 191 104 113 101 39 0 0 0 0 jt6
987 1050 1050 1080 1034 1050 801 876 854 839 791 758 1005 911 1000 1071 1044 996 93 0 0 0 46 0 243 139 161 205 253 257 75 139 50 9 36 54 d227
333 403 396 374 389 362 327 305 329 283 330 346 332 418 399 399 418 399 66 15 3 25 29 37 93 135 91 137 110 74 67 0 0 0 0 0 j350
541 622 624 584 610 656 489 524 476 445 480 565 595 627 598 571 593 562 115 50 32 72 62 0 126 106 139 170 150 50 61 45 58 85 79 94 o117
559 508 503 574 492 516 542 465 541 465 539 504 433 449 416 510 438 477 1 52 57 0 68 44 58 135 59 150 61 96 127 111 144 64 122 83 a268
915 918 918 918 831 918 916 772 677 690 586 798 918 884 750 877 884 895 3 0 0 0 87 0 2 146 241 228 332 120 0 34 168 41 34 23 ad437
538 523 532 511 518 513 410 423 391 425 485 474 514 532 546 546 532 546 8 9 14 35 14 33 175 147 194 160 85 111 32 0 0 0 0 0 f82
225 237 239 242 235 228 184 207 147 182 125 173 242 238 241 236 216 235 17 5 3 0 7 14 80 57 117 82 139 91 0 4 1 6 26 7 jd249
1669 1885 1914 1903 1872 1914 1721 1649 1742 1781 1739 1660 1810 1628 1592 1586 1559 1644 245 0 0 11 13 0 259 301 238 199 211 320 104 257 322 328 326 270 f163
539 576 600 568 573 600 379 409 415 441 396 453 478 600 600 576 576 600 37 24 0 8 3 0 173 166 160 111 156 122 98 0 0 0 0 0 j201
859 840 860 860 736 860 597 612 592 553 577 677 782 689 750 757 745 717 1 0 0 0 104 0 220 186 225 264 221 140 78 151 110 103 95 143 n109
265 233 278 272 268 253 231 204 234 231 212 252 267 222 190 197 201 256 23 55 10 0 20 35 75 102 72 58 94 54 21 66 98 75 87 32 a435
637 616 638 630 534 605 540 487 426 448 515 481 644 616 504 630 616 644 7 0 6 14 82 39 104 129 218 196 101 163 0 0 140 14 0 0 ad465
218 241 243 235 208 194 164 163 120 186 172 194 224 254 242 252 238 252 34 25 9 17 58 58 88 103 132 66 94 58 28 12 10 0 28 0 m318
719 741 738 661 752 749 539 526 604 585 590 509 705 694 756 756 756 756 37 15 18 95 4 7 189 202 124 143 138 219 51 62 0 0 0 0 j120
587 505 588 609 563 588 525 369 406 564 450 467 507 452 462 497 509 490 1 83 0 0 25 0 63 219 182 45 138 121 81 136 126 112 79 98 s434
296 308 297 285 308 297 239 153 206 226 214 215 260 260 256 278 249 261 1 0 0 12 0 0 85 183 118 98 122 109 37 48 41 19 59 36 n141
397 457 495 495 506 495 347 466 445 424 444 464 435 435 362 358 392 383 98 53 0 0 4 0 181 78 83 104 100 64 60 75 133 137 118 112 f412
548 546 575 575 532 575 426 437 388 416 438 433 573 550 495 571 600 568 27 54 0 0 68 0 126 139 164 136 138 119 2 50 80 4 0 7 ad420
611 612 582 570 612 612 412 497 408 423 432 444 460 494 499 513 502 480 1 0 30 42 0 0 164 79 168 153 144 132 152 118 113 99 110 132 o198
275 254 266 277 285 285 204 193 187 254 259 244 239 241 196 199 212 240 10 31 0 8 0 0 81 92 79 31 26 41 46 44 70 86 73 45 md373
437 401 458 440 440 460 393 292 286 295 317 382 377 416 398 322 386 378 3 59 2 0 0 0 25 145 151 123 101 55 63 44 62 118 54 82 j308
567 589 535 534 462 399 421 410 336 411 389 480 545 589 570 529 565 570 3 0 35 36 127 171 119 148 204 129 169 60 25 0 0 41 24 0 m331
212 196 216 204 214 192 171 152 174 185 185 165 176 164 139 151 147 156 4 20 0 0 2 24 63 82 60 36 49 69 40 52 77 53 69 60 a340
558 445 552 563 569 545 449 311 389 317 387 376 473 538 552 571 575 567 17 130 0 12 6 30 151 289 187 283 213 224 102 37 0 4 0 8 j182
720 982 971 938 865 960 797 696 812 665 791 773 791 1000 1000 975 1000 1000 280 18 29 37 135 40 163 264 148 271 169 187 209 0 0 0 0 0 j298
310 274 354 360 340 360 250 149 338 322 307 314 307 297 240 294 255 297 50 66 6 0 0 0 128 208 40 56 50 64 53 43 120 66 85 63 md385
1296 1491 1502 1479 1164 1484 1307 1285 1158 1245 1222 1279 1508 1508 1349 1479 1508 1508 212 17 6 0 344 24 253 275 402 285 338 281 0 0 159 0 0 0 d156
227 212 220 202 228 222 121 168 168 154 176 183 205 227 219 221 237 204 13 28 20 50 12 18 99 52 52 77 44 37 35 13 21 31 3 36 a293
705 720 736 730 720 736 540 564 604 615 622 615 651 649 626 638 659 629 31 0 0 6 0 0 196 156 132 121 98 121 85 71 110 98 61 107 d334
1203 1269 1298 1258 1194 1295 1022 974 957 994 975 1036 1302 1262 1153 1271 1302 1302 99 33 4 13 108 7 280 328 345 277 327 266 0 40 149 0 0 0 d75
859 860 840 860 795 860 632 571 508 563 568 611 789 635 600 767 641 646 1 0 0 0 65 0 185 246 290 254 249 206 71 225 240 93 219 214 n329
721 786 780 794 802 760 673 573 574 573 670 608 750 814 832 814 814 814 93 28 56 20 12 54 141 241 262 241 144 206 64 0 4 0 0 0 f455
679 680 606 680 621 680 646 626 551 712 466 568 541 522 471 519 418 534 1 0 74 0 59 0 68 88 163 2 248 146 139 158 209 161 262 146 s470
440 512 468 505 513 513 404 326 333 356 368 401 460 418 444 381 393 403 73 1 64 8 0 0 82 160 171 130 118 85 53 95 88 132 120 110 o46
503 620 585 588 618 614 393 330 209 346 408 376 566 603 600 607 615 616 117 0 15 32 2 6 196 259 361 243 181 213 54 17 0 13 5 4 f351
1025 1026 1026 1026 917 1026 876 844 884 876 755 866 889 827 785 850 836 864 1 0 0 0 109 0 150 182 142 150 271 160 137 199 241 176 190 162 n476
588 623 623 532 585 605 413 451 436 483 380 397 469 624 624 598 624 624 36 1 1 66 39 19 211 173 188 115 244 227 155 0 0 0 0 0 jd281
736 840 812 764 830 812 621 596 491 512 548 565 769 732 676 762 784 747 76 0 0 48 10 0 162 214 292 271 262 218 43 108 136 50 56 65 d138
676 721 653 749 747 719 623 734 783 760 766 741 718 840 840 868 840 840 164 119 187 119 93 121 217 106 57 108 74 99 122 0 0 0 0 0 f432
786 868 930 900 886 930 831 775 835 800 686 841 850 926 795 877 884 930 114 62 0 0 14 0 99 186 126 130 244 120 50 4 135 23 16 0 ad489
703 650 586 630 684 704 583 610 578 598 549 586 583 579 598 597 619 596 1 38 118 74 4 0 165 121 170 150 182 162 121 109 106 107 69 108 o461
362 392 378 378 365 378 299 309 249 229 258 276 295 256 326 345 300 278 16 0 0 0 27 0 106 111 156 176 162 129 83 136 52 33 92 100 d318
382 416 425 437 369 420 330 245 193 251 179 253 431 421 336 437 442 404 60 9 0 5 73 5 138 205 257 217 289 197 11 4 89 5 0 21 d273
426 462 399 435 506 527 385 349 365 298 341 257 382 387 378 403 368 314 84 65 128 75 4 0 95 147 131 182 139 239 128 140 149 107 142 213 o385
585 541 565 588 506 588 488 399 499 493 437 560 513 509 423 445 451 523 3 47 23 0 82 0 72 161 61 67 123 0 75 79 165 143 137 65 a186
251 264 252 249 255 246 169 160 212 173 190 186 235 226 201 222 243 212 1 0 0 3 9 6 83 104 40 79 74 66 17 38 51 30 21 40 md353
978 1008 1008 980 890 968 795 683 710 750 643 661 1008 998 865 980 1008 1008 30 0 0 0 118 40 177 289 262 195 329 311 0 10 143 0 0 0 d276
776 951 957 928 903 924 547 696 652 587 668 654 826 957 957 928 928 957 152 6 0 0 25 33 349 228 272 309 228 270 102 0 0 0 0 0 f355
263 260 270 279 259 308 148 171 172 161 156 194 289 256 267 286 289 251 45 48 38 40 49 0 132 109 108 129 124 86 19 52 41 33 19 57 n304
711 665 689 641 683 725 710 461 599 617 577 686 593 468 579 580 529 469 43 60 36 113 71 0 18 239 101 111 151 14 161 257 146 174 225 256 jt245
475 483 506 429 438 483 362 348 421 332 376 369 386 483 506 483 479 432 8 0 0 54 45 0 121 135 85 151 107 114 97 0 0 0 4 51 jd148
740 711 586 600 717 741 596 669 574 556 499 727 597 582 597 602 622 585 1 11 155 141 5 0 184 91 206 224 261 53 144 140 144 139 100 156 o190
245 273 222 230 240 239 201 183 210 215 231 215 264 275 264 264 230 264 19 2 42 34 35 25 63 92 54 49 44 49 0 0 0 0 45 0 m124
221 225 209 255 238 260 279 263 261 297 241 279 304 288 304 289 243 304 83 63 95 49 50 44 44 43 62 26 65 44 0 0 0 15 45 0 m468
325 406 406 382 392 406 324 300 313 289 319 334 324 353 380 324 334 318 67 0 0 10 0 0 96 135 122 131 101 101 68 53 26 68 58 88 j255
476 484 465 480 466 438 358 368 378 398 423 414 400 416 444 437 443 446 4 20 39 0 14 66 102 115 105 62 37 69 80 88 60 43 37 58 a455
560 536 618 624 585 624 451 514 534 557 460 545 518 526 501 547 540 486 64 104 6 0 55 0 173 126 90 67 180 79 106 114 123 77 100 138 s134
477 495 480 480 465 480 332 369 315 407 330 346 437 436 375 419 419 419 3 0 0 0 30 0 148 126 165 73 165 134 43 59 105 61 76 61 n158
548 593 613 596 595 621 371 221 345 387 331 488 513 589 621 621 598 593 73 5 8 25 3 0 250 377 276 234 267 133 108 9 0 0 0 28 j488
170 169 162 188 216 210 203 131 145 139 124 169 180 193 181 183 181 166 50 41 48 32 4 0 39 100 86 103 118 62 40 17 29 37 39 44 o215
406 432 368 325 424 426 325 300 306 264 295 310 389 351 432 456 432 432 26 0 64 131 8 6 107 132 126 192 137 122 43 81 0 0 0 0 jt264
410 379 433 446 492 472 365 328 352 363 380 321 513 513 494 513 474 513 103 134 61 67 21 41 121 158 116 123 106 165 0 0 0 0 39 0 m132
365 373 390 359 329 390 308 200 262 237 241 261 321 350 390 390 390 390 25 17 0 31 61 0 82 190 128 153 149 129 69 40 0 0 0 0 jd119
383 412 401 367 399 364 391 364 323 369 352 364 468 486 468 468 420 466 85 74 67 101 87 104 51 95 119 73 107 78 0 0 0 0 66 2 m445
653 570 702 660 673 675 605 610 603 447 520 590 628 549 510 463 529 529 22 105 0 15 2 0 70 65 99 228 155 85 47 126 192 212 146 146 jt220
472 512 482 480 414 476 479 480 444 504 482 489 540 540 540 554 524 540 68 28 58 75 126 64 97 96 132 88 94 87 0 0 0 1 16 0 m493
419 316 393 415 315 399 350 166 180 189 163 229 410 399 340 406 415 382 1 83 6 5 105 0 50 214 200 211 237 151 10 0 59 14 5 17 ad206
425 445 446 411 345 470 360 327 235 297 320 348 480 480 407 460 480 480 55 35 34 49 135 10 96 129 221 140 136 108 0 0 73 0 0 0 ad201
381 330 424 430 437 407 336 255 278 316 265 335 440 440 440 422 366 440 59 110 16 10 3 33 84 165 142 104 155 85 0 0 0 18 74 0 m373
1532 1634 1674 1645 1569 1674 1471 1409 1429 1540 1280 1465 1518 1487 1430 1557 1609 1476 142 9 0 29 74 0 203 234 245 134 363 209 156 156 244 117 34 198 d54
571 621 621 644 626 621 561 452 512 494 530 482 530 615 620 632 636 609 73 0 0 0 18 0 111 196 136 178 142 166 114 6 1 12 8 12 j53
515 477 506 513 492 485 450 379 371 366 378 426 453 552 552 528 528 552 13 75 46 15 36 67 56 150 158 140 128 103 75 0 0 0 0 0 md444
592 562 655 647 651 637 408 425 443 509 504 549 585 651 682 682 651 682 90 89 27 35 0 45 252 205 217 151 126 111 97 0 0 0 0 0 md429
439 475 494 485 456 504 311 316 311 346 300 459 487 443 446 460 453 504 65 15 10 19 34 0 157 139 157 122 155 9 17 47 58 44 37 0 m461
373 357 357 371 368 357 292 306 314 305 340 254 333 283 261 275 298 306 1 0 0 3 6 0 82 51 43 69 34 103 41 74 96 99 76 51 md445
491 503 506 404 445 506 429 408 420 344 366 424 399 498 503 496 498 466 15 3 0 102 61 0 100 121 109 185 163 105 107 8 3 10 8 40 jt450
637 598 528 509 597 600 408 421 453 369 395 478 486 609 638 638 609 638 1 11 110 129 12 38 230 188 185 269 214 160 152 0 0 0 0 0 jt143
1059 1210 1176 1151 1120 1159 1065 1039 1031 1070 1026 1050 1218 1018 1218 1189 1218 1218 159 8 42 38 98 59 195 221 229 160 234 210 0 200 0 0 0 0 d438
549 670 660 657 674 660 549 511 565 522 594 557 574 680 660 660 673 660 111 10 0 3 6 0 144 203 128 171 120 136 86 0 0 0 7 0 j134
479 570 570 570 566 570 411 461 520 471 462 496 557 379 348 366 389 376 91 0 0 0 4 0 129 79 20 69 78 44 13 191 222 204 181 194 f449
511 421 499 472 466 512 378 342 358 333 333 345 421 333 407 440 399 428 1 75 13 40 30 0 102 123 122 147 132 135 91 163 105 72 97 84 s202
521 504 451 513 504 522 482 466 369 406 464 470 411 397 395 390 400 415 1 0 71 9 0 0 11 10 124 87 12 23 111 107 127 132 104 107 o81
1567 1559 1568 1568 1515 1568 1472 1437 1243 1409 1349 1436 1283 1380 1441 1454 1322 1346 1 9 0 0 53 0 152 187 381 215 275 188 285 188 127 114 246 222 n408
958 1080 1080 1048 1080 1080 761 712 757 713 811 801 1063 864 1080 1116 1049 1041 122 0 0 68 0 0 289 338 293 372 239 249 17 216 0 0 31 39 d5
246 261 252 237 287 241 216 251 242 228 248 256 226 320 300 300 320 300 54 59 48 63 33 59 84 69 58 72 72 44 74 0 0 0 0 0 jt141
511 512 512 430 504 512 434 461 464 438 341 434 456 377 376 406 416 437 1 0 0 82 8 0 110 83 80 106 203 110 56 135 136 106 96 75 n1
367 317 358 346 377 368 270 230 226 226 230 260 274 285 264 263 301 283 1 67 10 22 7 0 98 154 142 142 154 108 94 99 104 105 83 85 s242
645 663 663 646 606 663 433 531 496 529 450 493 512 531 492 469 509 510 1 0 0 0 40 0 175 93 128 79 158 131 134 132 171 177 137 153 n3
266 275 295 317 313 284 280 306 239 228 230 275 342 361 316 342 342 361 76 86 66 25 29 77 44 36 103 96 94 67 0 0 45 0 0 0 md251
475 476 460 469 421 468 342 271 257 256 251 268 449 330 353 410 352 352 1 0 16 7 55 8 134 205 219 220 225 208 27 146 123 66 124 124 n495
186 187 187 187 175 187 161 144 162 142 167 130 171 175 169 150 135 150 1 0 0 0 12 0 43 60 42 62 37 74 16 12 18 37 52 37 md350
1091 953 1051 1092 1092 1053 1061 712 823 815 824 857 914 827 1053 1092 1088 1053 1 100 2 0 0 0 3 314 203 249 240 169 178 226 0 0 4 0 j322
288 270 289 289 306 289 259 225 236 237 271 243 243 238 219 222 242 228 1 36 0 0 0 0 13 63 36 35 17 29 46 68 70 67 64 61 jd283
551 466 552 552 457 481 468 342 453 505 371 469 454 355 367 409 363 463 1 62 0 0 71 71 61 164 76 24 135 60 98 173 185 143 165 89 a35
820 797 880 900 789 797 756 678 624 732 690 689 880 880 761 900 880 880 60 83 0 0 91 83 168 246 300 213 234 235 0 0 119 0 0 0 d79
578 624 625 648 618 572 524 560 491 521 590 519 568 536 541 603 553 566 70 51 50 0 30 103 124 115 184 127 58 156 80 139 134 45 95 109 a400
1393 1205 1416 1470 1470 1505 1199 1195 1338 1247 1291 1321 1442 1415 1402 1278 1270 1276 77 300 89 0 0 0 271 310 167 223 179 184 28 90 103 192 200 229 m386
167 159 145 178 144 149 153 120 126 135 116 160 145 126 138 151 117 142 1 9 23 2 24 19 29 62 56 60 66 22 23 42 30 29 51 26 a350
1675 1820 1785 1680 1707 1785 1473 1372 1495 1554 1521 1516 1784 1616 1785 1785 1820 1785 110 0 0 105 113 0 363 500 341 282 351 320 1 204 0 0 0 0 d411
373 357 357 374 367 357 331 286 266 283 235 225 313 291 256 281 315 319 1 0 0 0 7 0 21 50 70 69 117 111 61 66 101 93 59 38 md22
566 576 576 525 569 576 389 375 360 375 386 369 478 457 503 509 445 407 10 0 0 51 7 0 151 165 180 165 154 171 98 119 73 67 131 169 n344
477 495 480 477 488 459 363 363 309 319 320 328 408 463 421 438 479 449 3 0 0 3 7 21 117 132 171 161 175 152 72 32 59 42 16 31 m367
134 167 168 168 180 168 118 123 100 100 133 129 120 125 117 118 134 143 34 13 0 0 0 0 36 42 54 54 32 25 48 55 51 50 46 25 jt256
971 999 852 972 999 972 1008 875 724 919 1021 801 857 845 825 752 808 776 1 0 120 0 0 0 0 161 284 89 15 207 115 154 147 220 191 196 a262
437 522 513 505 532 513 377 316 391 369 359 309 438 479 504 486 532 500 76 10 0 8 0 0 136 216 122 144 173 204 75 53 9 27 0 13 j241
540 582 568 534 464 565 441 373 301 373 400 401 572 489 567 572 572 598 32 16 30 38 108 33 109 202 274 177 150 174 0 109 31 0 0 0 ad338
431 401 456 456 358 436 344 328 372 281 272 372 435 392 384 413 419 432 25 55 0 0 98 20 93 109 65 156 165 65 21 64 72 43 37 24 ad313
2262 2185 2387 2366 2388 2268 2196 1913 1957 1879 1971 2005 2400 2230 2440 2400 2400 2440 138 255 53 34 12 172 204 527 483 521 429 435 0 210 0 0 0 0 j163
503 490 453 473 490 504 397 420 354 367 384 350 417 356 384 362 367 418 1 0 51 31 0 0 107 70 150 137 106 154 87 134 120 142 123 86 o194
587 560 514 575 572 589 523 523 486 505 442 465 493 446 447 417 498 477 21 29 75 33 36 0 117 97 134 135 198 155 115 143 142 191 110 112 o278
557 558 576 558 521 558 405 435 436 399 401 418 489 453 518 496 483 445 1 0 0 0 37 0 122 92 108 128 126 109 69 105 58 62 75 113 n227
344 322 357 325 357 325 241 264 257 248 273 258 297 365 368 368 368 368 24 46 11 43 11 43 127 104 111 120 95 110 71 3 0 0 0 0 j81
422 433 411 391 427 403 290 319 353 307 371 364 367 440 440 420 440 440 18 7 29 29 13 37 172 143 109 134 91 98 73 0 0 0 0 0 j254
405 390 366 349 359 336 359 333 311 362 313 353 420 405 420 420 377 420 15 15 54 71 46 84 89 99 137 86 119 95 0 0 0 0 28 0 m130
436 399 437 437 347 437 407 347 329 400 323 437 331 317 356 316 345 428 1 38 0 0 90 0 30 90 108 37 114 0 106 120 81 121 92 9 a76
838 775 840 833 819 820 714 810 735 837 822 890 801 945 945 945 945 945 107 170 105 112 126 125 258 162 237 135 150 82 144 0 0 0 0 0 j476
485 493 392 435 496 486 388 493 380 404 346 435 413 422 451 401 467 364 1 11 94 51 8 0 125 39 133 109 186 78 73 82 35 85 37 122 o285
512 463 581 549 490 531 533 520 332 457 365 416 608 589 575 603 548 585 96 126 27 59 99 77 75 69 276 151 224 192 0 0 33 5 41 23 m56
486 401 484 453 465 493 379 274 335 374 376 377 421 347 383 375 369 393 7 92 9 40 28 0 114 219 158 119 117 116 72 146 110 118 124 100 s136
1115 1073 1073 1116 1147 1116 1063 1004 952 1104 1015 1113 947 942 893 937 793 856 1 74 43 0 0 0 53 143 164 12 132 3 169 205 223 179 354 260 s31
170 162 176 144 177 146 107 110 133 128 147 143 164 177 180 169 180 173 10 18 4 27 3 34 93 90 67 62 53 57 16 3 0 2 0 7 md293
230 231 231 231 215 231 164 146 158 149 185 176 213 213 177 163 172 185 1 0 0 0 16 0 67 85 73 82 46 55 18 18 54 68 59 46 md188
593 555 585 577 551 594 552 479 497 559 425 568 528 395 433 521 393 476 1 21 9 17 25 0 75 129 130 68 183 59 66 181 161 73 183 118 s152
881 845 832 893 796 851 707 653 694 722 642 635 847 838 854 892 790 809 12 48 61 0 97 42 139 193 152 124 204 211 46 55 39 1 103 84 n26
306 298 298 333 341 320 360 304 260 297 251 313 392 378 392 392 347 392 86 80 94 59 37 72 32 74 132 95 127 79 0 0 0 0 31 0 m391
749 750 780 747 562 731 531 519 421 446 481 476 717 704 618 722 703 721 1 0 0 3 188 19 194 206 333 279 244 249 33 46 162 28 47 29 ad329
406 450 423 430 323 396 288 273 214 251 225 288 437 456 355 437 456 437 31 6 14 7 133 41 126 159 200 163 207 126 0 0 82 0 0 0 ad371
425 442 462 395 386 462 393 301 393 347 318 316 422 374 462 440 440 462 15 20 0 45 54 0 67 182 90 113 142 167 18 88 0 0 0 0 jd40
653 792 792 768 732 731 575 554 501 529 506 498 762 705 744 749 747 792 115 0 0 0 36 61 161 205 258 207 230 261 6 87 48 19 21 0 d313
479 397 419 475 429 480 402 367 397 406 278 416 381 342 390 430 396 372 1 68 61 5 36 0 78 98 83 74 187 64 99 123 90 50 69 108 s397
393 504 509 492 502 512 400 439 319 297 380 374 452 414 468 409 415 410 119 8 3 4 10 0 112 73 193 199 132 138 60 98 44 87 97 102 f214
1160 1323 1295 1234 1256 1295 1081 1129 1149 1210 1115 1144 1226 1247 1134 1242 1260 1235 135 7 0 61 74 0 251 239 183 122 253 188 69 83 161 53 70 60 d490
302 390 375 333 390 375 304 282 305 264 266 267 322 390 375 375 384 374 73 0 0 42 0 0 96 134 95 136 150 133 53 0 0 0 6 1 jd390
178 170 192 204 169 192 189 138 152 162 121 144 162 157 165 165 146 138 14 22 0 0 23 0 3 54 40 42 71 48 30 35 27 39 46 54 jd259
859 879 856 901 913 856 718 827 831 819 824 841 834 986 957 957 986 957 98 107 101 56 73 101 206 125 93 105 128 83 123 0 0 0 0 0 j149
764 720 724 674 768 686 759 558 570 611 646 579 672 697 744 768 768 744 4 24 20 94 0 58 9 186 174 157 122 165 96 47 0 0 0 0 jd175
343 352 368 308 352 332 264 245 292 231 264 241 299 352 368 368 352 368 25 0 0 60 0 36 104 107 76 137 88 127 69 0 0 0 0 0 jd83
148 131 147 177 166 162 181 154 126 147 147 148 208 195 195 208 175 195 60 64 48 31 42 33 11 26 54 45 45 32 0 0 0 0 33 0 m256
504 557 510 516 594 594 470 373 426 327 456 478 508 350 390 394 456 544 90 37 62 78 0 0 97 194 120 240 111 89 86 244 182 200 138 50 o292
1671 1634 1634 1672 1502 1634 1306 1232 1322 1363 1336 1403 1626 1526 1422 1597 1623 1612 1 0 0 0 170 0 322 359 269 265 292 188 46 108 212 75 49 22 ad388
687 680 700 700 627 700 501 575 588 620 490 526 446 497 491 463 505 495 13 0 0 0 53 0 164 71 77 45 156 139 254 183 209 237 175 205 d182
513 544 525 523 526 525 395 351 311 325 346 328 467 529 514 520 546 525 12 2 0 2 20 0 105 169 189 175 174 172 58 17 11 5 0 0 f50
452 527 540 522 487 520 330 407 459 440 435 373 492 412 475 427 454 452 76 1 4 6 41 8 231 154 119 121 126 188 36 116 69 101 74 76 n431
1044 977 1148 974 1000 989 1016 786 968 939 973 934 1152 986 1152 1188 1152 1152 108 175 4 214 152 163 104 334 152 216 147 186 0 166 0 0 0 0 jt400
671 651 618 646 651 672 551 590 514 532 591 612 574 560 540 514 547 537 1 0 54 26 0 0 89 30 126 108 29 28 98 91 132 158 104 135 o18
539 575 497 464 575 575 477 415 446 371 364 576 447 575 598 575 575 575 36 0 101 111 0 0 123 185 178 229 236 24 128 0 0 0 0 0 jt76
323 301 324 342 322 236 281 227 294 252 299 231 269 243 229 238 285 261 1 23 0 0 2 88 43 97 30 90 25 93 55 81 95 104 39 63 a313
579 457 501 504 486 539 613 427 434 509 448 480 504 570 588 609 560 588 9 131 87 105 102 49 3 189 182 129 168 136 84 18 0 0 28 0 m444
911 888 797 792 912 888 793 786 550 741 865 824 603 688 622 644 650 607 1 0 91 120 0 0 119 102 338 171 47 64 309 200 266 268 262 281 o331
325 313 334 348 323 336 205 186 219 210 201 236 266 256 281 327 278 263 11 23 2 0 13 0 131 150 117 138 135 100 70 80 55 21 58 73 s383
500 522 540 540 540 540 419 367 433 441 433 438 436 431 462 463 439 428 40 18 0 0 0 0 121 173 107 99 107 102 104 109 78 77 101 112 s102
476 445 464 481 394 389 294 300 243 285 276 276 425 389 384 421 389 424 5 36 4 0 87 92 150 144 189 159 168 168 56 92 84 60 92 57 n368
926 940 950 925 818 950 654 653 717 728 644 724 950 905 841 925 950 950 24 10 0 0 132 0 258 259 195 160 268 188 0 45 109 0 0 0 d173
467 468 448 435 468 468 345 427 398 378 364 386 383 371 359 385 393 379 1 0 20 20 0 0 159 77 106 112 140 118 85 97 109 70 75 89 o246
965 943 943 966 909 941 899 819 773 839 730 846 819 829 808 924 836 810 1 0 0 0 57 2 109 165 211 169 278 138 147 114 135 42 130 133 n28
1878 1880 1880 1927 1653 1805 1544 1730 1482 1652 1555 1641 1880 1880 1744 1927 1880 1880 2 0 0 0 227 75 296 110 358 234 285 199 0 0 136 0 0 0 ad448
815 762 748 816 790 792 722 727 674 784 663 676 706 659 630 657 626 654 1 30 44 0 26 0 128 98 151 66 187 149 110 133 162 159 190 138 s11
632 615 644 519 621 644 525 510 501 451 506 513 540 562 634 644 644 624 12 29 0 125 23 0 142 157 166 216 161 154 104 82 10 0 0 20 jd413
269 255 270 270 216 212 179 161 174 112 158 176 254 189 215 241 255 270 1 0 0 0 39 58 73 77 78 140 80 76 16 66 55 29 0 0 md1
687 564 678 661 657 703 610 603 711 608 563 666 595 514 534 605 589 572 16 120 25 42 27 0 130 117 29 132 157 74 108 170 169 98 95 131 s207
703 704 704 704 598 701 529 506 457 525 577 524 704 618 632 704 704 704 1 0 0 0 106 3 153 176 225 157 105 158 0 86 72 0 0 0 ad22
624 665 635 556 607 609 522 480 472 420 501 561 604 564 638 667 667 667 43 2 3 111 60 58 145 187 166 247 166 106 63 103 0 0 0 0 jd192
602 608 624 598 477 570 526 439 426 390 402 436 624 624 494 579 624 624 22 16 0 0 147 54 98 185 198 208 222 188 0 0 130 19 0 0 ad445
367 368 384 363 357 368 321 285 306 319 281 268 289 325 322 288 315 311 1 0 0 5 11 0 24 60 54 26 64 77 79 43 62 80 53 57 md447
374 401 420 405 364 405 271 285 265 294 194 343 334 332 326 359 317 360 31 4 0 0 41 0 134 120 155 111 211 62 71 73 94 46 88 45 s395
431 432 316 392 432 432 305 364 316 319 403 359 350 333 306 279 326 332 1 0 116 22 0 0 151 92 140 118 53 97 82 99 126 135 106 100 o241
374 380 440 444 432 475 352 318 301 303 280 315 470 393 439 413 403 364 101 76 35 31 24 0 98 114 149 147 152 135 5 63 36 62 53 111 ad341
414 359 360 358 405 361 413 332 364 289 325 332 373 418 361 399 418 418 4 59 58 41 13 57 27 108 76 131 115 108 45 0 57 0 0 0 md425
764 800 806 819 808 804 636 521 579 501 618 554 766 814 814 836 836 814 72 14 8 17 28 10 162 256 198 297 180 223 70 0 0 0 0 0 f175
247 250 250 241 260 250 185 181 204 167 201 230 232 196 207 250 225 198 13 0 0 19 0 0 101 94 71 119 85 45 28 54 43 10 35 52 n235
193 225 216 195 225 225 189 148 133 149 169 137 213 225 216 225 225 225 32 0 0 30 0 0 61 102 107 101 81 113 12 0 0 0 0 0 md177
344 368 345 332 237 343 210 162 149 184 234 204 345 306 306 345 368 340 1 0 0 13 131 2 135 206 196 161 134 141 0 62 39 0 0 5 ad119
279 303 292 292 314 296 277 218 223 230 292 249 352 368 352 352 333 352 73 65 60 60 54 56 53 127 107 100 53 81 0 0 0 0 35 0 m33
458 561 578 565 548 578 435 418 396 416 415 496 508 412 406 485 405 410 120 0 0 13 13 0 143 143 182 162 146 82 70 149 172 93 156 168 n364
1024 1144 1144 1170 1144 1144 853 1128 1123 1095 1118 1188 875 1008 1008 1052 950 973 120 0 0 0 0 0 335 60 65 120 70 0 269 136 136 118 194 171 d498
1077 1054 1148 1176 1171 1176 1006 1055 1014 1225 1074 1225 1041 851 946 1029 923 986 99 122 4 0 5 0 219 170 186 0 151 0 135 325 206 147 253 190 s27
585 650 650 668 649 650 528 581 502 593 620 561 555 580 563 546 610 583 65 0 0 7 1 0 148 95 174 109 56 115 95 70 87 129 40 67 md78
683 665 684 684 567 684 592 524 609 644 517 615 610 506 521 533 511 549 1 0 0 0 98 0 128 176 111 76 183 105 74 159 163 151 154 135 n136
995 1148 1120 1120 1148 1120 943 980 919 1050 971 1070 871 1026 1000 972 1024 992 125 0 0 0 0 0 137 127 161 30 136 10 249 122 120 148 124 128 s489
349 391 425 425 425 425 322 358 362 346 366 358 389 348 308 322 370 387 76 34 0 0 0 0 103 67 63 79 59 67 36 77 117 103 55 38 f4
1011 1097 1086 968 1042 1099 967 1059 1181 1100 1117 1118 1015 1224 1254 1216 1216 1254 205 157 168 248 174 155 217 162 40 84 67 103 201 30 0 0 0 0 j444
351 420 407 435 404 420 331 375 351 441 281 323 399 329 312 336 357 366 69 0 13 0 16 0 117 73 97 23 167 125 21 91 108 99 63 54 o223
403 418 412 346 328 394 329 253 279 256 290 292 380 368 420 399 420 420 17 2 8 53 92 26 111 187 161 162 150 148 40 52 0 0 0 0 jd196
322 358 414 391 405 414 336 290 298 265 287 396 377 360 373 328 337 329 92 56 0 0 9 0 60 106 98 109 109 0 37 54 41 63 77 85 ad61
416 444 450 316 442 412 271 285 298 271 296 337 331 450 450 425 450 450 34 6 0 109 8 38 161 147 134 137 136 95 119 0 0 0 0 0 jd242
582 647 619 588 464 624 534 523 458 503 512 503 624 648 504 624 648 624 42 1 5 36 184 0 116 152 192 147 163 147 0 0 120 0 0 0 ad39
251 263 281 261 262 246 289 231 216 241 230 222 299 286 299 299 274 299 48 23 18 38 24 53 33 77 106 81 78 100 0 0 0 0 12 0 m465
505 506 506 458 460 506 388 383 402 388 367 385 409 506 506 506 506 506 1 0 0 48 46 0 141 146 127 141 162 144 97 0 0 0 0 0 jd336
449 431 418 420 435 450 347 379 360 325 356 393 345 328 358 328 355 349 1 4 32 30 0 0 103 56 90 125 79 57 105 107 92 122 80 101 o188
302 306 236 306 306 249 246 218 188 257 294 197 238 223 224 261 239 262 4 0 70 0 0 57 60 88 118 49 12 109 68 83 82 45 67 44 a434
307 283 308 294 297 308 230 190 227 216 185 233 259 251 261 274 251 272 1 14 0 14 0 0 50 80 53 64 85 47 49 46 47 34 46 36 s232
678 697 620 728 754 684 531 528 519 580 732 607 524 603 622 675 625 614 50 57 108 0 0 44 197 226 209 148 22 121 204 151 106 53 129 114 a286
728 668 729 642 736 729 681 622 662 642 702 756 557 639 583 586 478 550 1 88 0 87 20 0 75 162 94 114 82 0 172 117 146 143 278 179 s466
643 644 644 617 513 644 550 510 578 515 499 534 551 440 520 464 478 494 1 0 0 4 131 0 122 162 94 133 173 138 93 204 124 157 166 150 md171
560 490 466 554 512 561 437 361 484 478 384 526 454 409 372 450 393 420 1 54 95 7 32 0 124 183 77 83 160 35 107 135 189 111 151 141 s165
649 553 596 650 612 521 554 483 455 469 448 496 516 483 466 510 441 511 1 97 28 0 38 129 71 142 145 156 177 129 134 167 158 140 209 139 a171
682 737 756 714 744 738 546 505 560 501 601 478 655 756 756 735 756 756 74 19 0 21 12 18 174 215 160 199 119 242 101 0 0 0 0 0 j284
657 703 780 760 717 780 716 722 616 705 582 700 727 663 661 676 629 627 103 77 0 0 43 0 82 97 203 93 216 119 33 117 119 84 131 153 n6
1056 1134 1060 1150 945 1140 742 710 859 908 774 765 1140 1022 1140 1159 1140 1114 84 6 80 9 195 0 398 430 281 251 366 375 0 118 0 0 0 26 d105
526 477 544 517 526 527 456 398 412 446 386 456 450 446 474 475 415 450 1 50 0 10 1 0 102 160 164 112 172 102 77 81 70 52 112 77 s307
795 924 769 844 936 936 803 945 821 801 897 947 809 776 737 735 791 731 141 12 167 92 0 0 172 30 154 174 78 28 127 160 199 201 145 205 o60
287 288 272 306 288 236 219 229 178 225 260 216 234 212 232 214 253 263 1 0 16 0 0 52 69 59 110 81 28 72 54 76 56 92 35 25 a218
385 378 378 393 396 378 388 214 279 298 315 290 342 343 378 396 396 378 11 0 0 3 0 0 8 164 99 98 81 88 54 35 0 0 0 0 j45
680 738 756 713 738 738 569 486 686 676 574 609 521 583 542 613 531 581 58 0 0 25 0 0 169 252 70 62 164 129 217 155 214 125 207 157 d428
519 520 520 507 495 520 434 443 404 447 361 342 437 424 379 411 400 407 1 0 0 0 25 0 86 77 116 60 159 178 83 96 141 96 120 113 n467
304 307 352 352 344 352 197 248 250 242 249 261 293 272 275 239 256 276 48 45 0 0 8 0 133 82 80 88 81 69 59 80 77 113 96 76 md118
747 714 587 568 748 714 598 620 549 448 626 605 594 602 650 660 732 653 1 0 127 180 0 0 128 73 144 278 100 88 154 112 64 88 16 61 jt413
489 478 528 489 433 504 391 374 402 376 354 371 384 462 528 504 504 504 15 26 0 15 71 0 113 130 126 128 150 133 120 42 0 0 0 0 jd135
604 665 670 699 609 676 486 584 530 595 475 531 528 676 676 702 676 676 72 11 6 3 67 0 190 92 146 107 201 145 148 0 0 0 0 0 jd428
1553 1680 1680 1569 1680 1680 1376 1359 1390 1373 1361 1364 1680 1448 1673 1722 1680 1680 127 0 0 153 0 0 304 321 290 349 319 316 0 232 7 0 0 0 d494
269 288 283 279 278 271 284 253 248 257 250 236 336 336 336 324 306 336 67 48 53 57 58 65 76 107 112 103 110 124 0 0 0 12 30 0 m336
503 504 504 504 449 495 328 275 342 336 282 275 460 415 418 426 443 429 1 0 0 0 55 9 140 193 126 132 186 193 44 89 86 78 61 75 n168
606 599 572 556 612 630 388 439 434 315 430 435 537 517 569 544 526 508 24 13 58 74 0 0 207 139 161 280 148 160 93 95 61 86 86 122 o47
233 287 281 256 263 253 224 201 198 220 211 214 226 291 285 285 300 285 52 13 4 29 37 32 61 99 87 65 89 71 59 9 0 0 0 0 jd248
411 365 356 388 407 374 356 382 302 337 296 393 486 486 436 486 410 453 75 121 112 98 79 112 130 104 166 149 190 93 0 0 32 0 76 33 m423
910 994 1024 860 848 959 904 814 809 789 718 805 954 912 1024 992 1024 1024 114 30 0 132 176 65 88 178 183 172 274 187 70 112 0 0 0 0 jt78
247 285 272 278 279 259 214 216 250 264 244 248 300 243 302 300 300 315 53 30 43 22 21 56 86 99 65 36 56 67 0 72 13 0 0 0 ad462
431 450 354 391 375 450 309 322 267 319 284 414 330 362 338 301 326 340 1 0 96 41 57 0 123 128 183 113 148 36 102 88 112 131 106 110 o427
399 416 400 360 379 370 339 264 299 306 284 274 335 369 400 400 420 400 1 4 0 40 41 30 61 156 101 94 136 126 65 51 0 0 0 0 jd129
319 296 378 399 318 307 345 251 182 271 272 359 396 391 374 399 360 399 80 103 2 0 81 92 54 148 198 128 127 40 3 8 6 0 39 0 m10
349 321 364 350 344 291 268 215 260 245 282 238 284 302 306 313 297 280 1 29 0 0 6 59 57 110 78 80 43 87 66 48 58 37 53 70 a246
592 593 594 570 545 620 481 505 632 573 554 539 550 625 650 650 625 650 58 32 56 80 80 30 195 145 44 103 96 137 100 0 0 0 0 0 j285
558 616 646 627 629 646 490 589 523 512 506 515 571 480 511 463 513 485 88 30 0 0 17 0 156 57 123 115 140 131 75 166 135 164 133 161 f186
705 803 750 643 821 796 712 702 662 665 705 730 747 868 837 837 868 837 132 65 87 194 47 41 125 166 175 172 163 107 90 0 0 0 0 0 jt197
524 448 505 477 431 451 452 289 319 339 384 370 419 466 527 527 510 527 3 62 22 50 79 76 44 191 177 157 96 126 108 44 0 0 0 0 j457
467 402 377 399 397 388 418 363 336 337 339 365 504 486 486 504 409 486 37 84 109 105 107 98 58 96 123 139 137 94 0 0 0 0 95 0 m192
357 426 414 416 391 429 298 339 311 236 239 358 349 357 364 353 356 354 59 3 15 0 25 0 150 123 151 212 209 104 67 72 65 63 60 75 n151
293 275 246 294 280 271 250 248 190 187 262 202 237 236 219 285 220 214 1 19 34 0 14 23 44 46 90 107 32 92 57 58 61 9 74 80 a229
222 225 225 222 183 215 179 143 139 145 148 173 184 201 127 163 220 225 3 0 0 3 42 10 46 82 86 80 77 52 41 24 98 62 5 0 md218
339 323 340 340 312 340 283 238 241 219 263 202 335 258 273 235 198 250 1 0 0 0 11 0 57 85 99 121 60 138 5 65 67 105 125 90 md269
413 396 352 387 378 414 344 379 350 300 337 370 364 303 322 317 299 346 1 0 62 27 18 0 70 17 64 114 59 44 50 93 92 97 97 68 jt365
425 445 408 451 422 466 472 442 380 376 348 512 544 544 544 482 544 544 119 99 136 76 122 78 40 70 132 120 164 0 0 0 0 45 0 0 m212
572 502 600 561 445 560 464 383 349 352 407 417 559 547 527 575 571 575 3 73 0 14 130 15 88 169 227 200 145 135 16 28 73 0 4 0 ad485
324 325 338 325 317 325 247 228 247 239 239 227 284 291 271 262 299 264 1 0 0 0 8 0 53 72 65 61 61 73 41 34 67 63 26 61 md298
429 432 423 388 331 304 377 327 290 313 319 342 437 430 427 446 395 448 19 0 25 60 101 144 99 132 186 163 140 134 11 2 21 2 37 0 m372
594 497 570 545 595 595 446 335 393 380 394 387 502 419 467 456 439 477 1 98 8 50 0 0 114 225 151 180 166 173 93 176 111 139 156 118 s345
401 417 425 442 442 409 354 340 337 352 309 350 395 347 402 403 411 383 41 8 0 0 0 16 88 85 88 90 133 75 47 78 23 39 31 42 j252
191 192 192 190 171 178 161 128 144 95 108 111 181 178 184 189 192 190 1 0 0 2 21 14 47 80 64 113 100 97 11 14 8 3 0 2 md424
679 663 663 680 634 663 537 465 506 509 460 517 617 540 511 575 525 517 1 0 0 0 46 0 103 159 118 131 180 107 63 123 152 105 155 146 n391
1100 1067 1136 1151 1069 1170 757 748 761 793 739 862 1170 943 1170 1170 1141 1166 70 77 34 19 75 0 368 352 364 332 361 263 0 201 0 0 3 4 d14
904 948 884 944 890 944 745 846 800 737 810 851 906 880 856 923 839 797 56 12 76 0 70 16 275 174 220 266 210 169 54 80 104 21 121 163 n117
392 368 393 344 363 374 274 254 271 234 305 298 345 374 432 432 432 432 40 64 39 88 69 58 134 154 137 174 103 110 87 58 0 0 0 0 j138
414 434 411 420 441 327 420 362 302 350 420 275 309 305 301 346 325 362 6 7 9 0 0 93 0 79 118 70 21 145 111 136 119 74 116 58 a231
882 983 928 638 828 945 702 655 801 635 737 702 816 842 945 945 990 945 63 7 17 307 162 0 222 313 123 289 231 222 129 148 0 0 0 0 jt71
491 610 570 552 603 604 544 403 410 399 418 444 616 616 616 594 616 614 125 6 46 42 13 12 44 185 178 168 170 144 0 0 0 0 0 2 f229
613 718 720 672 685 720 419 437 469 477 448 407 720 653 688 720 720 720 107 2 0 48 35 0 301 283 251 243 272 313 0 67 32 0 0 0 d453
647 678 711 589 589 664 600 636 626 608 609 627 632 754 754 725 754 754 107 76 43 136 165 90 128 92 102 92 119 101 122 0 0 0 0 0 jt29
528 506 529 529 407 529 412 372 430 440 323 474 529 444 465 495 489 529 1 0 0 0 99 0 140 156 122 112 205 78 0 62 64 34 17 0 ad230
526 527 510 527 459 527 470 460 472 536 431 482 471 373 408 386 394 434 1 0 0 0 68 0 88 98 68 22 127 76 56 154 102 141 133 93 n21
212 242 240 255 212 261 203 167 124 154 132 198 266 270 206 277 288 271 68 52 40 25 82 19 77 127 156 126 162 82 14 24 74 3 6 9 ad236
207 221 206 198 221 208 167 164 114 182 183 219 191 193 182 179 180 208 1 0 2 10 0 0 57 74 110 42 55 5 17 28 26 29 41 0 md225
479 486 438 383 467 486 327 387 364 345 400 346 368 486 486 486 486 486 7 0 48 103 19 0 159 99 122 141 86 140 118 0 0 0 0 0 jt130
519 520 520 417 418 520 434 322 399 372 361 386 500 426 520 500 520 520 1 0 0 83 102 0 86 198 121 128 159 134 20 94 0 0 0 0 jt195
754 788 864 803 747 775 649 575 672 513 618 633 650 837 864 837 837 837 83 49 0 34 90 62 219 293 224 355 250 235 187 0 0 0 0 0 j329
499 480 400 500 480 441 504 496 374 498 493 401 391 385 388 392 355 412 1 0 100 0 0 59 21 8 151 27 11 124 109 95 112 108 125 88 a478
650 777 777 756 710 777 581 627 542 598 554 631 663 640 672 638 678 664 106 0 0 0 46 0 139 113 198 122 166 109 93 137 105 118 78 113 f100
195 176 147 196 163 179 183 122 117 175 137 175 164 124 121 132 125 173 1 6 49 0 19 17 27 73 93 35 58 35 32 58 75 64 57 23 a219
1056 1163 1237 1242 1065 1197 1027 941 862 1035 915 994 1182 1215 1044 1242 1215 1242 186 52 5 0 150 45 261 319 426 253 345 294 60 0 198 0 0 0 d419
942 927 943 941 890 943 791 678 709 851 732 781 812 643 777 763 811 770 1 39 0 2 76 0 152 288 234 92 234 162 131 323 166 180 155 173 n126
438 444 449 457 422 456 352 307 261 310 319 284 456 456 379 475 456 456 18 12 7 18 34 0 128 173 219 190 161 196 0 0 77 0 0 0 ad274
421 506 506 484 439 506 297 468 349 339 292 372 443 488 374 483 463 471 63 0 0 0 45 0 209 61 180 167 214 157 41 18 132 1 21 35 d380
583 627 608 608 612 608 429 528 459 503 479 500 503 407 419 394 438 443 25 0 0 0 15 0 179 99 149 105 148 108 105 220 189 214 189 165 f181
621 660 704 621 636 681 535 580 625 568 627 593 528 713 713 682 682 713 61 53 9 61 46 32 169 156 111 136 77 143 154 0 0 0 0 0 j33
559 552 580 513 542 580 464 423 449 379 420 476 464 415 438 462 427 460 1 28 0 47 18 0 96 157 131 181 140 104 96 165 142 98 133 120 s150
571 572 554 450 572 572 438 447 459 426 415 425 463 550 572 594 572 572 1 0 18 144 0 0 160 151 139 195 183 173 109 22 0 0 0 0 jt284
1053 1102 1102 1102 1003 1102 799 743 867 897 763 888 1080 910 1100 1099 1051 1089 49 0 0 0 99 0 303 359 235 205 339 214 22 192 2 3 51 13 d439
567 539 621 645 540 559 589 419 461 479 506 514 596 542 621 648 648 621 81 82 0 3 108 62 35 179 137 145 118 84 52 79 0 0 0 0 jd10
493 513 494 489 425 456 314 271 283 272 269 342 460 451 342 432 465 435 1 0 0 5 88 38 154 215 185 196 217 126 34 62 152 62 48 59 ad359
251 229 241 238 224 228 220 153 206 197 207 245 209 191 220 195 198 196 1 23 11 0 28 24 50 117 64 58 63 25 43 61 32 43 54 56 a201
260 259 264 275 262 275 208 192 198 199 173 188 223 254 253 258 253 185 15 16 0 0 13 0 67 83 66 76 102 87 52 21 11 17 22 90 s384
527 550 528 528 482 528 385 318 220 270 323 256 528 550 400 519 540 528 1 0 0 0 68 0 119 207 284 234 202 248 0 0 128 9 10 0 ad264
820 979 836 900 949 955 884 762 828 856 858 799 912 946 1008 1008 1008 1008 188 29 172 108 59 53 124 246 180 152 150 209 96 62 0 0 0 0 jt487
395 396 319 407 375 396 317 280 309 355 289 278 322 302 297 302 315 334 1 0 77 0 21 0 79 116 87 52 107 118 74 94 99 105 81 62 o312
674 690 806 806 796 806 668 534 651 555 636 681 734 751 754 769 773 719 132 116 0 0 10 0 138 272 155 251 170 125 72 55 52 37 33 87 f172
615 455 616 499 588 616 567 444 545 395 479 520 529 473 536 497 516 487 1 133 0 117 0 0 71 165 93 243 130 118 87 115 80 119 72 129 jt295
421 444 399 405 445 437 321 353 313 355 399 377 365 368 373 312 345 349 16 12 38 32 11 0 93 79 101 59 33 37 72 88 64 125 111 88 o398
380 310 351 370 284 344 322 178 229 256 289 266 380 328 400 400 384 400 20 74 49 30 100 56 53 182 146 119 71 109 20 56 0 0 0 0 j343
1983 1984 1984 1977 1853 1984 1897 1843 1753 1978 1641 1903 1784 1526 1741 1673 1722 1695 1 0 0 7 131 0 151 205 295 70 407 145 200 458 243 311 262 289 n176
400 464 425 430 445 442 453 290 383 324 413 371 445 441 480 480 500 480 80 36 55 50 55 38 51 235 121 180 112 133 35 59 0 0 0 0 j41
519 579 541 532 524 568 429 433 474 486 469 428 539 608 608 627 608 608 89 29 67 95 84 40 147 143 102 108 107 148 69 0 0 0 0 0 f450
407 390 422 388 406 407 253 252 262 256 248 270 328 425 425 408 408 425 1 35 3 20 2 18 131 148 138 128 136 130 80 0 0 0 0 0 j302
759 645 655 760 741 740 650 506 587 631 610 605 627 562 584 607 630 587 1 95 85 0 19 0 72 197 116 91 112 98 133 178 156 153 130 153 s76
343 309 373 400 382 400 365 212 231 252 220 354 331 344 357 325 306 317 57 75 27 0 2 0 10 148 144 123 140 21 69 40 43 75 78 83 j395
1007 1032 1006 1008 931 1008 786 770 811 801 698 835 833 784 704 682 798 738 1 0 2 0 101 0 222 262 197 207 334 173 175 248 304 326 234 270 n171
629 729 800 758 792 773 655 445 541 470 556 539 690 765 800 800 825 800 171 96 0 42 33 27 113 347 227 298 236 229 110 60 0 0 0 0 j385
467 450 468 421 450 468 468 433 465 407 416 437 385 327 342 346 351 342 1 0 0 47 0 0 0 17 3 61 34 31 83 123 126 122 99 126 n324
1287 1394 1360 1212 1394 1360 1117 1314 1186 1116 1174 1195 1229 1127 1275 1270 1325 1272 73 0 0 148 0 0 283 121 214 284 261 205 131 267 85 90 69 88 d153
479 438 421 480 404 435 376 389 299 398 387 425 386 342 343 375 350 380 1 22 39 0 76 25 104 71 161 82 93 35 94 118 117 105 130 80 a100
430 455 440 440 452 333 404 348 415 402 358 333 318 279 325 354 410 391 10 7 0 0 10 107 16 93 5 18 83 87 122 183 115 86 52 49 a439
660 746 740 740 721 740 601 598 494 584 559 588 601 610 574 537 583 552 80 14 0 0 39 0 176 200 283 193 239 189 139 150 166 203 177 188 n220
615 504 613 571 630 616 430 441 459 455 508 405 554 505 515 442 490 524 1 126 3 45 0 0 142 144 113 117 77 167 62 125 101 174 140 92 s305
405 419 439 398 403 396 326 354 327 364 346 364 369 442 442 425 442 442 37 23 3 27 39 46 142 114 141 86 122 104 73 0 0 0 0 0 jd102
728 681 669 671 702 729 679 623 618 527 648 662 498 535 591 498 575 536 1 21 60 58 0 0 50 79 111 202 54 67 231 167 138 231 127 193 o355
655 690 690 627 647 602 565 532 614 588 529 557 545 690 690 667 690 690 35 0 0 40 43 88 155 188 106 108 191 163 145 0 0 0 0 0 jd198
288 315 320 304 320 308 257 259 237 241 252 236 269 263 249 227 265 265 32 5 0 0 0 12 63 61 83 63 68 84 51 57 71 77 55 55 jt252
737 814 814 712 774 814 584 646 527 579 583 663 792 785 724 792 792 814 55 0 0 80 18 0 208 168 287 213 209 151 0 29 90 0 0 0 d130
415 460 360 378 460 460 325 260 284 304 374 350 397 392 441 392 429 424 45 0 100 59 0 0 115 180 156 114 66 90 63 68 19 45 31 36 jt437
959 817 930 960 818 922 866 774 673 727 726 743 960 930 807 929 960 930 1 113 0 0 142 8 126 187 288 265 266 218 0 0 123 31 0 0 ad214
362 302 378 392 414 400 389 398 365 308 343 323 448 432 432 448 411 432 86 130 54 56 34 32 87 61 94 168 133 136 0 0 0 0 37 0 m109
655 606 581 608 623 604 516 506 509 450 586 507 589 675 675 702 702 675 47 69 94 94 79 71 160 144 141 226 90 143 113 0 0 0 0 0 j470
152 152 146 146 127 133 120 85 80 91 45 91 147 137 139 114 102 148 1 1 7 7 26 20 50 85 90 79 125 79 6 16 14 39 51 5 md138
1215 1325 1334 1380 1350 1380 1314 1191 1142 1397 1253 1380 1241 1187 1237 1070 1083 1119 165 25 46 0 0 0 112 204 284 29 142 46 139 163 143 310 267 261 s426
432 433 458 435 331 429 331 263 230 260 310 286 437 381 401 437 437 437 5 4 2 2 106 8 87 155 210 158 108 132 0 56 59 0 0 0 ad110
738 713 774 738 748 784 710 719 773 636 585 698 749 775 802 725 768 730 108 133 72 108 98 62 136 127 73 210 261 148 97 71 44 121 78 116 o442
423 410 418 442 394 425 306 309 282 318 360 309 442 425 351 442 442 425 19 15 7 0 48 0 162 141 168 150 108 141 0 0 74 0 0 0 ad314
541 592 600 555 600 600 363 357 397 402 442 403 544 507 451 501 461 487 59 8 0 30 0 0 197 203 163 144 118 157 56 93 149 84 139 113 d194
938 1110 1110 1078 1078 1110 772 933 855 891 923 939 1000 1110 1110 1080 1080 1110 142 0 0 2 2 0 308 177 255 189 157 171 80 0 0 0 0 0 f70
308 375 399 382 354 354 251 188 282 243 218 251 399 399 391 399 364 399 91 24 0 17 45 45 148 211 117 156 181 148 0 0 8 0 35 0 m181
1099 1170 1109 966 1120 1108 923 914 908 893 900 921 939 1170 1125 1125 1170 1125 26 0 16 159 50 17 202 256 217 232 270 204 186 0 0 0 0 0 jd476
971 945 972 972 834 972 851 798 823 852 719 829 839 630 749 819 744 706 1 0 0 0 111 0 121 147 149 120 226 143 133 315 223 153 201 266 n469
667 614 783 783 693 672 621 550 674 680 601 627 718 702 775 777 750 783 116 140 0 0 61 111 162 204 109 103 153 156 65 52 8 6 4 0 a78
797 767 740 692 798 798 640 586 577 539 574 679 612 629 634 603 672 748 1 31 58 87 0 0 116 170 179 199 182 77 186 169 164 176 126 50 o222
350 416 410 432 410 399 239 289 254 254 255 281 361 416 416 432 416 416 66 0 6 0 6 17 203 153 188 205 187 161 55 0 0 0 0 0 f287
1112 1113 1092 1056 1047 1113 880 856 816 911 820 855 920 959 1047 1036 1017 999 1 0 0 57 66 0 180 204 224 149 240 205 193 154 45 77 96 114 n78
311 306 259 288 300 286 353 345 306 346 347 337 374 391 374 374 361 374 63 85 115 86 91 88 21 46 68 28 44 37 0 0 0 0 30 0 m302
474 483 506 483 443 447 364 368 363 318 247 345 403 416 403 457 472 458 9 0 0 0 40 36 98 94 121 144 215 117 80 67 103 26 11 25 md469
356 357 336 357 357 353 337 332 324 352 337 323 311 309 256 264 299 305 1 0 0 0 0 4 20 25 12 5 20 34 46 48 80 93 58 52 m235
763 814 811 734 811 828 657 519 579 546 639 672 746 825 665 766 796 769 65 14 17 71 17 0 171 309 249 259 189 156 82 3 163 39 32 59 d34
1243 1216 1248 1248 1148 1248 1024 956 1087 1045 959 1056 1160 1216 1248 1248 1216 1248 5 0 0 0 68 0 263 298 200 242 295 231 88 0 0 0 0 0 n203
406 423 466 446 450 450 348 343 297 351 361 343 359 349 347 349 318 348 44 27 2 4 0 0 77 82 145 74 64 82 91 101 121 101 132 102 o402
535 648 660 638 657 660 477 630 628 609 620 614 510 500 465 456 506 464 125 12 0 0 3 0 153 0 2 0 10 16 150 160 195 182 154 196 f419
831 718 767 806 832 832 645 612 726 703 771 763 683 702 685 709 637 672 1 114 65 0 0 0 155 188 74 72 29 37 149 130 147 97 195 160 o116
492 390 437 434 492 483 458 355 467 384 332 403 354 347 333 360 382 395 1 103 39 59 1 10 64 167 37 138 190 119 139 146 143 133 111 98 s1
790 765 832 734 730 800 651 676 689 695 652 638 646 800 832 800 800 800 10 35 0 66 70 0 174 149 169 130 173 187 154 0 0 0 0 0 jd166
524 525 510 525 481 525 449 400 446 451 413 516 448 395 422 398 465 419 1 0 0 0 44 0 111 160 98 109 147 44 77 130 88 127 60 106 n308
293 304 278 244 292 278 239 254 288 263 270 279 246 320 304 304 320 304 11 16 26 60 28 26 84 86 35 60 70 44 58 0 0 0 0 0 jd159
378 402 387 414 420 420 299 259 292 277 279 286 353 292 290 301 325 287 42 18 33 20 0 0 91 131 98 126 111 104 67 128 130 133 95 133 s366
1053 1054 1054 1054 879 994 1057 723 842 912 859 1085 1023 869 991 1050 1054 1054 1 0 0 0 175 60 28 362 243 173 226 0 31 185 63 4 0 0 ad21
483 400 484 462 374 478 374 346 388 399 351 506 468 479 466 443 460 420 1 84 0 0 110 6 132 160 118 84 155 0 16 5 18 19 24 64 a90
550 612 612 570 610 577 359 378 355 382 410 428 578 511 578 573 579 588 62 0 0 42 2 35 219 200 223 196 168 150 34 101 34 39 33 24 d336
398 420 399 335 379 399 302 202 266 238 248 292 272 383 396 352 394 368 1 0 0 64 41 0 78 198 114 142 152 88 127 37 3 47 26 31 jd136
680 655 682 570 552 625 575 485 498 568 526 587 682 594 610 713 682 682 2 27 0 143 130 57 85 175 162 122 134 73 0 88 72 0 0 0 jt10
1277 1316 1330 1399 1344 1368 1064 1050 1024 1017 1023 1071 1159 1368 1368 1404 1368 1368 91 52 38 5 24 0 304 318 344 387 345 297 209 0 0 0 0 0 f35
478 525 540 540 518 516 375 346 372 391 359 389 479 411 482 432 442 429 62 0 0 0 7 24 129 144 132 113 131 115 61 114 58 108 83 111 f91
813 664 771 779 772 814 727 550 597 553 548 669 659 619 588 624 621 622 1 150 21 35 42 0 87 264 195 261 266 145 155 195 204 190 193 192 s84
587 588 588 567 536 588 552 530 495 585 508 585 478 422 441 461 416 428 1 0 0 0 52 0 64 86 121 9 108 31 110 166 147 106 172 160 n466
758 731 800 829 673 800 740 685 512 624 637 615 832 800 651 832 832 800 74 69 0 3 159 0 92 115 288 208 195 185 0 0 149 0 0 0 ad160
729 674 780 754 754 754 654 690 770 677 712 783 590 546 514 466 499 523 25 80 0 0 0 0 129 93 40 106 71 0 164 208 266 288 255 231 n473
239 240 240 240 227 240 208 226 195 149 207 144 226 161 160 178 179 197 1 0 0 0 13 0 32 14 45 91 33 96 14 79 80 62 61 43 md481
439 418 437 440 374 376 364 331 285 391 311 352 372 304 249 284 307 335 1 0 3 0 44 64 56 68 135 29 88 68 68 114 191 156 111 105 a449
226 199 212 217 227 212 213 161 103 139 139 181 236 245 253 235 228 248 16 54 41 25 15 41 51 115 173 125 125 95 6 8 0 7 14 5 m189
575 569 532 547 576 576 452 506 388 391 539 471 425 453 424 411 485 423 1 7 44 45 0 0 124 70 188 201 37 105 151 123 152 181 91 153 o321
370 328 357 374 340 273 279 238 310 298 290 299 328 276 235 299 295 324 4 29 0 0 34 84 117 140 68 98 106 79 46 81 122 75 79 33 a356
515 622 615 592 638 600 431 424 470 389 467 383 495 638 616 616 638 616 101 16 1 24 0 16 213 243 174 255 200 261 121 0 0 0 0 0 j226
489 458 557 562 572 572 393 392 319 432 376 391 572 572 572 594 465 572 83 114 15 32 0 0 153 154 227 135 170 155 0 0 0 0 107 0 m410
271 278 232 272 267 243 213 244 155 171 229 186 239 222 218 247 203 243 1 11 57 0 5 46 43 28 117 85 27 86 33 67 71 25 69 46 a285
698 747 779 779 760 779 612 569 715 725 689 731 634 745 745 699 655 608 81 13 0 0 0 0 167 191 64 54 71 48 145 15 34 80 105 171 s52
1258 1290 1290 1287 1089 1290 1015 1029 1097 951 1033 1087 1038 1290 1290 1333 1290 1290 32 0 0 46 201 0 275 261 193 382 257 203 252 0 0 0 0 0 jd56
721 695 805 647 711 803 723 556 693 544 624 671 710 682 805 770 770 805 49 110 0 123 59 2 47 249 112 226 146 134 60 123 0 0 0 0 jt147
604 731 593 594 672 681 508 526 559 502 523 708 539 736 736 704 704 736 100 5 143 110 32 55 174 187 154 180 159 5 165 0 0 0 0 0 jt108
543 481 544 519 528 544 512 416 536 444 513 477 409 386 443 418 428 407 1 47 0 25 0 0 66 145 42 134 48 101 135 142 101 126 100 137 o142
827 1066 1040 1040 932 1040 822 682 799 824 726 946 915 948 1040 1015 809 765 213 0 0 0 134 0 178 343 201 176 299 54 125 118 0 25 257 275 jd164
956 1089 1056 1056 1089 1056 907 989 929 978 1045 989 880 925 951 881 922 935 100 0 0 0 0 0 181 133 159 110 77 99 176 164 105 175 167 121 j291
778 829 829 781 824 793 777 859 820 863 841 833 823 952 918 918 952 918 140 123 89 137 128 125 168 121 125 82 139 112 95 0 0 0 0 0 f5
1033 983 999 873 904 967 938 832 854 850 807 865 894 897 999 1036 1036 999 3 16 0 163 132 32 98 167 145 186 229 134 142 102 0 0 0 0 jt65
322 352 324 288 339 333 241 219 200 233 222 218 299 357 374 374 357 374 52 5 50 86 18 41 111 117 152 119 114 134 75 0 0 0 0 0 jt168
191 151 179 189 177 194 150 104 132 105 158 172 181 185 162 177 187 178 13 41 25 15 15 10 54 88 72 99 34 32 23 7 42 27 5 26 a304
602 637 650 655 645 629 406 400 438 484 461 482 672 602 683 701 673 681 82 47 34 48 39 55 242 248 210 182 187 166 12 82 1 2 11 3 d307
478 448 456 372 504 504 327 327 346 317 342 395 417 486 504 504 504 504 26 56 48 132 0 0 156 156 137 166 141 88 87 18 0 0 0 0 jt485
628 630 630 595 598 560 472 407 415 427 378 443 598 438 477 540 463 527 2 0 0 35 32 70 158 223 215 203 252 187 32 192 153 90 167 103 n337
560 500 588 588 616 588 539 437 381 459 485 467 539 597 517 528 447 540 28 116 0 0 0 0 70 201 228 150 153 142 49 19 71 60 169 48 m415
776 816 816 808 694 816 556 605 575 648 573 626 816 692 816 816 816 816 40 0 0 8 122 0 226 177 207 134 209 156 0 124 0 0 0 0 d177
563 542 608 577 616 616 474 377 457 419 456 426 520 566 616 594 616 616 53 74 8 17 0 0 114 211 131 148 132 162 96 50 0 0 0 0 j188
626 530 661 720 720 700 538 547 616 568 614 623 623 661 651 638 659 605 94 170 39 0 0 0 182 153 84 152 106 77 97 39 49 82 61 95 m498
353 324 365 323 364 333 390 312 332 402 347 360 416 400 416 416 367 416 63 76 51 93 36 83 52 113 110 40 78 82 0 0 0 0 33 0 m86
492 503 515 534 455 469 425 372 300 411 358 434 570 531 481 570 570 551 78 48 36 36 115 82 175 208 280 189 242 146 0 20 70 0 0 0 ad337
689 713 627 690 690 713 605 681 531 586 680 696 500 534 562 493 514 564 1 0 86 0 0 0 85 32 182 104 10 17 190 179 151 197 176 149 o127
524 521 440 528 528 462 486 453 461 519 522 404 406 414 417 443 426 432 4 7 88 0 0 66 42 75 67 9 6 124 122 114 111 85 102 96 a70
537 545 552 424 552 552 365 282 349 308 274 310 517 444 532 529 545 532 15 7 0 105 0 0 211 294 227 244 302 266 35 108 20 0 7 20 d119
792 897 874 897 897 897 746 705 691 771 760 777 723 708 755 716 749 711 105 0 0 0 0 0 112 153 145 87 98 81 174 189 119 181 148 186 f78
724 936 912 815 922 912 690 743 737 722 781 835 894 815 896 887 888 829 188 0 0 97 14 0 260 232 213 228 194 115 18 121 16 25 48 83 d207
831 884 912 888 794 912 660 665 696 769 595 808 872 706 788 686 780 685 81 28 0 0 118 0 214 209 178 82 279 66 40 206 124 202 132 227 n396
777 798 772 786 743 748 590 630 611 701 682 635 643 810 810 837 810 810 33 12 38 51 67 62 190 150 169 105 98 145 167 0 0 0 0 0 j483
441 455 396 439 442 459 315 337 349 304 336 318 372 390 382 352 386 377 1 4 63 3 0 0 101 95 83 112 80 114 70 69 77 90 56 82 o307
409 369 399 418 418 308 341 301 306 360 390 250 343 331 305 330 374 370 9 30 0 0 0 91 77 98 93 58 28 149 75 68 94 88 44 29 a428
428 429 438 403 423 424 269 256 288 227 258 245 397 340 383 362 387 374 1 0 4 26 6 5 127 140 120 169 138 151 32 89 59 67 42 55 n238
907 1054 1054 1054 1009 1054 728 802 826 870 719 853 1033 993 908 1046 1054 1015 147 0 0 0 45 0 292 218 194 150 301 167 21 61 146 8 0 39 d70
399 400 416 398 349 416 276 298 234 211 266 328 380 358 396 380 340 373 17 0 0 18 51 0 140 102 182 205 134 88 36 42 20 36 60 43 n125
207 221 221 221 217 185 146 199 166 183 193 194 194 188 174 154 163 187 14 0 0 0 4 36 92 39 72 55 45 44 27 33 47 67 58 34 a248
189 187 187 192 182 192 124 132 171 162 180 163 160 184 153 143 129 157 3 5 5 0 10 0 84 76 37 46 28 45 32 8 39 49 63 35 md248
331 321 319 326 309 301 344 316 313 326 293 354 359 375 375 375 346 375 44 54 56 49 66 74 56 84 87 74 107 46 16 0 0 0 29 0 m358
407 460 500 500 476 500 483 399 437 381 388 356 500 459 500 500 523 500 93 65 0 0 49 0 37 147 83 139 158 164 0 66 0 0 2 0 jd11
732 804 771 764 823 734 691 546 691 645 648 614 746 795 841 841 870 841 109 66 70 77 47 107 121 294 121 167 192 198 95 75 0 0 0 0 j270
365 380 344 341 333 380 314 369 305 306 298 345 285 331 347 309 361 311 15 0 36 39 47 0 86 31 95 94 102 55 95 49 33 71 19 69 jt357
951 949 1054 1023 947 1023 729 663 778 901 749 873 1001 719 995 906 938 944 72 74 0 0 76 0 327 393 310 155 307 183 22 304 59 117 85 79 ad164
915 936 936 897 759 936 680 692 746 751 614 745 700 936 923 863 936 909 21 0 0 0 177 0 256 244 190 146 322 191 236 0 13 34 0 27 jd32
335 336 238 348 320 283 274 258 155 286 239 249 260 226 241 287 238 279 1 0 98 9 16 53 46 62 165 54 81 71 76 110 95 70 98 57 a277
254 328 320 320 336 320 220 275 260 213 239 240 283 275 236 217 275 250 66 8 0 0 0 0 80 40 40 87 76 60 37 61 84 103 61 70 f418
399 400 387 380 362 339 342 285 309 352 348 337 341 331 287 317 322 332 1 0 13 0 38 61 58 115 91 28 52 63 59 69 113 63 78 68 a291
1513 1395 1445 1405 1458 1224 1375 1359 1385 1381 1371 1445 1564 1530 1530 1564 1447 1530 51 135 85 159 106 306 189 171 145 183 193 85 0 0 0 0 117 0 m176
579 517 560 559 496 539 498 464 414 462 442 434 497 529 560 580 580 580 1 63 0 21 84 41 82 116 146 118 138 146 83 51 0 0 0 0 jd263
923 733 870 889 903 924 751 726 860 813 758 762 782 835 924 924 847 918 1 170 54 35 0 0 217 220 108 155 188 206 142 68 0 0 56 6 s493
275 260 276 272 242 276 232 194 195 229 204 289 224 226 228 211 194 225 1 16 0 4 34 0 67 105 104 70 95 10 52 50 48 65 82 51 a390
1319 1280 1320 1290 1117 1320 1206 1019 1083 1104 1047 1114 1159 1222 1320 1320 1280 1320 1 0 0 30 163 0 114 261 237 216 233 206 161 58 0 0 0 0 jd116
862 765 857 777 782 864 772 605 704 687 691 635 708 828 864 837 864 864 2 99 7 60 82 0 60 227 128 119 141 197 156 36 0 0 0 0 jd438
377 381 327 340 366 341 353 316 260 291 331 293 375 338 380 380 400 380 3 19 53 40 34 39 27 84 120 89 69 87 5 62 0 0 0 0 j217
698 780 800 780 741 780 612 691 647 697 554 694 715 635 673 691 588 615 82 0 0 0 39 0 207 128 193 122 265 125 65 145 127 89 192 165 n101
233 166 260 260 280 260 245 171 268 268 284 273 170 149 182 159 183 191 27 114 0 0 0 0 28 123 5 5 10 0 90 131 78 101 97 69 jd500
566 572 567 567 571 565 538 462 438 408 535 449 505 547 563 500 541 516 1 16 0 0 17 2 56 154 156 186 81 145 62 41 4 67 47 51 md186
311 325 329 292 332 361 228 217 216 268 241 244 368 360 384 368 311 368 57 43 55 76 36 7 117 128 144 77 104 101 0 8 0 0 57 0 m441
1142 1136 1170 1042 1115 1049 839 715 736 739 693 883 1154 1049 1134 1170 1170 1170 28 34 0 128 55 121 286 410 389 386 432 242 16 121 36 0 0 0 d279
252 310 310 308 315 315 211 253 201 244 233 222 311 275 294 257 297 262 63 5 20 7 0 0 83 41 107 50 61 72 4 40 36 58 18 53 ad360
335 350 336 336 312 307 255 222 247 214 240 247 328 325 280 304 304 336 1 0 0 0 38 29 57 103 65 98 85 65 8 25 56 32 46 0 md486
696 696 723 722 705 724 523 542 555 548 554 592 704 777 777 756 756 777 60 81 54 34 51 53 233 235 222 208 202 185 52 0 0 0 0 0 f8
681 625 688 714 599 680 662 458 411 540 546 575 725 604 638 725 725 725 44 100 8 11 126 45 88 292 309 210 204 175 0 121 58 0 0 0 ad221
431 420 426 423 413 341 359 394 316 364 340 339 495 510 495 495 482 495 64 90 69 72 97 154 103 82 146 98 136 123 0 0 0 0 28 0 m36
1103 1218 1218 1045 1202 1218 850 933 924 825 855 1090 1147 1058 1052 1146 1140 1218 115 0 0 173 16 0 326 243 252 351 321 86 71 160 166 72 78 0 d477
976 1100 1144 981 1058 1118 761 796 827 814 798 869 1118 943 1144 1118 1118 1118 142 18 0 137 60 0 357 322 317 304 320 249 0 175 0 0 0 0 d190
513 525 487 510 476 482 437 416 293 415 402 466 550 544 476 550 572 550 37 47 63 40 96 68 113 156 257 135 170 84 0 28 74 0 0 0 ad194
315 278 306 323 323 258 253 216 212 214 306 221 299 286 277 303 306 288 8 45 0 0 0 65 70 107 94 109 17 102 24 37 29 20 17 35 a86
417 418 418 399 409 395 356 276 310 285 278 333 392 326 303 265 281 358 1 0 0 0 9 23 62 142 108 114 140 85 26 92 115 134 137 60 md460
459 401 460 429 458 460 426 302 342 302 399 343 409 409 460 437 460 460 1 59 0 8 2 0 34 158 118 135 61 117 51 51 0 0 0 0 j296
272 273 286 273 259 273 200 197 208 180 193 183 256 237 203 178 195 258 1 0 0 0 14 0 52 55 56 72 59 69 17 36 83 95 78 15 md201
674 702 792 728 733 792 632 575 628 613 589 625 673 722 792 792 759 792 118 57 0 64 26 0 136 161 140 155 147 143 119 37 0 0 0 0 jd6
560 572 572 505 572 572 375 393 405 310 368 367 462 555 572 543 567 568 12 0 0 45 0 0 171 153 141 215 178 179 110 17 0 7 5 4 jd337
545 489 551 551 528 551 448 410 501 560 446 458 441 460 420 371 434 496 6 43 0 0 4 0 132 150 79 20 114 122 110 72 131 180 98 55 n15
571 567 572 601 589 615 449 352 346 167 365 377 587 509 512 476 539 490 44 48 58 14 26 0 125 222 242 407 209 197 28 106 118 139 76 125 n222
150 176 176 144 187 176 169 125 146 119 122 132 155 164 154 156 167 135 26 11 0 32 0 0 23 79 46 73 82 60 21 23 22 20 20 41 jt225
663 710 682 575 690 713 503 555 494 509 584 594 544 464 512 529 501 539 27 3 31 115 0 0 157 127 188 151 76 88 146 249 201 161 189 174 o179
835 812 813 776 830 836 797 773 705 757 751 780 668 654 704 685 649 732 1 24 23 60 6 0 77 101 169 117 123 94 168 182 132 151 187 104 s475
613 544 598 624 624 464 539 429 534 541 565 422 493 443 516 490 477 516 11 80 26 0 0 160 61 171 66 59 35 178 131 181 108 134 147 108 a209
479 609 609 630 600 609 545 493 469 500 535 502 583 491 439 501 469 446 151 0 0 0 30 0 85 116 140 130 95 107 47 118 170 129 161 163 md106
1029 1108 1099 1128 1060 1077 800 773 738 906 749 834 1126 1040 1043 1128 1128 1128 99 20 5 0 68 51 328 355 366 222 379 294 2 88 61 0 0 0 d404
740 748 740 683 748 678 557 570 544 554 614 589 691 628 689 661 629 657 8 0 8 82 0 70 235 222 248 256 178 203 57 120 59 104 119 91 n191
269 255 255 270 264 255 220 242 240 238 245 209 233 198 167 194 227 216 1 0 0 0 6 0 50 13 15 32 25 46 37 57 88 76 43 39 md472
389 332 399 418 418 383 346 252 241 289 280 248 418 341 399 418 377 393 29 67 0 0 0 16 72 147 158 129 138 151 0 58 0 0 41 6 m188
737 738 738 724 692 738 517 514 533 571 440 561 632 583 655 662 625 633 1 0 0 14 46 0 180 183 164 126 257 136 106 155 83 76 113 105 n111
372 425 415 418 448 460 289 335 361 267 313 344 427 409 449 389 440 396 90 37 61 44 14 2 173 127 115 195 149 118 35 53 27 73 22 66 f155
242 247 252 252 234 226 161 150 161 169 154 187 236 239 195 202 217 212 10 5 0 0 18 26 73 84 73 65 80 47 16 13 57 50 35 40 md307
299 331 350 359 267 312 234 237 204 238 283 311 350 305 271 355 350 350 51 19 0 16 83 38 102 99 132 122 53 25 0 45 79 20 0 0 ad418
340 318 274 350 338 350 308 194 261 290 319 266 348 289 269 261 253 266 10 32 62 0 12 0 67 181 99 85 56 109 2 61 67 89 97 84 md284
1257 1245 1292 1258 1040 1258 1256 980 1183 1110 1045 1059 1090 1173 1292 1258 1258 1258 1 13 0 0 218 0 39 315 147 185 250 236 168 85 0 0 0 0 jd479
734 807 808 832 810 810 554 616 560 549 602 648 703 797 773 771 787 750 76 3 2 5 0 0 256 194 250 288 208 162 107 13 37 66 23 60 f34
524 548 562 587 473 580 403 420 337 455 341 396 481 576 600 600 576 600 76 28 38 13 103 20 197 156 263 145 235 204 119 0 0 0 0 0 jd315
269 300 312 292 300 300 236 168 189 253 222 242 270 287 256 269 235 236 31 0 0 8 0 0 64 132 123 47 78 58 30 13 56 31 65 64 j225
230 192 201 246 256 240 168 125 141 199 142 163 218 240 195 212 223 208 26 48 39 10 0 0 72 100 84 41 98 62 38 0 45 44 33 32 md317
1033 1200 1175 1058 1200 1175 825 1007 1022 920 897 962 935 965 937 838 954 957 142 0 0 117 0 0 350 193 153 255 303 213 240 235 238 337 246 218 d392
247 265 266 266 250 265 206 217 145 201 190 277 230 211 213 206 205 222 19 1 0 0 16 1 79 68 140 84 95 8 36 55 53 60 61 44 a236
607 608 608 608 559 608 518 469 491 534 478 526 514 479 491 491 486 481 1 0 0 0 49 0 90 139 117 74 130 82 94 129 117 117 122 127 n70
1162 1242 1260 1230 1108 1260 1064 827 969 941 888 931 1260 1189 1194 1225 1260 1260 98 18 0 0 152 0 196 433 291 289 372 329 0 71 66 5 0 0 d444
1235 1288 1326 1326 1286 1326 1125 1026 1149 1097 1094 1005 1108 1292 1326 1326 1292 1326 91 4 0 0 6 0 162 228 138 190 160 282 218 0 0 0 0 0 j121
588 528 558 589 589 589 507 375 455 459 474 462 539 524 558 589 589 587 1 61 0 0 0 0 82 214 103 130 115 127 50 65 0 0 0 2 j466
434 429 346 401 435 435 336 332 356 259 355 355 360 368 399 398 401 381 1 6 89 34 0 0 128 132 108 205 109 109 75 67 36 37 34 54 o86
342 422 425 459 458 468 373 345 299 379 281 366 463 449 460 448 429 403 126 46 43 27 10 0 69 97 143 80 161 76 5 19 8 38 39 65 jt25
526 527 459 491 527 527 406 446 361 382 460 426 423 410 390 389 443 417 1 0 68 36 0 0 90 50 135 114 36 70 104 117 137 138 84 110 o2
2256 2496 2496 2329 2417 2496 1960 1977 2029 2004 1921 1896 2496 2110 2425 2464 2496 2496 240 0 0 135 79 0 458 441 389 383 497 522 0 386 71 0 0 0 d354
159 150 160 160 146 136 100 53 113 105 85 96 142 130 112 131 132 139 1 0 0 0 4 24 60 97 47 55 65 64 18 20 48 29 18 21 md219
725 754 728 728 754 697 591 631 657 638 728 728 669 546 668 608 643 614 3 0 0 0 0 31 137 123 71 90 26 0 59 208 60 120 111 114 d472
699 700 680 700 690 700 504 578 467 563 584 503 588 602 565 538 588 599 1 0 0 0 10 0 196 122 213 137 116 197 112 98 115 162 112 101 f280
772 800 802 754 825 850 803 853 761 763 819 844 725 677 670 666 661 696 78 25 48 96 0 0 81 5 123 121 39 40 125 148 180 184 164 154 jt286
467 444 468 450 458 468 386 244 341 309 350 360 388 428 468 450 468 468 1 24 0 0 10 0 108 250 153 166 144 134 80 40 0 0 0 0 j481
373 295 374 391 374 374 373 308 326 362 337 329 292 194 285 264 304 262 1 79 0 0 0 0 23 88 70 52 59 67 82 180 89 127 70 112 j303
248 342 350 346 364 350 275 211 247 220 289 263 262 260 289 257 282 264 102 22 0 4 0 0 75 153 103 130 75 87 88 104 61 93 82 86 j453
576 580 616 616 485 603 451 446 457 490 445 467 479 588 616 616 588 616 40 8 0 0 103 13 143 121 137 104 122 127 137 0 0 0 0 0 jd465
445 462 476 476 438 476 337 277 304 291 256 330 390 333 409 405 347 398 31 0 0 0 24 0 105 152 138 151 173 112 86 129 67 71 115 78 n96
693 720 744 744 703 744 563 502 510 573 509 657 606 593 619 701 581 538 51 0 0 0 17 0 150 188 203 140 181 56 138 127 125 43 139 206 d351
621 675 700 592 675 635 541 491 464 475 476 485 518 663 700 675 675 675 54 0 0 83 0 40 107 157 208 173 172 163 157 12 0 0 0 0 jd118
541 577 600 532 600 600 428 449 396 358 436 552 564 590 488 620 570 511 59 23 0 88 0 0 202 181 234 293 194 78 36 10 112 0 30 89 d63
457 528 447 505 524 565 321 389 423 385 351 361 508 550 572 572 550 572 115 22 125 67 26 7 225 136 123 161 174 185 64 0 0 0 0 0 f285
774 775 650 775 775 623 750 750 542 663 718 547 587 623 581 609 532 614 1 0 125 0 0 152 0 0 208 87 32 203 188 152 194 166 243 161 a56
524 604 605 594 588 605 424 384 365 383 386 383 566 608 608 608 608 608 84 4 3 14 20 3 216 256 275 257 254 257 42 0 0 0 0 0 f196
1559 1417 1560 1560 1476 1546 1463 1285 1346 1135 1179 1206 1560 1599 1527 1390 1599 1560 1 182 0 0 123 14 137 355 254 465 461 394 0 0 33 170 0 0 ad262
1479 1440 1480 1427 1184 1416 1189 1206 1204 1132 1126 1262 1480 1440 1287 1480 1440 1480 1 0 0 53 256 64 291 234 276 348 314 218 0 0 193 0 0 0 ad115
956 888 957 957 853 957 875 833 784 722 709 778 957 822 957 957 957 890 1 69 0 0 104 0 82 124 173 235 248 179 0 135 0 0 0 67 jd186
1203 1428 1155 1361 1380 1428 1017 1072 1139 1039 993 1196 1243 1110 1129 1151 1121 1123 225 0 301 67 48 0 360 305 265 338 384 181 185 318 327 277 307 305 o88
148 156 150 166 186 146 171 164 156 197 134 180 210 210 224 210 186 210 62 54 74 44 24 64 54 61 84 28 91 45 0 0 0 0 24 0 m217
1217 1338 1359 1317 1125 1350 1153 1089 1064 1046 1079 993 1330 1292 1247 1330 1326 1365 113 27 6 13 205 15 177 276 301 284 251 372 0 73 118 0 4 0 ad51
1955 1872 1902 1961 1998 1961 1812 1818 2000 2014 1903 1970 1666 1741 1678 1802 1776 1746 6 126 59 0 0 0 202 234 14 0 149 44 295 257 283 159 222 215 n27
567 649 607 637 655 619 503 504 533 480 549 523 554 700 675 675 700 675 108 51 68 38 45 56 172 196 142 195 151 152 121 0 0 0 0 0 j101
1076 911 1110 1055 972 1009 1074 904 981 912 1043 998 1077 1108 1216 1184 1184 1184 108 273 106 129 212 175 110 280 235 272 141 186 107 76 0 0 0 0 j9
490 487 507 512 488 481 381 296 279 279 283 340 413 365 388 390 382 436 20 23 3 15 22 29 129 214 231 248 227 170 97 145 122 137 128 74 n46
721 722 722 722 670 722 495 560 518 676 436 595 642 569 560 572 612 571 1 0 0 0 52 0 189 124 166 8 248 89 80 153 162 150 110 151 n132
169 165 161 181 176 190 96 117 96 118 99 165 155 163 177 168 141 159 21 15 29 9 4 0 75 45 75 53 63 6 35 17 13 22 39 31 a249
426 459 464 438 464 464 309 316 322 300 341 368 399 388 385 399 371 393 38 5 0 26 0 0 155 148 142 164 123 96 65 76 79 65 93 71 n169
374 395 390 380 444 451 321 346 257 295 360 380 439 405 354 372 372 337 94 55 78 88 6 17 121 79 185 147 65 62 29 45 114 96 78 131 a294
571 572 539 594 527 467 519 555 431 593 580 442 466 440 372 440 518 485 1 0 33 0 45 105 79 43 167 28 18 156 106 132 200 154 54 87 a193
877 900 769 886 900 878 633 713 695 723 732 705 742 900 930 930 900 930 53 0 161 44 0 52 266 157 204 176 138 194 188 0 0 0 0 0 jt104
312 271 324 336 315 336 287 251 234 292 315 259 317 302 257 303 258 269 24 49 12 0 5 0 70 89 123 65 25 98 19 18 79 33 62 67 a312
492 461 459 460 479 449 536 382 403 437 437 417 451 477 532 513 513 513 21 52 73 53 34 64 4 158 157 103 103 123 62 36 0 0 0 0 j307
546 612 607 589 566 614 450 512 492 488 509 481 475 624 624 598 624 624 78 12 17 9 58 10 174 112 132 110 115 143 149 0 0 0 0 0 jd38
671 669 704 544 645 672 664 575 586 517 519 546 622 597 704 672 672 672 1 3 0 128 27 0 8 97 118 155 153 126 50 75 0 0 0 0 jt475
439 407 424 402 454 406 335 320 330 348 362 383 402 425 456 480 480 456 41 49 32 78 26 50 125 117 107 112 98 54 78 31 0 0 0 0 jd110
1046 1058 895 1080 1065 1080 946 809 741 998 875 971 961 885 909 899 915 872 34 22 161 0 15 0 134 271 315 82 205 109 119 195 147 181 165 208 s211
411 416 370 318 341 372 396 353 300 317 371 412 413 416 365 349 342 371 5 0 14 98 75 44 33 76 96 112 58 17 3 0 19 67 74 45 jd68
545 592 583 604 605 579 426 377 345 382 422 411 562 594 594 612 612 594 67 2 11 8 7 15 152 184 216 196 156 150 50 0 0 0 0 0 f79
584 570 585 585 535 585 505 473 537 498 416 564 538 439 456 478 469 462 1 0 0 0 35 0 119 135 87 126 192 60 47 131 129 107 101 123 n173
305 324 324 249 324 324 228 242 260 210 296 320 289 324 320 306 306 246 19 0 0 57 0 0 96 82 64 96 28 4 35 0 4 0 18 78 jt472
370 375 337 380 370 319 246 284 249 321 343 247 321 298 268 311 281 305 10 5 43 0 10 61 115 77 112 40 18 114 59 82 112 69 99 75 a150
327 367 378 378 314 377 350 226 245 267 196 255 333 302 293 374 326 324 65 11 14 14 64 15 42 152 147 125 182 137 59 76 99 18 52 68 d283
431 416 411 399 416 432 363 358 329 305 297 415 348 330 414 374 387 344 1 0 21 33 0 0 69 58 103 127 119 17 84 86 18 58 29 88 o472
525 556 491 415 510 540 421 395 368 332 379 357 482 475 540 540 567 540 15 11 49 125 57 0 99 151 152 188 167 163 58 92 0 0 0 0 jt421
569 600 523 420 600 570 493 465 399 318 444 428 435 597 570 570 600 570 1 0 47 150 0 0 77 135 171 252 156 142 135 3 0 0 0 0 jt470
587 602 588 588 579 579 539 584 553 524 591 431 491 473 460 452 506 451 1 0 0 0 23 9 91 61 77 106 54 199 97 129 128 136 96 137 md268
894 753 836 831 851 840 649 693 718 678 670 788 877 885 925 925 925 925 31 172 89 94 74 85 239 195 170 210 218 100 48 40 0 0 0 0 f422
742 768 826 829 882 861 728 629 673 732 844 816 693 746 780 678 627 660 119 114 35 32 0 0 174 295 229 170 80 86 168 136 81 183 255 201 s451
764 695 645 720 748 777 626 488 636 586 567 648 719 762 710 765 662 733 13 82 132 57 29 0 151 289 141 191 210 129 58 15 67 12 115 44 s298
544 546 546 445 478 540 469 434 417 394 430 366 482 546 546 572 572 546 28 0 0 127 94 6 103 112 129 178 142 180 90 0 0 0 0 0 jt93
346 378 396 396 353 381 308 303 351 324 260 344 365 342 359 379 333 348 50 18 0 0 43 15 121 126 78 105 169 85 31 54 37 17 63 48 d293
650 618 647 643 585 601 468 434 404 455 432 446 684 666 580 684 684 666 34 48 19 41 99 65 178 195 225 191 214 183 0 0 86 0 0 0 d168
985 820 866 930 1003 986 838 746 805 791 751 852 796 760 767 763 799 866 1 183 120 56 0 0 90 198 123 137 193 76 190 243 219 223 204 120 s250
637 537 624 638 638 527 631 519 549 594 592 501 519 436 524 495 472 521 1 101 14 0 0 111 29 141 111 66 68 159 119 202 114 143 166 117 a423
1120 1236 1276 1305 1214 1276 1065 954 1101 1243 1125 1232 1120 1154 1192 1178 1021 1106 156 40 0 0 62 0 167 278 131 17 107 0 156 122 84 127 255 170 d59
705 774 792 792 762 792 702 662 696 683 699 703 736 642 634 650 623 617 87 0 0 0 12 0 90 112 96 109 75 89 56 132 158 142 151 175 f60
639 634 677 633 620 605 462 471 462 448 491 504 525 675 700 700 675 700 61 41 23 67 55 95 238 204 238 252 184 196 175 0 0 0 0 0 j339
475 423 436 463 490 476 369 290 314 324 328 332 412 426 424 400 422 400 1 67 40 13 0 0 73 165 128 118 127 110 64 64 52 76 68 76 s302
455 456 424 375 424 456 344 329 340 308 335 330 351 447 447 456 450 435 1 0 56 81 32 0 112 127 140 148 121 126 105 9 33 0 6 21 jt148
410 532 488 478 552 560 293 332 425 304 386 560 551 500 560 560 567 560 150 44 72 82 24 0 267 244 135 256 190 0 9 76 0 0 9 0 d383
635 748 758 769 743 760 616 648 616 705 680 639 680 597 585 612 613 630 125 12 2 10 17 0 144 112 144 74 80 121 80 163 175 167 147 130 f487
356 365 408 391 408 408 265 271 308 293 347 300 299 331 289 299 332 296 52 43 0 0 0 0 143 137 100 98 61 108 109 77 119 92 76 112 f303
494 513 532 532 513 532 443 455 501 463 441 410 444 371 390 357 385 433 38 0 0 0 0 0 61 31 3 41 45 94 88 142 142 175 128 99 j228
581 463 627 574 646 627 440 514 428 429 539 427 484 520 511 539 569 504 65 164 0 72 0 0 206 113 199 217 107 200 162 107 116 107 77 123 s157
349 330 407 430 432 417 395 352 292 259 303 298 460 480 460 460 410 460 111 150 53 30 48 43 65 128 168 201 177 162 0 0 0 0 70 0 m179
548 659 640 637 664 562 515 516 491 482 556 558 596 667 644 644 667 644 96 8 4 7 3 82 157 180 181 190 140 114 48 0 0 0 0 0 f69
549 478 505 550 550 550 575 498 443 497 530 508 463 481 446 389 409 379 1 72 67 0 0 0 0 77 155 78 45 67 87 69 126 161 141 171 md214
988 880 924 978 866 989 964 831 938 1030 749 920 855 776 782 780 759 805 1 86 65 11 100 0 68 177 94 2 259 112 134 190 207 209 207 184 s478
800 870 884 910 760 881 783 680 712 804 734 729 884 796 881 910 884 884 84 14 0 0 124 3 135 238 206 141 184 189 0 88 3 0 0 0 d137
774 775 750 775 650 775 775 722 724 736 578 766 595 515 583 561 554 555 1 0 0 0 125 0 31 84 56 70 228 40 180 260 167 214 221 220 n355
1097 1200 1200 1224 1141 1200 987 1086 1075 1057 919 1083 1088 968 1055 1112 945 1036 103 0 0 0 59 0 213 114 125 167 281 117 112 232 145 112 255 164 n60
707 754 626 605 754 697 553 509 470 501 621 483 640 724 754 751 754 754 47 0 128 149 0 57 172 216 255 224 104 242 114 30 0 3 0 0 jt335
431 432 364 414 388 426 336 339 292 341 309 452 424 429 432 414 420 355 1 0 68 0 44 6 120 117 164 96 147 4 8 3 0 0 12 77 a177
1059 1062 1149 1088 989 1116 994 891 889 982 834 936 1116 995 1152 1116 1116 1116 57 54 3 28 127 0 153 256 295 165 313 211 0 121 0 0 0 0 n425
565 583 561 566 580 526 405 270 415 338 397 394 530 536 600 600 620 600 35 37 39 34 40 74 165 319 155 232 192 176 70 84 0 0 0 0 j356
203 192 204 184 171 203 170 119 136 136 93 153 178 166 158 184 188 200 1 0 0 20 21 1 17 57 51 51 83 34 26 26 46 20 4 4 md357
250 240 252 252 226 215 182 178 145 213 184 203 225 228 235 252 240 256 6 0 4 4 14 41 74 62 111 43 56 53 31 12 21 4 0 0 md309
503 504 503 496 496 494 371 369 293 320 304 292 504 501 421 499 504 500 1 0 1 8 8 10 109 111 187 160 176 188 0 3 83 5 0 4 md337
629 630 630 630 572 630 495 480 457 538 459 515 523 496 497 494 503 506 1 0 0 0 58 0 93 108 131 50 129 73 107 134 133 136 127 124 n2
349 336 350 350 336 333 288 293 317 297 290 237 278 277 298 226 248 294 1 0 0 0 0 17 37 19 8 28 22 88 72 59 52 124 88 56 md205
753 767 743 736 751 731 527 482 530 533 535 532 614 783 756 783 783 783 30 16 13 47 32 52 227 272 198 221 219 222 169 0 0 0 0 0 j103
848 934 904 935 968 946 756 695 733 736 776 787 846 744 796 828 750 755 98 34 42 11 0 0 147 229 170 167 148 116 100 224 150 118 218 191 s496
796 864 864 864 764 864 604 590 639 691 585 582 864 737 859 864 864 861 68 0 0 0 100 0 296 310 261 209 315 318 0 127 5 0 0 3 d282
299 300 300 283 282 300 251 262 237 219 249 207 258 228 217 190 207 251 1 0 0 2 18 0 29 18 43 47 31 73 42 72 83 95 93 49 md322
184 168 189 221 221 221 195 166 209 140 182 175 207 201 216 171 186 187 37 53 45 0 0 0 43 72 43 98 56 63 14 20 18 50 35 34 md299
698 819 728 795 804 819 628 707 765 701 616 777 698 777 824 819 793 741 121 0 112 24 15 0 230 151 115 157 242 81 121 42 16 0 26 78 o489
729 825 882 836 836 887 727 727 696 718 753 788 894 842 843 897 920 897 168 95 15 61 84 10 209 233 240 218 207 148 3 78 54 0 0 0 d43
589 532 649 693 672 672 564 441 549 483 525 466 672 651 639 684 574 658 83 140 23 0 0 0 140 263 155 243 179 238 0 21 33 9 98 14 m496
356 292 287 357 352 318 314 207 213 252 281 229 302 322 293 309 298 278 1 65 70 0 5 39 22 129 123 84 55 107 55 35 64 48 59 79 a73
265 215 266 247 236 241 220 160 176 229 218 265 229 191 224 199 218 223 1 51 0 19 30 25 65 125 109 56 67 20 37 75 42 67 48 43 a254
391 465 489 510 458 488 380 335 318 374 376 356 420 489 494 484 510 462 119 30 6 0 52 7 130 160 177 136 134 139 90 6 1 26 0 33 j80
554 555 540 529 547 555 470 457 443 485 444 484 470 441 451 458 474 464 1 0 0 26 8 0 122 135 133 107 148 108 85 114 89 97 81 91 n306
440 418 441 360 436 413 417 310 355 293 301 330 382 393 441 441 441 441 1 23 0 81 5 28 3 110 65 127 119 90 59 48 0 0 0 0 jt307
333 345 322 350 287 243 283 214 229 278 192 241 360 345 345 360 340 345 27 0 23 10 73 102 77 131 116 82 168 104 0 0 0 0 20 0 m44
529 525 546 479 504 546 414 431 441 385 370 450 443 525 546 546 513 543 17 0 0 67 21 0 158 119 131 187 180 122 103 0 0 0 12 3 jd433
626 556 644 667 667 667 539 472 517 558 498 532 611 622 626 661 605 620 41 111 0 0 0 0 128 195 127 109 169 135 56 45 18 6 62 47 m60
690 593 651 696 711 720 483 430 437 534 420 607 574 619 682 657 640 618 30 127 69 0 9 0 237 290 283 162 300 113 146 101 38 39 80 102 s172
233 234 234 221 220 234 165 145 148 171 175 159 218 193 187 165 177 185 1 0 0 0 14 0 51 71 68 33 41 57 16 41 47 56 57 49 md383
591 601 661 645 601 665 639 611 565 629 519 626 553 518 503 515 535 526 74 45 4 20 45 0 61 69 135 71 161 74 112 128 162 150 111 139 o6
755 692 769 756 721 777 768 616 688 792 637 792 607 587 601 636 604 587 1 85 8 0 35 0 24 198 126 0 155 22 149 190 176 120 152 190 s70
424 363 420 409 425 425 321 272 297 247 320 315 344 316 310 316 302 330 1 62 22 16 0 0 79 128 119 153 80 85 81 109 132 109 123 95 s218
1343 1344 1098 1266 1284 1344 1112 1152 1101 1137 993 1122 1095 1210 1244 1264 1242 1228 1 0 246 106 60 0 280 240 291 284 399 270 249 134 100 108 102 116 o7
488 493 493 498 506 493 374 387 405 385 358 368 461 390 443 477 433 449 22 0 0 12 4 0 106 77 59 95 122 96 49 103 50 33 77 44 n484
592 546 520 390 593 554 455 343 436 359 426 422 483 513 567 594 594 567 2 21 47 204 1 13 117 203 110 213 146 124 111 54 0 0 0 0 jt244
827 789 852 880 829 845 749 664 649 623 679 746 840 874 897 897 874 897 70 85 45 17 45 52 187 248 287 313 233 190 57 0 0 0 0 0 f67
488 505 487 467 510 495 370 417 354 373 368 382 419 455 441 429 472 422 7 5 8 28 0 0 92 59 108 89 108 80 76 55 54 66 38 73 o334
663 773 777 769 644 775 594 645 575 604 578 611 777 814 625 777 809 771 114 41 0 8 170 2 162 147 181 152 214 145 0 0 152 0 5 6 ad490
702 668 655 677 684 703 547 599 559 533 579 572 519 554 570 502 576 588 1 16 48 26 0 0 119 49 107 133 69 94 184 130 133 201 108 115 o438
359 345 360 360 333 360 306 281 340 306 304 305 330 281 298 258 251 265 1 0 0 0 12 0 54 64 20 54 41 55 30 64 62 102 94 95 md374
455 402 449 462 448 476 408 331 457 488 342 386 402 384 345 351 341 388 21 74 27 0 28 0 102 179 53 7 168 124 74 92 131 111 135 88 s38
501 494 504 480 483 504 416 401 395 375 334 349 402 498 501 483 504 495 3 10 0 3 21 0 112 127 133 131 194 179 102 6 3 0 0 9 jd371
765 736 736 655 768 736 559 542 566 510 603 549 586 733 736 764 768 731 3 0 0 113 0 0 185 171 147 234 141 164 182 3 0 4 0 5 jd8
340 341 318 331 341 341 243 339 285 273 285 289 286 303 305 293 317 289 1 0 12 10 0 0 129 33 75 99 87 83 55 38 25 48 24 52 o82
355 324 367 382 334 374 284 310 272 273 225 295 327 353 400 400 381 400 45 60 33 18 50 26 91 50 103 102 135 80 73 31 0 0 3 0 jd80
715 720 720 712 720 720 562 614 586 617 632 627 614 565 596 524 612 606 5 0 0 8 0 0 122 70 98 67 52 57 106 155 124 196 108 114 f99
334 288 292 309 309 329 344 338 295 293 280 336 378 378 378 378 350 378 44 90 86 69 69 49 61 67 110 112 125 69 0 0 0 0 28 0 m173
922 905 961 667 903 980 738 756 761 687 758 785 765 980 980 980 980 980 58 75 19 313 77 0 214 196 191 265 194 167 215 0 0 0 0 0 jt109
456 476 459 456 411 402 294 296 271 286 303 270 386 420 343 412 457 437 3 0 0 3 65 57 138 152 161 146 145 162 73 56 116 47 19 22 m263
408 435 476 476 401 459 408 285 273 323 293 286 476 435 476 476 476 476 68 41 0 0 75 17 40 163 175 125 155 162 0 41 0 0 0 0 n77
825 822 944 929 952 916 821 863 798 700 787 851 975 952 980 980 952 905 155 130 36 51 0 64 194 123 217 315 199 164 5 0 0 0 0 75 m183
1092 1023 1147 1092 1105 1147 937 797 877 888 861 957 970 745 811 954 920 931 55 93 0 55 11 0 173 283 233 222 219 153 177 371 336 193 196 216 s295
389 495 495 492 493 495 432 395 324 346 370 387 433 387 419 396 385 408 106 0 0 3 2 0 96 133 204 182 158 141 62 108 76 99 110 87 f446
207 208 172 208 199 208 192 106 140 191 186 156 171 172 147 137 137 178 1 0 36 0 9 0 32 118 84 33 38 68 37 36 61 71 71 30 md499
521 540 485 522 540 522 527 476 434 441 431 445 398 356 417 348 402 379 1 0 37 0 0 0 24 94 117 110 139 106 124 184 105 174 138 143 o264
665 613 585 704 682 704 547 519 415 537 596 672 545 564 565 593 483 571 39 69 119 0 0 0 125 132 257 135 55 0 159 118 139 111 199 133 s348
637 667 638 638 600 638 512 441 401 502 405 568 638 567 565 638 667 638 1 0 0 0 67 0 148 249 259 158 285 92 0 100 73 0 0 0 ad277
492 447 419 480 498 460 275 361 306 274 382 259 488 578 561 544 573 557 69 131 142 81 80 101 253 183 222 254 162 269 73 0 0 17 5 4 f495
727 841 870 839 840 841 610 702 673 674 704 665 711 841 870 841 841 841 114 0 0 2 1 0 231 139 197 167 137 176 130 0 0 0 0 0 f137
516 544 541 544 536 544 443 399 445 407 413 451 437 456 448 473 470 468 28 0 3 0 8 0 101 145 99 137 131 93 107 88 96 71 74 76 n223
594 595 595 595 561 595 513 475 473 441 421 486 524 422 490 499 428 473 1 0 0 0 34 0 82 120 122 154 174 109 71 173 105 96 167 122 n152
266 237 275 255 291 292 256 197 196 162 170 163 288 308 293 284 303 257 42 71 33 39 17 16 30 89 90 111 116 123 20 0 15 10 5 51 md494
607 560 627 627 553 627 519 423 544 558 441 520 479 427 449 508 495 460 20 48 0 0 55 0 108 185 83 69 167 107 148 181 178 119 113 167 s435
270 279 290 264 278 300 206 196 200 228 231 254 253 283 276 272 272 230 30 36 10 36 37 0 114 140 120 92 105 66 47 32 24 28 43 70 md25
602 599 561 591 633 617 494 552 559 500 525 532 549 644 644 621 644 644 42 45 83 30 11 27 178 120 113 148 147 140 95 0 0 0 0 0 f130
285 349 348 353 318 320 228 254 249 216 267 252 315 317 293 308 357 295 79 28 16 11 59 44 108 94 87 120 81 84 49 60 71 56 20 69 ad161
317 327 325 349 341 324 274 239 248 236 277 262 302 329 300 297 303 315 43 51 35 11 37 36 106 160 132 144 122 118 58 49 60 63 75 45 m220
678 754 775 775 665 775 634 511 511 578 490 496 747 772 633 775 738 775 97 21 0 0 110 0 141 264 264 197 285 279 28 3 142 0 37 0 d421
288 275 272 249 241 278 343 307 237 230 239 237 368 352 368 368 324 368 80 77 96 119 111 90 48 67 154 161 135 154 0 0 0 0 28 0 m269
444 417 448 420 395 448 377 333 408 366 278 379 372 289 312 336 331 323 4 15 0 28 37 0 99 126 68 110 181 97 76 143 136 112 101 125 s344
799 798 719 702 820 800 502 687 571 583 628 537 622 580 571 549 683 630 1 22 81 98 0 0 298 133 229 217 192 263 178 240 229 251 137 170 o392
474 474 407 381 475 475 326 433 290 326 408 388 352 343 335 329 373 362 1 1 68 94 0 0 149 42 185 149 67 87 123 132 140 146 102 113 o136
365 342 405 396 420 405 357 363 305 297 292 336 353 320 321 336 295 402 55 63 0 24 0 0 63 42 100 123 128 69 67 85 84 84 125 3 jd367
314 331 362 316 312 336 228 234 243 274 292 252 390 371 390 390 353 390 76 46 28 74 65 54 132 114 117 86 56 108 0 6 0 0 24 0 m195
547 616 638 638 572 638 415 344 377 472 310 431 638 538 605 638 611 638 91 0 0 0 44 0 194 244 232 137 278 178 0 78 33 0 5 0 d239
277 265 281 253 265 283 183 199 167 218 224 272 218 226 238 281 255 241 8 5 4 32 5 2 102 71 118 67 46 13 67 44 47 4 15 44 a258
455 411 456 437 456 456 423 271 324 312 301 367 367 387 414 353 369 336 1 45 0 0 0 0 9 161 108 102 131 65 89 69 42 84 87 120 j313
1129 1160 1076 929 1074 1158 807 766 822 850 903 1005 1063 1069 1160 1160 1160 1160 31 0 84 231 86 2 313 354 298 270 217 115 97 91 0 0 0 0 ad250
1137 1050 1064 959 1200 1218 1135 939 991 1078 1010 1054 1052 1137 1200 1240 1240 1240 103 190 136 281 40 22 105 301 209 162 230 186 188 103 0 0 0 0 jt419
356 357 374 319 331 374 261 281 309 258 212 278 314 313 321 336 290 309 18 0 0 55 26 0 91 55 43 94 124 74 60 44 53 38 67 65 jt328
857 864 708 864 864 712 821 837 594 632 788 684 657 691 670 719 730 695 7 0 124 0 0 152 16 0 212 205 49 153 207 173 162 145 134 169 a388
357 395 420 394 397 406 383 351 336 332 326 405 337 379 400 373 336 315 49 11 0 12 9 0 52 84 114 103 109 30 69 27 20 33 70 91 s484
722 787 671 514 792 792 536 545 594 579 615 579 592 792 792 828 792 792 70 5 121 314 0 0 256 247 198 249 177 213 200 0 0 0 0 0 jt460
533 608 608 603 599 568 457 408 395 453 410 548 607 586 543 591 607 608 75 0 0 21 9 40 151 200 213 171 198 60 1 22 65 33 1 0 d248
269 244 272 272 255 204 214 182 228 238 237 181 197 203 237 181 226 236 3 11 0 0 0 68 42 58 28 18 3 75 75 52 35 91 29 36 a472
1079 1053 1013 1009 976 1080 1090 1092 901 1041 1009 1120 845 894 939 932 922 888 1 0 67 71 77 0 30 0 219 79 83 0 235 159 141 148 131 192 o184
1384 1593 1516 1459 1566 1592 1362 1505 1308 1304 1310 1270 1310 1262 1282 1236 1289 1318 182 0 77 107 0 1 204 88 285 262 256 323 256 331 311 330 277 275 o267
437 383 422 383 451 349 413 447 394 375 356 406 494 494 494 494 427 494 57 111 72 111 43 145 107 73 126 145 164 114 0 0 0 0 67 0 m339
559 660 575 614 640 660 466 451 438 455 484 526 508 513 522 443 501 507 81 0 85 26 0 0 174 209 222 185 156 134 132 147 138 197 139 153 o220
212 217 204 204 242 196 244 245 180 178 184 202 260 273 260 260 239 248 48 56 56 56 31 64 16 28 80 82 89 58 0 0 0 0 34 12 m233
397 414 432 423 387 432 343 366 396 389 331 406 316 294 311 348 306 351 35 0 0 9 27 0 65 25 12 19 60 2 116 120 121 84 108 81 d266
545 525 525 546 529 525 489 435 426 442 473 418 469 501 477 500 495 486 1 0 0 0 17 0 57 90 99 104 73 107 77 24 48 46 51 39 md160
349 330 327 350 344 350 276 250 267 263 271 305 277 243 244 322 247 263 1 20 9 0 6 0 74 100 69 87 79 45 73 107 92 28 103 87 s55
717 674 724 634 672 699 613 523 511 501 510 512 565 700 728 728 700 728 11 26 4 94 28 29 141 202 243 253 215 242 163 0 0 0 0 0 jd329
539 543 457 457 558 540 419 435 386 413 377 413 406 436 385 370 425 466 1 15 83 83 0 0 151 154 184 157 212 157 134 122 155 170 133 74 o103
1695 1850 1813 1790 1850 1813 1384 1518 1591 1364 1557 1549 1753 1535 1787 1783 1816 1762 118 0 0 23 0 0 478 382 271 498 343 313 60 315 26 30 34 51 d408
877 846 850 884 719 850 716 647 717 789 691 698 772 799 850 884 884 850 7 4 0 0 165 0 194 228 158 121 219 177 112 51 0 0 0 0 jd3
466 572 572 550 572 572 456 444 512 510 559 555 458 541 495 493 466 437 106 0 0 0 0 0 142 154 86 65 39 43 114 31 77 57 106 135 j63
2239 2240 2240 2167 1908 2212 1744 1800 1818 1666 1774 1765 2240 2240 1932 2240 2240 2240 1 0 0 73 332 28 432 376 358 510 402 411 0 0 308 0 0 0 ad323
380 418 399 395 360 362 267 239 210 228 283 298 399 418 289 399 420 399 19 2 0 4 60 37 132 181 189 171 137 101 0 2 110 0 0 0 ad158
471 418 499 496 502 465 516 458 374 448 345 482 560 540 560 560 477 560 89 122 61 64 38 95 72 109 214 140 222 106 0 0 0 0 63 0 m278
1328 1345 1404 1383 1365 1404 1187 1162 1217 1280 1143 1328 1180 1368 1404 1404 1368 1404 76 23 0 21 3 0 256 244 226 163 263 115 224 0 0 0 0 0 j113
387 373 357 364 305 298 349 307 267 310 314 317 416 400 416 416 345 416 29 27 59 52 95 118 67 93 149 106 86 99 0 0 0 0 55 0 m379
362 390 402 427 413 432 296 339 251 316 289 318 373 300 292 283 290 300 70 24 30 5 1 0 112 52 157 92 102 90 59 114 140 149 124 132 o206
558 567 588 567 563 567 359 422 355 361 428 441 484 561 584 562 561 545 9 0 0 0 4 0 235 172 261 233 166 153 83 6 4 5 6 22 f381
889 916 875 773 960 905 764 833 774 842 828 768 776 928 928 960 960 928 71 12 53 187 0 23 196 95 154 118 132 160 184 0 0 0 0 0 jt113
441 429 442 442 412 442 363 322 313 323 275 352 365 345 377 375 375 342 1 0 0 0 17 0 79 107 129 119 154 90 77 84 65 67 54 100 n302
290 305 408 391 376 386 246 270 306 313 296 278 346 329 309 254 263 314 101 86 0 0 15 5 122 98 78 55 72 90 45 62 99 137 128 77 md416
1187 1365 1330 1352 1365 1365 918 1058 909 1038 1085 1141 1213 1365 1330 1365 1299 1362 178 0 0 13 0 0 447 307 421 327 280 224 152 0 0 0 66 3 f56
915 927 902 963 916 907 809 879 875 830 958 920 936 989 989 1012 1012 989 97 62 87 49 96 82 247 153 157 226 98 112 76 0 0 0 0 0 f493
480 506 497 431 501 476 386 389 354 328 388 361 383 502 506 506 506 506 26 0 9 75 5 30 142 139 174 200 140 167 123 4 0 0 0 0 jt272
1569 1524 1552 1647 1524 1620 1175 1205 1238 1225 1124 1341 1496 1267 1302 1285 1381 1312 51 96 68 0 96 0 445 415 382 422 496 279 124 353 318 362 239 308 n88
703 704 649 704 683 704 686 693 617 670 582 614 545 562 555 507 551 597 1 0 55 0 21 0 50 43 119 66 154 122 159 142 149 197 153 107 o450
596 608 602 622 587 632 438 435 460 512 481 467 550 682 682 682 682 682 86 74 80 60 95 50 275 278 253 201 232 246 132 0 0 0 0 0 j143
334 332 357 321 357 357 251 255 244 186 273 298 316 343 328 322 318 297 40 25 0 53 17 0 123 102 113 188 101 59 58 14 29 52 56 60 jt336
753 748 740 673 592 698 660 558 456 580 547 516 718 754 618 725 754 754 1 6 14 52 162 56 120 222 324 170 233 264 36 0 136 0 0 0 ad276
303 273 314 364 356 344 325 332 284 227 282 269 374 374 374 391 320 374 71 101 60 27 18 30 49 42 90 164 92 105 0 0 0 0 54 0 m299
318 322 367 364 301 364 223 284 259 223 197 295 337 368 321 356 305 322 54 62 5 8 83 8 118 68 82 118 155 46 35 16 51 16 79 50 s293
113 121 116 127 132 128 88 71 50 71 94 69 132 132 118 109 115 121 19 11 16 5 0 4 32 49 70 49 26 51 0 0 14 23 17 11 md283
523 547 550 567 522 567 402 380 274 458 456 382 567 567 482 553 567 567 44 20 17 0 45 0 192 214 320 136 138 212 0 0 85 14 0 0 ad37
1278 1329 1295 1392 1392 1392 1114 1281 1215 1277 1392 1374 1223 1047 1281 1169 1129 1120 114 63 97 0 0 0 278 111 177 115 0 18 169 345 111 223 263 272 o430
379 414 414 429 432 414 305 307 320 310 340 290 348 358 374 358 379 362 53 0 0 3 0 0 103 84 71 98 68 101 84 56 40 74 53 52 j223
479 465 480 460 496 480 457 458 454 420 468 459 336 412 400 378 399 342 1 31 0 20 0 0 53 69 56 90 59 51 144 84 80 102 97 138 o83
551 453 493 552 550 552 569 414 412 479 447 471 485 549 492 485 507 510 1 99 35 0 2 0 6 161 138 96 128 104 67 3 36 67 45 42 md29
804 676 847 766 734 760 797 688 784 764 791 836 819 762 831 781 761 739 54 182 33 92 124 98 100 209 136 133 106 61 39 96 49 77 97 119 md12
863 840 864 864 803 864 754 712 730 754 682 757 686 780 706 736 662 770 1 0 0 0 37 0 110 128 134 110 158 107 178 60 158 128 178 94 md491
527 544 528 528 496 525 467 404 397 436 421 344 432 445 439 415 447 477 1 0 0 0 48 3 61 140 131 92 123 184 96 99 89 113 97 51 n93
504 621 650 625 491 625 513 353 452 441 314 442 498 524 650 625 625 625 121 4 0 0 134 0 112 272 198 184 311 183 127 101 0 0 0 0 jd385
914 1032 1050 1020 1020 1050 794 778 859 893 953 1060 857 1050 981 886 831 871 106 18 0 0 0 0 260 307 226 161 101 25 163 0 69 134 189 179 j56
635 662 631 616 676 642 592 541 570 408 535 504 501 626 650 650 676 650 15 14 19 34 0 8 83 161 105 267 167 171 149 50 0 0 0 0 jt198
680 805 814 792 682 814 586 649 586 690 466 646 639 618 582 596 622 586 112 9 0 0 110 0 170 128 191 66 290 131 153 196 232 196 170 228 n415
389 373 349 365 390 371 252 273 284 244 261 253 364 318 337 318 319 348 1 17 41 12 0 19 138 117 106 133 129 137 26 72 53 59 71 42 s238
305 292 264 306 282 261 254 155 236 188 285 194 267 197 224 255 241 232 1 14 60 0 24 45 52 151 88 118 21 112 39 109 100 51 65 74 a208
524 519 488 522 476 451 418 301 427 405 400 370 452 447 435 428 421 501 1 6 37 3 49 74 107 224 98 120 125 155 73 78 90 97 104 24 md394
3195 3196 2668 2709 2601 2976 2950 2789 2943 3044 3104 3149 2944 3127 3128 3196 3196 3196 1 0 460 487 595 220 199 360 139 105 45 0 252 69 0 0 0 0 jt24
359 329 329 269 301 332 344 216 276 257 243 276 309 291 360 360 340 360 1 11 31 91 39 28 34 141 102 121 114 102 51 49 0 0 0 0 jt129
804 682 858 811 819 858 768 611 701 650 695 732 759 702 858 858 819 858 54 137 0 47 0 0 90 208 157 208 124 126 99 117 0 0 0 0 jd147
935 924 773 830 910 915 791 763 770 713 549 669 715 794 776 736 835 788 1 12 187 106 26 21 106 134 150 184 348 228 221 142 184 200 101 148 o234
485 486 479 366 470 486 398 391 391 291 400 377 406 445 479 508 483 475 1 0 7 147 16 0 106 113 113 241 104 127 80 41 7 5 3 11 jt330
738 870 864 833 886 851 774 625 704 648 676 671 696 882 864 864 891 864 126 21 0 31 5 13 122 299 192 248 248 225 168 9 0 0 0 0 j422
1025 938 1026 987 1026 1026 997 796 1010 824 949 1022 812 724 749 772 772 738 1 88 0 12 0 0 29 230 16 175 77 4 214 302 277 227 254 288 s494
483 606 602 523 415 457 541 464 472 567 570 624 566 524 648 648 621 648 165 15 46 125 206 191 83 134 152 57 28 0 82 97 0 0 0 0 jd128
557 506 492 470 408 525 428 387 342 424 362 406 580 560 485 580 560 580 23 54 88 110 152 55 123 145 209 127 170 145 0 0 95 0 0 0 ad216
883 910 851 811 910 884 802 892 742 744 916 913 620 721 656 688 665 634 1 0 33 73 0 0 116 53 176 174 29 5 264 189 228 196 245 250 o494
236 243 260 223 244 247 168 160 189 165 158 134 204 244 260 247 247 247 11 4 0 24 3 0 60 68 51 63 70 94 43 3 0 0 0 0 jd232
319 300 267 290 300 256 288 255 175 250 277 184 226 171 209 279 228 249 1 0 53 30 0 64 16 30 129 54 8 120 94 129 111 41 72 71 a41
522 550 525 525 550 525 479 543 471 501 538 546 397 480 423 423 444 403 3 0 0 0 0 0 67 29 75 45 34 0 128 70 102 102 106 122 jd472
464 465 367 425 465 465 342 432 358 340 341 344 350 348 349 330 388 353 1 0 98 40 0 0 123 33 107 125 124 121 115 117 116 135 77 112 o391
471 353 471 483 503 452 351 273 367 307 366 355 399 477 528 506 506 506 35 153 57 23 3 54 132 210 137 176 117 128 107 29 0 0 0 0 j218
449 450 329 475 444 411 363 385 281 425 447 292 389 374 347 379 371 357 1 0 121 0 6 39 87 65 169 50 3 158 61 76 103 96 79 93 a407
325 370 420 403 405 405 352 252 312 250 275 317 332 301 357 322 332 313 80 35 0 2 0 0 53 153 108 155 130 88 73 104 63 83 73 92 j396
486 544 544 544 544 544 458 481 468 501 539 536 486 441 467 420 430 451 58 0 0 0 0 0 120 97 110 77 39 42 58 103 77 124 114 93 f177
727 694 792 762 754 785 560 587 625 602 669 634 664 718 670 622 628 692 41 98 0 6 14 7 208 205 167 166 99 158 104 74 122 146 140 100 md267
868 1013 949 1011 1002 1032 840 907 839 924 766 850 807 884 862 857 862 892 164 43 83 21 54 0 149 105 150 65 246 139 225 172 170 175 194 140 o286
1129 1239 1231 1265 1122 1240 927 946 862 1004 812 904 1170 1238 1125 1229 1215 1213 136 3 34 0 120 25 283 242 348 206 376 306 95 4 140 36 27 52 d335
436 456 437 437 448 437 437 375 346 353 376 427 373 322 333 343 325 381 1 0 0 0 8 0 0 81 91 84 80 10 64 134 104 94 131 56 a216
670 624 740 777 712 777 649 548 597 702 576 588 684 626 586 563 615 627 107 153 16 0 65 0 91 192 123 38 164 152 93 151 170 214 162 150 s214
175 217 226 202 195 223 114 144 105 133 113 130 211 182 193 176 202 198 45 14 5 18 25 8 86 66 105 67 87 80 9 49 38 44 18 33 ad225
1367 1306 1355 1301 1337 1368 1290 1091 1250 1242 1153 1210 1198 1120 1081 1088 1182 1117 1 98 13 67 67 0 78 313 118 126 251 158 170 284 287 280 222 251 s56
370 389 372 377 409 389 461 442 375 366 412 427 476 493 476 476 456 476 106 104 104 99 84 87 43 80 129 138 110 77 0 0 0 0 37 0 m194
373 357 357 323 305 357 318 337 344 285 261 305 313 307 312 320 315 301 1 0 0 51 69 0 78 41 34 111 135 73 61 50 45 54 59 56 jt144
1147 1130 1148 1107 957 1148 1072 881 944 844 794 918 1094 1126 933 1073 1132 1148 1 18 0 0 191 0 76 267 204 263 354 230 54 22 215 34 16 0 ad186
867 948 931 993 877 1004 792 647 538 739 678 688 1012 968 929 1014 1040 993 147 92 83 21 163 10 183 353 437 236 322 287 2 72 85 0 0 21 d315
291 293 266 215 309 299 204 188 243 216 220 266 269 275 322 299 322 322 31 29 56 84 13 23 104 120 65 70 88 42 53 47 0 0 0 0 jt402
531 523 512 468 551 532 423 463 464 422 426 479 397 436 381 419 439 442 1 28 20 64 0 0 137 117 96 138 154 81 135 115 151 113 112 90 o30
454 513 449 430 483 440 415 419 398 405 377 413 527 544 527 527 506 523 73 31 78 97 61 87 112 125 129 122 167 114 0 0 0 0 38 4 m87
253 377 377 347 364 377 272 110 312 271 224 274 343 290 280 256 285 299 111 0 0 17 0 0 92 267 65 93 140 103 21 87 97 108 79 78 j316
434 393 431 435 414 435 370 308 333 317 270 361 383 328 377 390 359 330 1 42 4 0 21 0 36 98 73 89 136 45 52 107 58 45 76 105 s261
393 510 495 495 490 461 325 338 322 281 296 321 432 345 358 364 377 394 102 0 0 0 20 34 137 138 140 181 180 141 63 165 137 131 133 101 f356
269 268 267 270 263 232 288 197 200 217 266 228 232 189 212 191 197 222 1 2 3 0 7 38 0 91 88 71 22 60 38 81 58 79 73 48 a255
284 338 357 374 374 357 245 267 250 262 246 295 281 276 282 321 233 299 90 19 0 0 0 0 107 69 86 90 106 41 93 81 75 53 141 58 s500
587 627 608 627 619 627 450 481 403 372 499 450 575 625 608 625 627 621 40 0 0 0 8 0 177 146 205 255 128 177 52 2 0 2 0 6 f471
1394 1395 1362 1321 1342 1395 1315 1295 1287 1220 1171 1375 1222 1019 1085 1208 1174 989 1 0 2 74 53 0 125 145 121 220 269 65 173 376 279 187 221 406 n245
736 832 843 861 830 872 707 701 667 691 645 689 882 882 882 859 882 882 146 50 39 0 52 10 133 139 173 129 195 151 0 0 0 2 0 0 n334
650 562 581 651 568 651 625 492 572 627 422 605 547 490 528 558 507 469 1 68 70 0 62 0 57 168 110 55 238 77 104 140 123 93 123 182 s285
503 500 502 490 441 500 375 307 350 325 312 391 440 384 417 412 403 396 1 4 2 0 63 4 165 233 190 200 228 149 64 120 87 78 101 108 n281
187 155 194 182 196 170 144 119 122 160 176 152 162 181 127 134 165 166 9 41 2 0 0 26 66 91 88 35 34 58 34 15 69 48 31 30 a317
255 190 240 272 256 223 215 174 175 197 248 208 226 226 213 231 225 230 1 66 16 0 0 33 41 82 81 75 8 48 30 30 43 41 31 26 a420
678 709 560 692 748 748 585 553 494 563 604 538 653 649 653 527 581 628 70 39 188 39 0 0 119 151 210 125 100 166 95 99 95 204 167 120 o187
251 266 252 252 245 240 183 180 160 175 189 204 201 214 213 217 190 240 1 0 14 0 7 26 51 67 87 59 45 43 51 52 53 35 62 26 a302
727 801 774 805 745 797 542 501 476 504 527 526 799 690 764 805 803 793 78 4 8 0 60 8 228 269 272 266 243 244 6 115 18 0 2 12 d482
572 591 575 540 526 535 449 438 444 414 405 444 433 598 575 575 598 575 3 7 0 35 72 40 151 186 156 186 219 156 142 0 0 0 0 0 jd275
461 477 481 525 532 532 482 418 366 425 506 530 437 439 433 345 387 401 71 55 51 7 0 0 78 142 194 135 54 30 95 93 99 187 145 131 md172
222 271 273 267 272 273 215 225 188 220 217 208 207 222 232 217 241 206 51 2 0 6 1 0 58 48 85 53 56 65 66 51 41 56 32 67 j462
729 775 803 759 682 796 623 624 537 671 654 675 837 829 738 837 837 837 108 62 65 78 155 41 187 186 303 139 156 135 0 8 130 0 0 0 ad487
314 350 338 338 341 338 283 228 268 283 229 295 293 304 324 336 326 292 24 1 0 0 10 0 81 150 96 81 149 69 45 47 14 2 25 46 d384
569 614 638 630 630 640 519 462 539 602 466 554 523 500 500 530 544 511 71 46 2 10 30 0 121 198 101 38 194 86 117 160 140 110 116 129 s6
713 661 702 718 741 688 639 598 695 586 625 617 636 780 780 806 780 780 67 119 78 88 39 92 141 182 85 220 155 163 144 0 0 0 0 0 j198
599 612 605 638 590 456 485 371 407 489 363 474 611 612 590 638 572 591 17 4 11 0 26 160 159 273 237 178 281 170 5 4 26 0 44 25 m131
207 221 208 206 214 208 188 149 171 172 179 190 208 185 151 136 142 182 1 0 0 2 7 0 36 89 53 52 59 34 0 36 57 72 79 26 md402
924 919 992 1024 911 992 731 702 719 856 668 773 1024 992 828 1024 1024 992 100 73 0 0 113 0 293 290 273 168 356 219 0 0 164 0 0 0 d425
767 802 823 728 809 821 610 601 559 593 593 614 828 711 828 805 828 828 61 26 5 77 19 7 182 191 233 177 199 178 0 117 0 0 0 0 d379
3063 3221 3185 3185 2859 3185 2548 2691 2716 2846 2577 2669 3185 3077 3024 3185 3234 3185 122 13 0 0 375 0 637 543 469 339 657 516 0 157 161 0 0 0 d176
448 521 515 448 420 535 473 389 353 406 389 420 550 504 494 550 550 550 102 29 35 102 130 15 77 161 197 144 161 130 0 46 56 0 0 0 ad391
337 309 362 371 380 315 315 244 253 281 237 276 400 380 380 400 355 380 63 71 18 29 20 65 85 136 127 119 163 104 0 0 0 0 45 0 m313
597 614 653 717 633 627 589 598 506 567 530 503 720 696 720 720 583 694 123 82 67 3 63 93 101 69 184 123 137 187 0 0 0 0 113 26 m335
313 351 291 304 368 368 258 301 280 272 253 299 315 368 352 368 353 368 55 17 61 64 0 0 133 90 94 119 138 92 53 0 0 0 15 0 jt288
1455 1393 1456 1333 1456 1456 1426 1270 1393 1199 1299 1433 1220 1110 1202 1143 1156 1186 1 63 0 149 0 0 86 242 119 340 213 79 236 346 254 339 300 270 s388
783 701 810 784 643 801 752 540 508 444 483 618 666 770 706 777 784 812 1 111 2 0 141 11 32 272 304 340 301 194 118 42 106 7 0 0 ad451
260 258 223 248 263 232 164 105 159 139 121 154 265 206 264 278 233 229 20 12 47 32 17 38 88 138 84 113 131 89 15 64 6 2 47 41 n233
482 481 458 471 434 435 452 283 349 405 350 458 442 355 417 453 432 446 1 2 4 12 49 48 31 200 113 78 133 25 41 128 45 30 51 37 a89
806 707 786 734 711 768 701 574 648 661 639 658 727 738 810 783 810 810 4 103 24 49 99 42 79 206 132 93 141 122 83 72 0 0 0 0 jd199
628 608 596 630 649 606 467 514 552 503 562 510 521 667 667 696 696 667 68 59 71 66 47 61 205 130 92 169 110 134 175 0 0 0 0 0 j351
923 924 924 779 848 924 770 701 603 620 620 865 924 924 772 920 924 924 1 0 0 145 76 0 154 223 321 304 304 59 0 0 152 4 0 0 ad332
573 574 574 570 543 558 462 435 413 411 358 434 496 454 450 508 397 454 1 0 0 4 31 16 153 180 202 204 257 181 78 120 124 66 177 120 n356
255 221 246 256 234 234 213 188 184 225 225 206 205 201 181 215 186 206 1 19 10 0 6 22 59 67 88 47 30 66 51 39 75 41 54 50 a50
417 400 413 407 389 402 264 194 238 250 246 301 408 332 355 367 328 315 1 18 5 0 29 16 116 186 142 120 134 79 10 86 63 40 90 103 n288
439 419 378 440 419 325 369 326 311 342 402 300 306 320 341 388 349 354 1 1 42 0 21 95 49 73 88 76 16 99 134 100 79 52 91 66 a393
223 238 238 224 221 236 193 159 152 133 189 180 199 190 183 153 146 199 1 0 0 0 3 2 31 79 86 91 35 58 25 48 55 71 78 39 md189
607 547 567 608 608 608 576 487 605 523 587 551 480 421 426 414 384 465 1 61 41 19 0 0 64 153 35 137 53 89 128 187 182 213 224 143 s244
458 402 405 483 460 433 365 326 338 422 408 396 410 447 404 411 408 426 2 58 55 0 0 27 75 114 102 40 32 44 50 13 56 72 52 34 a398
838 736 830 855 825 855 740 706 779 874 710 795 739 674 614 669 588 703 17 100 25 0 11 0 160 174 121 26 170 105 116 162 241 186 248 152 s404
220 220 224 221 221 186 181 176 148 182 200 164 177 169 187 192 206 191 1 1 14 0 0 35 27 32 76 26 8 44 44 52 51 29 15 30 a266
470 469 520 505 493 505 421 411 437 399 412 386 433 500 520 520 500 520 50 31 0 15 7 15 125 114 109 147 113 160 87 0 0 0 0 0 j148
538 531 676 650 650 650 549 489 520 477 523 483 648 629 588 598 542 587 112 119 0 0 0 0 101 161 156 173 127 167 2 21 88 52 108 63 m382
319 304 304 320 312 304 222 165 211 207 197 229 260 304 304 320 320 304 1 0 0 0 8 0 98 139 93 113 123 75 60 0 0 0 0 0 j240
837 725 897 870 754 900 855 700 781 718 719 703 804 820 900 870 900 900 63 175 3 0 146 0 75 230 149 181 211 227 96 80 0 0 0 0 jd463
633 675 702 731 696 740 644 664 626 662 643 643 629 603 621 582 559 594 107 65 58 9 44 0 133 113 172 115 134 134 111 137 139 158 181 146 o214
799 899 855 933 944 907 699 740 644 689 750 673 885 930 930 960 954 930 161 31 75 27 16 23 261 190 286 271 210 257 75 0 0 0 6 0 f470
961 980 982 989 915 989 691 674 649 701 660 723 918 989 970 961 870 970 28 9 7 0 74 0 298 315 340 288 329 266 71 0 19 28 119 19 n429
719 700 636 647 704 720 560 628 595 547 669 633 608 599 658 558 626 560 1 20 84 53 16 0 160 92 125 153 51 87 112 121 62 142 94 160 o113
663 746 783 783 757 783 694 702 677 751 702 727 644 675 712 677 518 585 120 37 0 0 26 0 118 110 135 61 110 85 139 108 71 106 265 198 o74
670 621 653 613 593 694 556 561 629 559 559 569 679 754 780 780 754 780 110 133 127 167 161 86 224 193 151 221 195 211 101 0 0 0 0 0 f32
346 339 351 364 343 351 257 190 253 260 232 249 357 290 259 328 256 280 18 12 0 0 21 0 79 134 71 76 104 75 7 61 92 36 108 71 n55
1778 1759 1827 1832 1870 1921 1911 1842 1954 1774 1904 1869 1799 1729 1732 1765 1544 1751 147 111 98 93 0 4 49 62 6 186 0 91 126 141 193 160 326 174 jd213
527 494 483 498 523 503 533 421 378 428 517 470 442 492 528 528 550 528 1 56 45 30 27 25 19 154 174 124 58 82 86 58 0 0 0 0 j265
401 363 476 459 459 459 420 357 353 340 326 335 385 374 383 364 403 386 58 96 0 0 0 0 12 75 95 92 106 97 74 85 93 95 56 73 j169
247 243 231 226 233 228 222 225 205 251 213 254 273 260 273 273 238 273 26 17 42 47 27 45 72 55 89 43 67 40 0 0 0 0 22 0 m107
389 450 468 468 446 468 372 400 324 375 389 436 416 310 365 355 372 341 79 0 0 0 4 0 122 75 170 119 86 58 52 140 103 113 78 127 f313
143 153 140 144 153 117 117 83 91 99 114 111 135 138 123 116 119 128 1 0 4 0 0 27 43 87 69 61 56 49 9 15 21 28 34 16 md129
339 381 406 395 417 406 373 293 301 286 332 291 353 286 351 272 327 307 67 39 0 11 3 0 33 127 105 120 88 115 53 134 55 134 93 99 j260
374 392 389 406 390 379 300 322 243 310 294 291 342 295 321 310 300 308 18 0 3 0 2 13 92 70 149 96 98 101 50 97 71 96 92 84 f344
512 580 580 600 522 580 407 396 430 531 375 456 530 446 428 459 512 474 88 0 0 0 78 0 163 155 121 39 195 95 70 134 152 141 88 106 n147
322 264 317 323 323 293 276 255 249 275 300 240 265 228 253 273 243 258 1 59 6 0 0 30 66 87 93 67 42 102 58 95 70 50 80 65 a271
360 361 342 361 249 357 243 233 178 222 227 240 361 361 267 361 361 361 1 0 0 0 112 4 99 109 146 120 115 102 0 0 75 0 0 0 ad350
827 941 880 832 972 989 728 815 750 728 830 765 806 989 989 989 989 989 162 48 109 157 17 0 238 151 216 238 136 201 183 0 0 0 0 0 jt214
313 288 324 306 340 333 325 362 304 311 330 326 416 416 416 416 378 416 103 128 92 110 76 83 91 54 112 105 86 90 0 0 0 0 38 0 m413
896 945 972 934 865 945 677 697 773 829 668 728 923 846 903 945 939 945 49 0 0 11 80 0 303 283 235 151 312 252 22 99 69 0 6 0 d358
505 483 390 506 506 506 342 344 311 460 499 372 499 503 474 463 436 434 1 23 94 0 0 0 164 162 173 46 7 134 7 3 10 43 70 72 a64
1296 1153 1423 1428 1315 1428 1267 1322 1256 1249 1169 1180 1251 1228 1428 1428 1428 1428 132 275 5 0 113 0 127 72 138 145 225 214 177 200 0 0 0 0 jd430
276 322 328 322 322 322 230 170 134 230 228 156 298 249 289 243 273 260 46 0 8 0 0 0 69 129 178 69 71 143 24 73 47 79 49 62 f247
458 483 460 475 381 483 334 312 280 293 258 325 338 483 460 483 483 483 25 0 0 8 102 0 149 171 180 190 225 158 145 0 0 0 0 0 jd103
964 1024 1056 1056 1024 1056 853 839 818 917 840 895 982 919 960 1022 910 955 92 0 0 0 0 0 170 153 205 106 152 128 74 105 96 34 114 101 m78
307 405 405 390 386 402 316 240 269 257 230 188 375 308 313 322 317 354 83 0 0 0 4 3 74 165 136 133 160 217 15 97 92 68 73 51 f273
579 486 561 513 560 580 456 467 592 448 517 540 454 366 415 438 429 580 1 74 19 67 0 0 153 121 17 161 71 69 126 194 165 142 131 0 o108
436 423 384 430 479 475 478 389 429 275 430 372 475 494 409 463 468 458 39 71 91 45 15 0 22 131 71 225 90 128 0 0 66 12 26 17 md243
464 517 550 547 520 512 376 353 416 490 379 357 414 550 550 575 550 550 86 33 0 28 30 38 174 197 134 85 171 193 136 0 0 0 0 0 jd157
767 683 768 751 744 768 768 622 709 696 741 765 600 508 561 588 589 614 1 61 0 17 0 0 0 122 59 72 3 3 168 236 207 180 155 154 s49
653 661 667 667 582 667 533 455 442 515 526 498 667 597 600 667 667 667 14 6 0 0 85 0 157 235 248 175 164 192 0 70 67 0 0 0 ad470
417 424 405 352 373 418 353 307 288 260 297 298 362 392 415 412 433 400 1 16 13 66 67 0 46 113 111 139 123 101 56 48 3 6 7 18 jt81
524 442 525 509 510 525 321 343 375 377 305 320 447 470 459 471 450 479 1 68 0 16 0 0 169 133 115 113 171 170 78 40 66 54 60 46 s23
645 616 646 646 616 646 587 579 628 541 586 587 607 542 473 506 516 502 1 30 0 0 30 0 97 105 56 143 98 97 39 104 173 140 130 144 n49
1570 1632 1632 1476 1632 1594 1347 1386 1406 1281 1394 1272 1317 1622 1629 1666 1632 1616 62 0 0 190 0 38 285 246 226 385 238 360 315 10 3 0 0 16 jd323
682 812 841 818 679 841 659 741 487 594 613 601 841 812 722 802 812 841 159 0 0 23 133 0 211 99 383 276 227 269 0 0 119 39 0 0 ad156
343 386 385 385 414 414 318 364 346 377 390 422 351 333 292 382 361 329 71 28 11 29 0 0 119 73 72 60 47 15 63 81 104 32 53 85 o61
881 881 758 882 818 882 779 829 664 827 718 823 668 709 738 698 693 672 1 1 124 0 64 0 61 11 176 13 122 17 214 173 144 184 189 210 o66
421 509 510 510 522 510 394 392 361 366 370 390 469 470 397 400 449 389 89 18 0 0 5 0 116 135 149 144 157 120 41 57 113 110 78 121 f73
282 289 244 242 289 289 236 198 185 158 275 301 211 281 289 286 203 231 7 0 45 47 0 0 70 108 121 148 31 5 78 8 0 3 86 58 jt253
274 325 338 338 314 338 256 250 279 229 256 270 302 253 283 276 273 281 64 0 0 0 11 0 108 100 85 135 94 94 36 72 55 62 52 57 f317
436 354 333 437 437 388 456 312 233 389 414 333 363 383 380 383 364 391 1 83 104 0 0 49 0 144 223 67 42 123 74 54 57 54 73 46 a40
539 540 540 525 487 540 454 421 449 453 393 448 436 414 396 451 423 396 1 0 0 0 53 0 50 83 55 37 111 56 104 126 144 74 117 144 n137
216 218 217 210 215 221 138 131 104 162 154 190 194 188 171 150 183 178 5 3 4 11 6 0 66 73 100 42 50 14 27 33 50 71 38 43 a383
431 430 429 371 448 432 341 382 372 327 358 341 336 319 319 334 371 347 1 18 3 61 0 0 118 94 87 132 118 118 96 129 113 98 77 85 o202
492 449 535 395 460 525 466 433 454 413 467 483 465 509 560 532 560 560 68 111 25 137 100 35 74 107 86 100 73 57 95 51 0 0 0 0 jt16
823 840 861 861 731 861 706 719 773 859 679 666 689 584 636 613 587 692 38 0 0 0 109 0 155 121 88 2 161 195 172 256 225 248 253 169 n477
524 525 510 504 518 525 362 408 321 355 330 397 446 408 391 420 414 429 1 0 0 21 7 0 128 82 155 135 160 93 79 117 119 105 111 96 n441
391 405 318 368 400 381 257 275 263 290 215 226 285 312 261 297 358 315 14 0 72 37 5 24 121 103 101 88 163 152 120 93 129 108 47 90 o344
391 486 446 484 486 486 345 449 347 371 386 456 417 409 400 384 395 387 95 0 22 2 0 0 114 10 95 88 73 3 69 77 68 102 91 99 o484
1195 1357 1380 1357 1339 1357 1147 1060 1084 1043 1098 1100 1293 1305 1340 1320 1289 1243 162 0 0 0 18 0 210 297 296 314 259 257 64 52 40 37 68 114 f268
539 426 540 540 520 540 476 323 419 382 401 451 537 502 480 400 423 450 1 94 0 0 0 0 64 197 121 158 119 89 3 18 60 140 97 90 ad260
671 642 644 631 565 644 572 465 487 484 438 522 581 576 644 672 672 644 1 2 0 41 107 0 76 156 134 164 210 99 91 68 0 0 0 0 jd277
424 425 425 405 371 425 281 387 345 324 253 302 362 333 326 339 357 320 1 0 0 20 54 0 119 13 55 76 147 98 63 92 99 86 68 105 jd480
1814 1883 1952 1952 1920 1952 1951 1671 1865 1696 1605 1852 1952 1752 1540 1699 1488 1545 138 37 0 0 0 0 1 249 87 256 315 100 0 168 412 253 432 407 f349
302 279 288 303 284 306 200 185 213 265 260 216 245 206 184 200 193 258 4 27 0 3 22 0 89 104 59 24 29 73 61 100 104 106 113 48 md181
959 928 960 854 879 960 730 800 723 760 607 843 894 708 850 880 811 899 1 0 0 106 49 0 230 128 237 200 321 117 66 220 110 80 117 61 ad131
403 418 315 339 405 382 296 309 293 299 299 357 324 418 396 418 418 418 15 0 81 79 13 36 122 109 103 119 119 61 94 0 0 0 0 0 jt69
470 535 576 500 565 539 516 483 458 477 470 426 595 595 570 568 542 595 125 60 36 95 30 56 114 147 190 153 160 204 0 0 42 27 53 0 m479
475 459 456 472 465 446 320 367 330 329 361 340 415 459 459 476 476 459 1 0 3 4 11 13 184 119 156 175 143 146 61 0 0 0 0 0 f302
418 442 425 370 409 365 260 288 330 292 315 329 348 442 442 442 442 442 24 0 17 72 33 77 208 180 138 176 153 139 94 0 0 0 0 0 j497
885 1053 1053 991 1026 1053 696 738 689 753 778 929 803 929 952 886 937 936 141 0 0 35 0 0 330 315 364 273 248 124 223 124 101 140 89 117 f131
351 389 319 391 352 391 223 243 146 267 237 233 336 380 383 369 377 362 40 2 72 0 39 0 168 148 245 124 154 158 55 11 8 22 14 29 f239
371 362 374 384 314 361 282 254 199 272 273 355 384 351 308 384 384 384 13 22 10 0 70 23 118 146 201 128 127 45 0 33 76 0 0 0 ad4
354 405 390 405 405 405 280 252 218 273 252 293 341 331 336 311 315 329 51 0 0 0 0 0 98 126 146 105 126 85 64 74 54 94 90 76 f151
674 749 761 803 560 728 631 471 559 480 496 605 810 780 730 725 759 810 136 31 49 7 220 82 152 283 224 303 258 178 0 0 80 85 21 0 ad234
511 454 398 439 458 405 383 420 390 396 485 391 497 560 544 544 560 544 33 106 146 105 102 139 195 175 188 182 110 187 47 0 0 0 0 0 f337
951 918 918 952 847 918 812 722 716 811 758 818 872 791 743 881 894 826 1 0 0 0 105 0 140 196 202 141 194 100 80 127 175 71 58 92 ad455
695 530 634 643 704 682 568 502 566 528 556 595 507 536 502 495 561 540 9 152 48 61 0 0 104 149 85 144 116 56 197 146 180 209 143 142 s112
710 781 798 737 798 798 592 539 510 520 531 540 798 689 791 758 781 781 88 17 0 40 0 0 168 221 250 220 229 220 0 109 7 19 17 17 d53
1611 1520 1569 1508 1371 1491 1537 1381 1085 1335 1319 1446 1612 1612 1306 1612 1612 1612 1 92 43 104 241 121 106 262 558 308 324 197 0 0 306 0 0 0 ad320
879 1020 1020 986 1020 1020 821 978 977 954 985 990 846 779 792 682 784 734 141 0 0 0 0 0 169 12 13 3 5 0 174 241 228 304 236 286 j338
504 492 494 551 549 471 412 425 407 388 434 363 532 558 558 576 576 558 72 66 64 25 27 87 196 164 182 220 174 226 44 0 0 0 0 0 f264
290 290 276 303 301 310 309 332 248 284 272 274 368 368 352 368 332 367 78 78 76 65 67 58 82 59 126 107 119 117 0 0 0 0 36 1 m136
816 741 817 790 768 817 759 633 765 753 671 739 659 600 586 612 612 640 1 57 0 27 30 0 58 165 52 64 127 78 158 198 231 205 186 177 s389
735 750 724 581 751 736 711 592 591 325 550 623 647 664 710 731 761 724 1 18 12 155 17 0 2 152 122 388 194 90 89 104 26 5 7 12 jt322
769 690 684 697 792 770 570 552 575 575 554 589 574 638 605 624 698 622 1 102 86 73 0 0 165 204 160 160 202 146 196 154 165 146 94 148 o84
417 353 359 418 390 356 403 250 308 380 342 337 342 262 294 318 313 337 1 46 40 0 28 43 15 149 91 38 76 62 76 137 105 100 105 62 a422
839 840 840 810 727 840 612 541 562 595 665 663 840 684 772 805 799 840 1 0 0 0 113 0 228 299 278 215 175 177 0 156 68 5 41 0 ad439
618 656 672 605 656 656 502 447 485 496 517 503 535 537 530 555 553 558 38 0 0 51 0 0 195 250 229 201 180 194 121 119 142 101 103 98 n367
396 540 523 514 535 520 322 358 363 367 391 402 476 551 551 551 551 551 155 11 28 37 16 31 200 164 159 155 131 120 75 0 0 0 0 0 f340
847 765 886 841 817 829 643 772 838 737 793 811 907 926 960 928 928 928 81 163 74 87 111 99 256 127 92 162 106 88 21 2 0 0 0 0 j437
752 724 738 730 609 620 575 434 450 433 442 493 752 735 630 756 735 756 4 11 18 26 126 136 145 266 270 287 258 227 4 0 126 0 0 0 ad105
251 252 252 252 239 241 181 141 207 207 178 157 213 202 162 155 171 208 1 0 0 0 13 11 92 132 66 66 95 116 39 50 90 97 81 44 md196
896 832 889 954 922 962 774 770 843 890 810 957 765 773 819 798 760 727 66 104 73 8 14 0 188 166 119 72 126 5 197 163 143 164 176 235 s160
838 868 868 834 776 868 637 664 699 660 682 642 749 819 868 899 868 868 30 0 0 65 92 0 203 176 141 210 158 198 119 49 0 0 0 0 jd478
398 416 420 422 367 379 388 269 271 296 270 316 354 379 420 441 420 420 22 4 0 19 53 41 12 131 129 124 130 84 66 41 0 0 0 0 jd158
461 450 459 403 370 425 404 266 346 334 339 333 462 337 462 483 462 462 1 12 3 80 92 37 58 196 116 149 123 129 0 125 0 0 0 0 jt297
473 496 496 479 477 444 306 320 284 257 328 291 443 452 469 465 478 487 23 0 0 17 19 52 190 176 212 239 168 205 53 44 27 31 18 9 f371
339 346 408 408 402 408 284 321 342 364 395 254 384 394 340 317 370 306 69 62 0 0 6 0 124 87 66 44 13 154 24 14 68 91 38 102 md335
459 378 480 459 428 460 378 330 433 402 335 419 359 358 329 330 369 329 1 82 0 1 32 0 59 107 23 35 102 18 101 102 151 130 91 131 s57
629 702 675 674 588 675 539 579 572 565 611 533 548 702 675 675 702 675 46 0 0 1 114 0 161 149 128 135 117 167 127 0 0 0 0 0 jd393
388 359 405 376 405 405 292 291 329 327 320 428 400 402 399 377 337 327 17 46 0 29 0 0 140 141 103 105 112 4 5 3 6 28 68 78 s472
617 775 756 752 783 674 601 556 566 548 589 615 595 783 756 756 783 756 139 8 0 4 0 82 183 256 218 236 223 169 161 0 0 0 0 0 j278
271 262 289 272 272 289 269 235 277 257 272 281 241 251 229 203 209 223 1 27 0 0 0 0 19 71 29 31 16 25 31 38 60 69 63 66 jt283
377 378 360 378 370 378 285 217 277 226 281 186 352 281 285 232 270 290 1 0 0 0 8 0 72 140 63 131 76 171 26 97 75 146 108 88 md329
892 941 942 939 922 930 678 668 579 634 615 616 751 945 945 945 945 945 53 4 3 6 23 15 222 232 321 266 285 284 194 0 0 0 0 0 f105
407 391 408 408 379 408 359 288 353 301 267 291 315 325 301 281 238 347 1 0 0 0 12 0 73 126 79 131 147 141 93 66 107 127 153 61 md143
523 522 552 514 528 552 436 408 460 419 456 444 490 479 552 552 528 552 29 6 0 38 0 0 139 142 115 156 94 131 62 49 0 0 0 0 jd39
445 484 410 440 456 386 406 433 440 395 433 485 464 525 510 510 525 510 65 41 100 70 69 124 138 127 104 149 127 59 46 0 0 0 0 0 f288
680 727 770 654 648 735 518 519 623 562 603 598 576 735 770 735 735 735 55 8 0 81 87 0 196 195 125 152 111 116 159 0 0 0 0 0 jd33
336 390 390 390 390 390 373 364 337 349 377 387 382 321 292 297 314 313 54 0 0 0 0 0 43 52 79 67 39 29 8 69 98 93 76 77 f16
919 943 943 920 867 943 659 799 773 774 759 788 791 725 763 691 707 777 1 0 0 0 53 0 221 103 129 106 121 114 129 218 180 229 213 166 n455
896 1110 1122 1051 1088 1122 873 833 919 848 937 931 907 1122 1122 1088 1088 1122 192 12 0 37 0 0 247 322 236 272 183 224 181 0 0 0 0 0 j487
333 422 384 440 410 397 296 328 357 386 357 337 370 309 321 331 330 331 107 40 56 0 52 43 144 134 83 54 105 103 70 153 119 109 132 109 a385
507 510 505 525 510 484 397 365 330 320 333 355 508 507 478 508 440 462 3 0 5 2 0 26 143 175 210 238 207 185 2 3 32 19 70 48 m359
350 340 289 360 360 279 307 306 233 349 364 247 304 248 270 290 282 270 10 0 51 0 0 61 71 51 124 29 14 110 56 92 70 70 78 70 a330
1530 1560 1600 1429 1502 1560 1390 1374 1382 1292 1497 1297 1320 1526 1571 1501 1461 1496 30 0 0 131 58 0 209 225 258 307 102 302 240 34 29 59 99 64 jd176
495 510 510 505 495 510 393 428 432 479 481 459 401 406 404 345 367 402 15 0 0 5 15 0 117 82 78 31 29 51 109 104 106 165 143 108 f174
501 474 504 457 504 504 355 359 345 342 364 349 412 371 401 396 368 436 3 30 0 33 0 0 149 145 159 148 140 155 92 133 103 94 136 68 s194
659 696 720 720 694 720 610 613 566 605 635 626 615 669 671 662 641 662 61 0 0 0 2 0 140 112 184 145 90 124 105 27 49 58 55 58 f379
763 562 784 687 600 741 761 694 711 737 665 703 688 664 792 825 792 792 29 230 8 138 192 51 55 122 105 113 151 113 104 128 0 0 0 0 jt15
755 813 798 753 823 800 611 626 554 603 609 605 749 850 850 850 850 850 95 37 52 97 27 50 273 258 330 281 275 279 101 0 0 0 0 0 f329
280 336 320 305 342 322 216 275 231 202 304 260 315 306 291 308 339 291 44 6 4 19 0 2 108 67 93 122 38 64 9 36 33 16 3 33 a252
767 849 825 603 856 811 799 605 633 611 590 723 778 789 868 837 868 868 101 19 43 234 12 57 97 291 263 253 306 173 90 79 0 0 0 0 jt9
1175 1069 1225 1225 1235 1225 1153 861 838 968 942 891 1082 1031 1031 922 996 1017 50 181 0 0 15 0 23 339 338 208 258 285 143 219 194 303 254 208 j370
287 289 263 280 248 256 272 239 170 192 166 213 212 205 208 261 283 296 1 17 43 8 40 50 16 67 136 96 122 93 76 101 98 27 5 10 a1
1744 1640 1739 1511 1622 1625 1672 1513 1530 1483 1570 1542 1802 1597 1768 1802 1802 1802 58 162 29 291 180 177 183 342 290 372 285 313 0 205 0 0 0 0 jt163
558 597 631 586 572 598 482 418 445 435 463 503 530 621 644 644 621 644 86 24 13 58 49 46 162 203 199 209 158 141 114 0 0 0 0 0 j8
868 873 850 802 757 843 756 686 587 700 648 682 924 952 755 924 952 924 56 79 74 122 195 81 135 232 304 191 270 209 0 0 169 0 0 0 ad333
721 776 836 858 776 836 764 685 680 791 693 705 779 836 697 858 836 836 115 60 0 0 60 0 110 189 194 106 181 169 57 0 139 0 0 0 d406
718 665 800 825 800 800 687 620 701 648 613 796 733 682 600 616 564 581 82 135 0 0 0 0 113 180 99 177 187 4 67 118 200 209 236 219 o172
467 497 528 453 483 475 375 390 398 343 408 356 393 504 528 504 504 504 37 7 0 51 21 29 108 93 108 140 75 127 111 0 0 0 0 0 jd227
782 758 754 737 779 742 771 837 834 796 804 834 879 912 912 888 906 912 130 154 158 151 133 170 141 75 78 92 108 78 33 0 0 0 6 0 f461
349 350 252 335 318 350 184 237 215 218 155 186 249 263 259 245 268 261 1 0 98 15 32 0 141 88 110 107 170 139 101 87 91 105 82 89 o368
893 924 921 881 892 924 714 705 652 736 726 629 869 852 871 885 861 876 31 0 3 64 32 0 210 219 272 209 198 295 55 72 53 60 63 48 n487
796 806 832 726 739 771 591 630 607 550 528 645 651 806 832 832 802 832 36 0 0 106 67 61 241 176 225 282 278 187 181 0 0 0 4 0 jd279
787 864 847 821 783 843 870 727 749 807 721 815 946 946 924 944 946 946 159 82 77 125 163 103 119 262 217 182 268 174 0 0 0 2 0 0 n341
756 791 851 835 867 851 819 566 558 586 555 597 792 789 744 874 869 834 118 60 0 39 7 0 93 322 330 326 357 291 82 62 107 0 5 17 d221
254 255 240 244 246 255 203 195 204 208 259 195 218 195 153 170 184 213 1 0 0 11 9 0 69 77 52 64 13 77 37 60 87 85 71 42 md325
242 326 336 336 299 336 205 234 212 266 162 260 260 279 276 324 234 264 94 10 0 0 37 0 131 102 124 70 174 76 76 57 60 12 102 72 d289
769 857 924 825 896 924 622 717 730 719 739 839 924 765 899 897 849 860 155 39 0 99 0 0 335 211 227 238 189 118 0 131 25 27 47 64 d437
500 525 510 471 523 510 388 368 448 424 407 443 390 383 358 403 399 391 10 0 0 39 2 0 156 192 96 120 153 101 120 142 152 107 126 119 s316
686 693 660 489 629 693 511 462 543 454 538 569 545 629 660 693 693 693 7 0 0 204 64 0 182 231 117 239 155 124 148 64 0 0 0 0 jt358
1006 1113 1098 1152 1100 1152 998 938 909 941 823 844 1034 894 851 981 925 945 146 15 54 0 28 0 202 237 291 259 352 356 118 234 301 171 203 207 s370
344 317 345 345 334 276 269 197 232 205 285 227 277 238 224 289 255 259 1 28 0 0 11 69 53 125 90 117 37 95 68 107 121 56 90 86 a337
509 527 527 510 452 527 379 417 431 373 361 388 462 364 402 456 400 400 1 0 0 0 58 0 101 79 65 107 119 108 48 163 125 54 110 127 n129
759 740 760 727 651 760 616 558 529 577 446 609 613 519 607 645 589 555 1 0 0 33 89 0 144 182 231 183 294 151 147 221 153 115 151 205 n339
428 469 404 411 476 423 335 386 387 404 408 362 394 480 480 500 480 480 52 11 76 89 4 57 145 94 93 96 72 118 86 0 0 0 0 0 jt23
751 780 780 780 634 757 580 600 604 660 589 569 675 736 780 780 780 780 29 0 0 0 146 23 200 180 176 120 191 211 105 44 0 0 0 0 jd75
970 1073 1062 1039 1088 1010 924 720 820 811 736 833 1119 934 1122 1121 1097 1122 152 27 60 83 12 112 147 330 251 260 314 238 3 166 0 1 3 0 d187
173 158 173 163 178 157 179 164 120 133 109 161 220 220 220 209 201 220 47 62 47 46 42 63 41 56 100 76 111 59 0 0 0 0 19 0 m287
376 390 377 377 376 377 287 289 257 325 309 286 353 370 314 278 325 365 1 0 0 0 14 0 90 101 120 52 81 91 24 20 63 99 65 12 md288
653 668 626 686 618 624 707 703 669 691 669 684 756 777 756 756 723 756 103 109 130 70 159 132 85 111 123 101 145 108 0 0 0 0 54 0 m104
479 461 428 429 480 464 296 367 370 360 361 320 428 380 360 362 412 391 1 3 36 51 0 0 154 68 65 90 89 115 52 84 104 118 68 73 o69
377 378 392 378 351 352 325 292 291 266 295 296 328 355 331 314 326 342 1 0 0 0 27 26 53 86 101 112 83 82 50 23 61 64 52 36 md246
491 492 492 478 465 492 416 321 361 392 384 407 432 395 410 428 381 370 1 0 0 14 27 0 117 212 172 141 149 126 60 97 82 64 111 122 n371
675 620 676 676 620 676 566 478 477 468 409 455 608 616 676 676 687 651 1 82 0 0 82 0 110 224 199 208 293 221 68 86 0 0 15 25 jd154
666 562 608 667 665 667 661 366 447 500 477 528 563 608 516 639 630 641 1 105 36 0 2 0 6 301 197 167 190 139 104 59 128 28 37 26 md451
418 462 462 427 462 462 294 263 275 252 295 335 381 385 450 456 460 444 44 0 0 35 0 0 147 178 166 189 146 106 81 77 12 6 2 18 jd387
447 429 320 442 401 448 368 329 286 367 276 375 409 305 316 331 321 317 1 3 128 6 31 0 52 76 134 53 129 45 39 127 132 117 111 131 s189
307 290 313 334 381 322 312 336 255 233 242 282 416 432 416 416 405 416 109 142 103 82 51 94 78 69 135 157 163 108 0 0 0 0 27 0 m103
539 523 540 491 540 540 493 340 397 454 370 427 474 468 435 464 459 452 1 17 0 34 0 0 83 236 179 106 206 149 66 72 105 61 81 88 n300
455 460 460 481 365 460 307 313 278 308 285 323 460 460 362 483 460 460 5 0 0 2 95 0 133 127 162 154 155 117 0 0 98 0 0 0 ad325
616 608 624 641 604 630 527 537 566 553 608 566 590 690 690 713 690 690 74 82 66 72 86 60 163 153 124 160 82 124 100 0 0 0 0 0 j204
341 365 334 336 377 317 302 308 318 242 318 310 348 343 363 302 336 327 43 31 50 48 19 67 114 121 98 174 111 106 36 53 21 82 60 57 f252
671 672 672 672 585 672 502 494 411 453 513 464 649 672 527 653 664 646 1 0 0 0 87 0 170 178 261 219 159 208 23 0 145 19 8 26 ad275
712 703 736 713 713 707 623 518 516 498 534 561 713 713 736 713 674 698 1 10 0 0 0 6 121 226 252 246 210 183 0 0 0 0 39 15 m185
377 378 343 378 370 344 298 305 260 278 327 250 328 342 336 343 319 311 1 0 35 0 8 34 80 73 118 100 51 128 50 36 42 35 59 67 a93
342 392 378 354 375 378 255 311 279 262 220 303 320 280 275 303 327 299 36 0 0 24 17 0 150 109 126 143 200 102 58 112 103 75 65 79 n247
621 783 756 756 689 756 471 491 508 504 538 529 711 752 628 756 783 753 135 0 0 0 94 0 257 263 220 224 216 199 45 31 128 0 0 3 ad118
404 430 426 428 364 426 407 343 321 379 374 378 476 440 418 476 459 476 72 29 50 48 95 50 97 143 183 125 112 126 0 19 58 0 0 0 ad246
262 229 220 206 249 210 256 202 212 186 222 213 213 248 266 266 280 266 4 51 46 60 31 56 29 98 73 99 78 72 53 32 0 0 0 0 j405
431 425 430 260 432 426 407 241 363 277 320 328 317 371 432 408 432 432 1 7 2 148 0 6 43 209 87 148 130 122 115 61 0 0 0 0 jt218
1033 1034 1034 1034 972 1034 815 840 848 751 724 750 871 777 811 853 757 842 1 0 0 0 62 0 172 147 139 236 263 237 163 257 223 181 277 192 n488
951 906 896 866 986 952 971 815 684 926 1000 832 867 872 798 814 904 813 1 80 56 86 0 0 9 200 296 54 15 148 85 114 154 138 82 139 a27
494 495 495 488 488 431 361 335 375 384 370 312 443 440 424 416 454 431 1 0 0 7 7 64 101 127 87 78 92 150 52 55 71 79 41 64 md479
611 612 572 537 612 612 530 555 471 485 530 613 467 415 443 469 466 439 1 0 40 92 0 0 118 93 177 181 118 35 145 197 169 160 146 173 o14
815 794 780 724 816 840 776 798 736 702 694 747 655 677 673 633 745 692 1 46 60 92 0 0 74 77 139 148 156 128 161 163 167 183 71 148 o483
347 351 336 305 265 287 216 206 172 175 176 212 331 331 359 351 321 351 4 0 28 46 86 64 108 118 164 149 148 112 20 20 5 0 30 0 m274
559 524 477 560 501 560 440 476 471 513 418 500 452 434 428 418 454 458 1 36 67 0 59 0 120 84 73 47 142 60 108 126 116 142 106 102 s145
738 807 800 816 805 820 544 558 554 591 553 629 677 688 687 683 764 680 82 13 0 4 15 0 235 221 206 188 226 150 143 132 113 137 56 140 f156
1566 1616 1739 1739 1707 1739 1579 1356 1311 1334 1334 1392 1617 1727 1468 1676 1648 1579 173 160 0 0 69 0 113 372 381 358 394 300 122 49 271 63 128 160 d9
423 439 363 381 347 334 372 352 318 359 349 384 442 442 442 429 412 442 19 3 79 48 95 108 104 124 158 103 127 92 0 0 0 0 30 0 m305
1169 1260 1237 1314 1189 1190 891 908 943 864 1001 1033 1350 1143 1286 1323 1350 1350 181 90 113 9 161 160 459 442 407 459 349 317 0 207 64 0 0 0 d416
283 261 285 277 292 285 282 271 264 227 216 260 245 248 196 233 261 225 2 39 0 8 8 0 22 49 40 77 104 44 40 52 89 52 39 60 jd169
1229 1236 1305 1283 1334 1305 1176 970 859 973 892 1086 1131 1225 1129 1305 1334 1301 76 98 0 22 0 0 174 410 491 377 488 264 174 109 176 0 0 4 d97
247 220 243 249 230 252 216 171 169 185 153 180 212 219 213 249 222 210 5 20 9 3 10 0 36 69 83 67 87 72 40 21 39 3 18 42 jd360
929 776 909 930 930 841 892 791 778 821 929 788 782 762 841 845 756 827 1 154 21 0 0 89 68 169 182 139 31 172 148 168 89 85 174 103 a176
352 376 359 331 315 356 224 228 248 205 285 216 359 328 360 378 378 378 26 2 1 47 63 22 133 129 92 152 72 141 19 50 0 0 0 0 ad357
1887 1989 2046 2028 2013 2036 1576 1400 1690 1610 1658 1615 1789 2013 2046 2046 2013 2014 159 24 0 18 0 10 470 613 356 436 355 431 257 0 0 0 0 32 j323
284 278 270 222 285 285 225 193 227 156 234 175 237 253 197 187 209 210 1 7 0 63 0 0 41 73 25 110 32 91 48 32 73 98 76 75 jt362
916 1012 1056 957 929 1032 666 634 667 698 766 740 1032 870 1056 1032 1029 1032 116 20 0 75 103 0 323 355 345 291 223 249 0 162 0 0 3 0 d414
1797 1862 1855 1604 1620 1904 1585 1676 1728 1735 1691 1684 1561 1904 1904 1904 1904 1904 107 42 49 300 284 0 285 194 142 135 179 186 343 0 0 0 0 0 jt85
594 538 592 595 550 595 541 480 472 630 466 565 502 449 440 469 455 421 1 74 3 0 62 0 89 168 158 0 182 65 93 163 155 126 157 174 s146
309 408 408 425 408 408 268 249 269 238 280 300 273 398 408 421 408 401 99 0 0 0 0 0 140 159 139 187 128 108 135 10 0 4 0 7 j366
599 598 510 585 511 469 456 297 382 371 349 406 550 497 547 509 538 569 1 2 90 0 89 131 144 303 218 214 251 194 50 103 53 76 62 31 n372
187 188 182 176 142 182 132 96 84 80 102 153 174 169 176 166 157 187 3 2 18 14 48 8 58 94 116 110 88 37 16 21 24 24 33 3 md237
645 663 646 590 641 646 547 513 533 536 538 487 552 478 446 484 511 543 1 0 0 56 22 0 99 150 113 110 125 159 94 185 200 162 152 103 n244
328 297 274 351 332 319 250 221 266 226 268 239 335 346 294 268 314 306 23 54 64 0 19 32 128 157 98 152 110 139 16 5 44 83 37 45 md146
827 822 840 837 808 804 571 648 663 675 667 656 719 864 864 891 864 864 37 42 24 54 56 60 261 184 169 183 165 176 145 0 0 0 0 0 j153
371 416 400 385 416 429 259 280 264 256 263 264 336 322 327 318 342 294 58 0 29 44 0 0 137 104 132 140 121 132 93 94 102 111 74 135 o453
778 674 716 750 641 702 743 656 746 760 759 772 671 639 783 783 754 783 5 80 67 33 113 81 67 124 64 50 21 38 112 115 0 0 0 0 jd406
214 227 231 206 206 234 163 153 165 150 156 181 242 215 225 242 231 242 28 4 11 36 25 8 101 99 99 114 96 83 0 16 17 0 0 0 d240
492 493 493 465 466 493 451 407 380 433 317 503 405 372 391 439 378 359 1 0 0 28 27 0 71 115 142 89 205 19 88 121 102 54 115 134 n325
490 627 608 608 617 608 434 514 505 476 483 493 519 582 536 547 573 552 118 0 0 0 10 0 206 146 135 164 177 147 89 45 72 61 54 56 f306
270 268 304 285 302 328 281 285 243 266 261 251 375 360 375 375 336 375 105 92 71 90 58 47 69 51 107 84 75 99 0 0 0 0 24 0 m135
341 337 282 284 342 340 257 178 218 190 180 265 297 307 360 342 342 342 1 5 78 58 0 2 66 145 122 133 143 58 45 35 0 0 0 0 jt343
690 756 760 717 724 760 469 430 579 567 499 474 760 672 760 760 760 760 70 4 0 43 36 0 251 290 141 153 221 246 0 88 0 0 0 0 d142
696 630 649 593 497 609 649 589 585 620 558 602 631 598 672 704 704 672 8 42 23 111 207 63 77 104 108 106 168 91 73 74 0 0 0 0 jt86
631 622 660 652 582 619 490 481 513 515 455 494 593 638 660 660 638 660 29 16 0 8 56 41 140 128 117 115 154 136 67 0 0 0 0 0 jd79
218 208 221 221 203 215 182 157 173 170 184 187 191 193 179 181 172 203 3 0 0 0 5 6 56 67 65 68 40 51 30 15 42 40 36 18 md261
541 560 503 379 560 539 373 366 380 316 417 341 408 485 560 532 560 560 19 0 57 153 0 21 167 174 160 197 123 199 152 75 0 0 0 0 jt182
475 470 336 416 459 438 290 356 358 338 244 336 396 377 351 380 411 374 1 6 140 74 17 38 152 86 84 117 198 106 80 99 125 110 65 102 o346
974 1140 947 935 1140 1140 880 975 948 884 989 970 957 1140 1140 1102 1140 1140 166 0 193 167 0 0 290 195 222 247 181 200 183 0 0 0 0 0 jt491
398 399 378 327 321 399 311 294 238 215 286 257 399 380 254 393 399 399 1 0 0 72 78 0 88 105 140 184 113 142 0 19 124 6 0 0 ad424
395 560 532 532 545 532 379 465 499 395 484 513 421 404 345 338 380 426 137 0 0 0 15 0 134 75 14 118 56 0 111 156 187 194 180 106 ad473
945 981 1056 1088 1085 1056 873 784 838 835 836 796 953 1025 1056 1088 1088 1056 143 75 0 0 3 0 181 239 185 219 218 227 135 31 0 0 0 0 j463
647 648 648 648 571 648 503 530 491 556 454 515 512 644 648 648 645 629 1 0 0 0 77 0 145 118 157 92 194 133 136 4 0 0 3 19 jd358
254 236 242 251 260 270 194 230 226 259 214 254 298 300 300 300 278 300 46 64 58 49 40 30 126 90 94 61 106 66 2 0 0 0 22 0 m304
431 405 345 396 429 432 363 333 316 361 316 350 324 373 336 337 354 365 1 27 87 36 3 0 96 126 143 98 143 109 108 59 96 95 78 67 o216
944 820 880 919 945 945 862 688 722 723 779 707 800 769 846 853 808 835 1 125 92 26 0 0 83 257 250 222 166 238 145 176 126 92 137 110 s488
405 401 392 406 381 373 374 321 217 286 296 217 406 381 380 320 344 366 1 5 0 0 25 33 3 56 147 91 81 160 0 25 12 86 62 40 md433
310 332 307 328 306 274 332 268 254 269 246 277 364 350 364 364 324 364 54 18 57 36 44 90 58 107 136 121 129 113 0 0 0 0 26 0 m371
590 638 515 478 638 609 485 518 448 416 478 494 496 601 609 607 636 607 19 0 94 131 0 0 145 142 182 214 182 136 113 37 0 2 2 2 jt347
779 707 741 780 754 780 766 693 731 758 749 772 618 624 648 622 611 563 1 47 39 0 0 0 44 90 79 52 34 38 162 130 132 158 143 217 o379
282 315 315 330 312 315 290 257 293 252 224 241 286 315 315 330 325 262 48 0 0 0 18 0 62 79 43 100 128 95 44 0 0 0 5 53 jd357
443 489 510 510 493 510 404 407 423 378 375 370 429 386 409 414 394 446 67 4 0 0 0 0 106 86 87 132 118 140 81 107 101 96 99 64 o252
753 734 741 639 684 681 583 613 570 564 569 637 551 754 754 754 754 754 1 20 13 115 70 73 197 167 210 216 211 143 203 0 0 0 0 0 jd339
974 892 1023 1054 1054 1023 892 697 708 893 836 889 985 921 915 1012 955 970 80 131 0 0 0 0 128 293 282 127 184 101 69 102 108 42 99 53 d15
253 247 270 270 243 271 295 280 229 217 231 265 330 345 345 324 301 345 77 98 75 60 87 74 13 42 93 91 77 57 0 0 0 6 29 0 m254
496 415 510 510 463 510 365 295 335 401 297 402 438 393 392 439 407 410 14 80 0 0 32 0 111 167 141 75 165 74 72 102 118 71 88 100 s195
725 665 726 670 748 726 622 588 735 584 606 672 598 582 545 513 659 627 1 83 0 56 0 0 137 194 24 175 176 87 128 166 181 213 89 99 o231
438 398 470 489 436 496 307 322 327 302 282 436 499 431 395 437 447 467 66 106 34 27 68 8 197 182 177 214 222 68 5 73 109 79 57 37 d258
536 596 609 609 592 609 474 465 413 414 466 422 609 630 517 604 630 609 73 34 0 0 38 0 135 165 196 195 164 187 0 0 92 5 0 0 d223
335 336 336 348 313 336 289 250 269 269 222 281 322 249 284 314 290 315 1 0 0 0 23 0 75 114 95 108 142 83 14 87 52 34 46 21 n350
1143 1167 1150 1173 1152 1175 917 912 986 998 905 904 1175 1083 1102 1175 1175 1175 32 8 0 2 23 0 305 310 210 224 317 318 0 92 48 0 0 0 d321
1791 1872 1838 1884 1854 1822 1665 1714 1764 1728 1740 1752 1776 1900 1900 1900 1900 1900 109 28 62 16 46 78 285 236 186 222 210 198 124 0 0 0 0 0 f448
679 608 655 680 680 519 597 531 502 562 600 478 525 500 532 583 507 554 1 52 5 0 0 141 49 96 125 84 46 149 155 160 128 97 173 106 a250
369 364 388 358 302 390 282 239 265 281 246 271 346 347 390 390 364 390 21 0 2 32 62 0 93 111 110 94 104 104 44 17 0 0 0 0 jd57
174 192 196 191 208 219 139 129 160 126 166 173 196 189 195 189 193 189 34 29 25 17 0 2 53 75 44 66 26 31 12 32 26 19 15 32 a360
664 920 920 868 920 920 382 717 678 672 691 670 901 806 873 826 884 909 256 0 0 52 0 0 538 203 242 248 229 250 19 114 47 94 36 11 d243
877 895 901 867 851 907 806 821 784 820 836 866 899 960 960 960 960 960 83 65 59 93 109 53 154 139 176 140 124 94 61 0 0 0 0 0 f475
513 618 620 605 616 620 564 385 486 431 472 486 496 521 537 541 518 544 107 2 0 15 4 0 56 235 134 189 148 134 124 99 83 79 102 76 d169
892 951 995 1025 1009 1001 838 834 913 910 883 915 954 939 1056 1056 1024 1056 164 73 61 31 15 55 218 190 143 146 141 141 102 85 0 0 0 0 f139
379 404 334 440 411 389 351 290 270 369 330 324 440 420 415 412 389 380 61 16 106 0 9 51 89 130 170 71 90 116 0 0 25 28 31 60 a37
735 688 657 736 647 626 665 582 504 571 580 575 580 574 558 615 587 596 1 48 79 0 89 110 39 122 200 133 124 129 156 162 178 121 149 140 a392
681 782 782 716 752 782 495 658 604 632 560 635 738 615 758 709 762 753 101 0 0 43 30 0 321 158 212 160 256 181 44 167 24 50 20 29 d127
1049 1175 1175 960 1018 1175 819 866 927 807 870 859 1155 1167 911 1158 1175 1157 126 0 0 215 157 0 331 284 223 343 280 291 20 8 264 17 0 18 ad71
946 928 960 922 851 957 818 730 704 760 843 725 1008 854 878 1008 1008 980 62 52 20 86 157 23 190 250 276 248 165 255 0 126 102 0 0 0 ad479
303 375 378 378 378 378 258 196 244 220 247 275 329 378 378 378 378 378 75 3 0 0 0 0 102 164 116 140 113 85 49 0 0 0 0 0 f57
613 610 671 599 620 622 492 465 434 510 522 510 660 612 637 660 660 660 47 50 9 61 40 38 168 195 246 150 138 150 0 48 43 0 0 0 d69
550 550 498 525 547 551 398 425 402 344 432 422 436 439 446 374 393 428 1 1 72 26 4 0 182 155 198 236 148 158 115 112 124 177 158 123 o154
1143 1144 1144 1122 1033 1144 966 877 912 1020 706 915 1026 849 861 917 927 903 1 0 0 0 111 0 126 215 180 51 386 177 118 295 283 205 217 241 n352
539 558 540 540 546 540 440 507 503 508 533 486 415 424 408 402 426 442 1 0 0 0 12 0 130 82 67 62 56 84 125 134 132 138 132 98 md104
887 875 1029 1029 1008 1029 840 793 922 874 830 922 981 907 956 972 942 948 142 133 0 0 0 0 238 263 156 204 226 156 48 101 73 57 66 81 n498
751 766 739 722 602 736 584 600 477 615 587 602 775 775 590 775 775 775 24 9 5 53 173 39 166 150 243 135 163 148 0 0 154 0 0 0 ad393
203 220 196 210 215 164 153 163 119 153 164 178 182 185 166 165 193 180 7 5 14 0 10 46 57 62 91 57 61 32 28 40 44 45 32 30 a68
305 322 288 308 304 308 230 288 208 283 210 274 256 230 227 241 246 228 3 0 20 0 18 0 78 34 100 25 112 34 52 92 81 67 76 80 o55
809 638 748 810 783 778 745 605 683 759 734 724 733 756 718 701 747 736 1 145 62 0 0 32 65 178 127 51 49 86 77 27 92 109 36 74 a59
703 704 704 688 645 704 590 534 526 540 534 607 598 575 620 672 557 582 1 0 0 0 59 0 114 170 178 148 170 97 106 129 84 16 147 122 n199
703 704 704 736 567 670 531 470 461 484 472 498 700 701 545 697 669 679 1 0 0 0 137 34 151 212 221 229 210 184 4 3 159 39 35 25 ad34
509 469 500 507 510 510 418 312 369 379 374 364 415 347 391 444 359 418 1 41 10 18 0 0 126 232 175 181 170 180 95 163 119 81 151 92 s356
426 486 525 467 501 492 352 364 348 317 354 379 401 525 525 504 504 525 78 39 0 37 3 33 128 136 152 163 126 121 103 0 0 0 0 0 j174
747 814 836 796 778 814 693 695 798 632 636 718 672 677 748 655 691 620 67 0 0 18 36 0 84 82 0 145 141 59 142 137 88 159 123 194 jt436
925 1040 1040 1040 977 1036 859 731 832 785 664 773 1032 990 969 1040 1040 1040 115 0 0 0 63 4 141 269 168 215 336 227 8 50 71 0 0 0 d122
895 928 814 814 928 896 843 851 732 716 782 848 645 747 704 693 796 688 1 0 82 82 0 0 81 106 192 208 175 76 251 181 192 203 132 208 o476
578 497 547 594 572 519 496 457 447 567 529 442 458 444 487 456 420 471 16 75 47 0 0 75 71 89 120 0 17 125 136 128 107 138 152 123 a60
341 357 342 342 361 342 259 277 234 232 288 277 265 345 332 223 261 294 1 4 0 0 0 0 65 65 90 92 54 47 77 16 10 119 100 48 jd343
660 771 783 659 701 783 749 612 663 610 552 581 702 738 783 783 783 783 123 12 0 124 82 0 34 171 120 173 231 202 81 45 0 0 0 0 jt60
610 694 695 700 652 676 553 476 379 441 454 417 686 726 611 686 703 702 94 32 9 4 74 28 119 217 293 231 239 255 18 0 93 18 23 2 d73
509 572 559 559 562 555 388 446 353 356 426 485 497 469 446 467 521 471 50 0 0 0 10 4 171 126 206 203 146 74 62 103 113 92 51 88 f80
311 327 323 371 317 375 316 231 224 270 188 267 303 270 283 306 267 272 64 33 52 4 43 0 59 129 151 105 172 108 72 90 92 69 93 103 s206
493 521 516 498 516 471 413 379 421 414 487 407 404 550 528 528 550 528 35 29 12 30 34 57 139 196 131 138 88 145 124 0 0 0 0 0 j127
887 925 925 830 740 919 708 709 580 646 632 684 888 908 770 888 888 925 1 0 0 58 148 6 156 191 320 218 232 216 0 17 155 0 0 0 ad162
793 733 808 794 791 804 744 582 657 658 634 744 693 832 864 864 840 864 71 107 56 70 49 60 120 258 207 206 206 120 171 8 0 0 0 0 j14
698 841 812 841 809 841 667 684 662 714 660 732 713 841 812 841 841 841 143 0 0 0 32 0 145 128 122 98 152 80 128 0 0 0 0 0 jd489
449 435 406 400 435 444 327 382 344 343 331 324 372 335 317 325 363 365 1 0 44 50 0 6 153 82 136 137 133 156 78 100 133 125 72 85 o272
493 483 520 399 455 494 353 322 391 306 322 375 431 419 520 494 484 493 1 11 0 95 39 0 122 153 109 169 153 100 63 75 0 0 10 1 jd287
1059 1009 1047 1029 1031 1060 931 775 864 862 809 843 910 812 869 880 878 855 1 71 13 31 49 0 129 305 196 198 271 217 150 268 191 180 202 205 s443
1797 1808 1975 1945 1862 1818 1682 1549 1604 1702 1674 1768 2028 1714 1989 2028 2028 1989 231 181 14 83 166 171 346 440 385 326 354 221 0 275 0 0 0 0 d170
563 598 616 527 644 644 467 533 548 514 512 532 504 640 616 644 644 644 81 46 0 117 0 0 177 111 68 130 132 112 140 4 0 0 0 0 jd207
378 399 316 420 420 399 306 381 273 420 410 399 402 362 309 307 301 319 42 0 83 0 0 0 114 18 126 0 10 0 18 37 90 113 119 80 md6
1551 1443 1387 1504 1560 1625 1423 1217 1406 1462 1347 1366 1451 1392 1315 1255 1325 1265 49 182 238 96 40 0 177 408 219 138 253 259 149 233 310 345 275 360 o163
1235 1399 1387 1340 1430 1430 1323 1492 1258 1318 1325 1392 1245 1141 1222 1101 1229 1108 195 31 43 90 0 0 172 3 237 177 170 103 185 289 208 329 201 322 o354
905 831 920 886 960 992 768 759 823 739 800 865 803 792 714 839 838 780 55 161 72 74 0 0 162 202 138 191 130 96 157 200 278 121 122 212 s476
538 596 616 638 577 616 483 413 400 503 406 421 616 523 579 638 616 616 78 20 0 0 39 0 105 175 188 106 182 167 0 93 37 0 0 0 d144
219 231 259 237 225 251 163 175 149 163 160 203 244 215 224 225 253 228 41 42 14 23 35 22 77 77 103 77 80 49 16 58 49 35 7 45 ad283
246 258 295 278 258 269 188 181 127 195 187 227 240 181 234 199 185 225 39 27 5 7 27 16 78 85 153 71 79 39 45 104 66 86 100 60 a326
573 648 557 642 666 648 529 570 502 561 581 581 508 528 491 485 542 527 75 18 91 6 0 0 119 96 146 87 85 67 140 138 157 163 124 121 o203
356 357 340 346 357 357 278 271 290 293 266 281 312 283 279 242 257 273 1 0 0 11 0 0 79 86 50 64 91 76 45 74 61 115 100 84 md157
539 555 540 540 497 540 385 361 372 402 358 385 488 432 435 471 423 414 1 0 0 0 58 0 155 194 168 138 197 155 52 123 105 69 132 126 n272
220 225 196 225 225 193 161 172 112 165 159 166 202 195 190 202 210 192 5 0 14 0 0 32 49 38 84 45 51 44 23 30 20 23 15 33 a45
261 270 261 270 256 234 208 204 196 239 212 230 253 242 244 226 240 232 15 6 3 6 20 42 91 95 90 60 87 69 23 34 20 50 36 44 md139
799 1001 1026 1053 1051 1053 852 1003 927 902 890 961 965 952 891 953 860 923 254 52 0 0 2 0 240 89 137 190 202 131 88 101 135 100 193 130 f459
999 907 980 967 1000 980 821 780 866 875 889 927 754 868 787 889 737 761 1 73 0 33 0 0 129 151 65 75 61 4 246 112 193 111 263 219 s62
395 386 368 393 365 324 274 315 263 293 259 319 338 384 353 359 367 338 1 22 28 3 43 72 155 127 166 136 183 110 58 24 43 37 41 58 s80
479 439 480 500 462 480 476 393 397 358 364 439 408 419 468 490 457 438 1 41 0 0 18 0 28 111 107 167 140 65 72 61 12 10 23 42 jt265
706 700 725 685 605 725 539 570 623 560 540 593 541 700 725 725 700 725 19 0 0 40 95 0 186 130 102 165 160 132 184 0 0 0 0 0 jd298
858 740 817 733 772 817 674 635 650 655 563 661 699 752 817 860 860 817 2 77 0 127 88 0 166 163 148 185 277 137 161 65 0 0 0 0 jt494
267 269 286 277 297 286 204 165 181 192 231 218 239 221 252 232 233 229 19 28 0 9 0 0 56 105 79 68 39 42 47 76 34 54 64 57 s235
904 685 928 928 899 928 754 600 662 692 631 681 928 894 928 928 821 924 24 214 0 0 0 0 174 299 266 236 268 247 0 5 0 0 78 4 m123
521 540 380 467 540 522 444 429 412 371 464 387 399 403 386 380 362 417 1 0 142 55 0 0 49 81 81 122 46 106 123 137 136 142 178 105 o244
758 759 687 759 731 759 713 721 624 726 635 720 641 592 555 576 526 596 1 0 72 0 28 0 13 5 102 0 91 6 118 167 204 183 233 163 s432
799 760 800 800 598 757 696 593 614 641 407 669 792 753 609 772 726 800 1 0 0 0 162 43 104 167 186 159 353 131 8 7 191 28 34 0 ad89
1416 1470 1536 1568 1568 1568 1445 1426 1418 1452 1297 1509 1563 1441 1211 1256 1051 1125 152 98 0 0 0 0 74 93 70 67 222 10 5 127 325 312 517 443 jd349
1460 1476 1476 1472 1253 1476 1315 1351 1340 1327 1077 1345 1216 1416 1406 1420 1442 1455 16 0 0 4 223 0 197 161 172 185 435 167 260 60 70 56 34 21 jd388
587 518 626 518 608 644 467 464 483 485 468 507 616 644 644 616 616 643 29 126 18 98 8 0 149 180 161 131 148 137 0 0 0 0 0 1 o380
959 960 960 980 917 960 752 679 626 694 658 725 872 753 868 915 838 834 1 0 0 0 43 0 160 233 286 237 254 187 88 207 92 65 122 126 n243
511 528 512 495 461 512 320 379 353 388 274 361 501 421 484 503 528 505 1 0 0 17 67 0 224 182 191 156 287 183 11 107 28 9 0 7 d237
1578 1735 1714 1741 1621 1904 1893 1359 1496 1405 1396 1428 1904 1597 1904 1904 1870 1904 326 135 190 163 249 0 11 511 408 499 474 476 0 273 0 0 0 0 jd88
740 791 832 803 648 773 623 601 599 514 626 553 806 806 711 806 806 806 66 15 0 3 158 33 152 174 201 261 149 222 0 0 121 0 0 0 ad113
481 476 522 522 516 522 378 352 365 338 406 407 462 464 520 516 503 487 41 46 0 0 6 0 144 170 157 184 116 115 60 58 2 6 19 35 j102
675 621 551 676 644 529 423 393 472 565 535 524 571 431 479 595 514 510 1 29 99 0 32 121 227 232 153 85 115 101 105 219 171 81 162 140 a164
1160 1161 1161 1157 979 1161 973 927 850 826 831 918 1161 1161 929 1161 1161 1161 1 0 0 4 182 0 188 234 311 335 330 243 0 0 232 0 0 0 ad56
269 279 270 270 254 270 271 194 217 175 174 203 244 219 270 268 282 270 1 9 0 0 34 0 14 110 68 110 130 82 26 69 0 2 6 0 jd468
865 924 924 896 871 924 786 765 731 763 785 787 755 836 813 778 783 812 31 0 0 0 25 0 142 192 226 165 143 170 141 88 111 118 113 112 f291
753 695 724 590 654 748 684 601 547 545 504 515 689 679 754 754 783 754 1 88 30 164 129 6 44 155 181 183 252 213 65 104 0 0 0 0 jt263
950 972 1050 1071 1050 1050 906 757 915 854 855 1008 902 822 827 864 910 795 100 78 0 4 0 0 102 251 93 178 153 0 148 228 223 211 140 255 s156
662 663 680 663 611 663 497 514 539 545 502 563 601 485 573 575 557 538 1 0 0 0 52 0 127 110 101 79 122 61 62 178 107 88 106 125 n145
272 273 286 273 258 273 208 186 222 180 227 192 236 242 250 184 254 216 1 0 0 0 15 0 86 108 86 114 67 102 37 31 36 89 19 57 md135
623 608 624 560 608 624 495 432 467 456 494 465 511 509 510 527 478 520 1 0 0 64 0 0 168 214 196 207 152 198 113 99 114 97 130 104 n345
393 396 396 414 369 363 334 309 325 319 304 323 359 396 396 414 396 396 3 0 0 0 27 33 84 109 93 118 114 95 37 0 0 0 0 0 md166
698 818 845 880 871 880 772 778 774 815 688 810 779 754 725 783 718 788 182 62 35 0 9 0 108 102 106 65 192 70 101 126 155 97 162 92 o224
419 465 465 480 464 465 382 337 359 331 382 344 434 407 364 390 376 371 61 0 0 0 16 0 130 159 137 181 130 152 46 58 101 90 104 94 f300
1024 1050 1025 1025 977 1025 938 909 898 868 819 833 820 799 797 789 831 807 1 0 0 0 73 0 87 141 127 157 231 192 205 251 228 236 219 218 n162
434 435 386 405 435 435 292 314 318 301 295 287 345 367 415 339 369 347 1 0 49 30 0 0 114 92 88 105 111 119 90 68 20 96 66 88 o161
755 754 784 756 719 756 623 569 551 540 497 600 756 756 618 727 746 742 1 2 0 0 37 0 160 214 261 243 286 183 0 0 166 29 10 14 ad191
649 526 626 565 583 600 591 464 539 555 552 601 583 584 650 650 624 650 1 98 24 85 41 50 34 136 86 70 48 24 67 40 0 0 0 0 jd91
445 451 428 408 404 356 346 372 312 368 351 350 461 480 496 496 435 488 51 29 68 88 76 140 119 78 153 97 99 115 35 0 0 0 45 8 m199
824 850 825 825 819 825 626 664 525 575 656 681 687 819 818 806 799 788 1 0 0 0 31 0 166 152 267 217 160 111 138 31 7 19 51 37 f348
441 342 433 442 432 442 325 322 354 364 285 382 376 338 377 400 363 354 1 113 9 0 23 0 117 133 88 78 170 60 66 117 65 42 92 88 s216
755 827 816 782 840 840 622 518 634 679 642 613 840 707 816 840 840 840 85 13 0 58 0 0 183 287 148 126 163 192 0 133 0 0 0 0 d38
857 858 880 858 760 858 661 696 720 650 591 716 789 627 633 684 697 608 1 0 0 0 98 0 158 123 120 169 228 103 69 231 247 174 161 250 n460
276 306 312 293 286 284 323 257 279 286 253 278 345 345 345 345 297 345 69 39 33 52 59 61 45 111 89 82 115 90 0 0 0 0 48 0 m378
1608 1627 1582 1593 1646 1705 1404 1475 1620 1560 1569 1446 1594 1710 1748 1710 1710 1710 102 83 166 117 64 5 351 280 174 195 186 309 116 0 0 0 0 0 f85
551 552 550 510 409 550 382 374 274 292 370 355 552 527 440 552 552 552 1 0 2 42 143 2 170 178 278 260 182 197 0 25 112 0 0 0 ad103
755 756 756 734 683 756 590 661 583 617 569 681 649 587 621 611 611 591 1 0 0 1 73 0 166 95 173 118 187 75 107 169 135 124 145 165 n330
197 216 228 228 203 228 164 135 149 158 154 150 178 177 200 168 180 200 31 0 0 0 13 0 45 63 60 51 44 59 50 39 28 60 36 28 j256
602 697 684 703 703 701 622 541 507 516 493 585 613 626 573 663 668 688 101 6 0 0 0 2 118 199 213 224 247 155 90 77 111 40 35 15 m426
519 553 586 540 526 562 433 355 437 399 379 401 594 486 592 594 572 594 75 19 8 54 46 32 134 191 130 168 167 166 0 86 2 0 0 0 d464
400 437 480 480 423 476 301 284 289 355 294 327 480 406 480 480 465 480 80 28 0 0 42 4 147 150 159 93 140 121 0 59 0 0 0 0 d159
776 792 792 790 792 792 638 724 697 799 686 713 718 677 606 686 662 663 16 0 0 2 0 0 187 101 128 26 139 112 74 115 186 106 130 129 d158
935 755 842 864 910 936 832 665 871 775 835 861 796 649 620 661 651 729 1 155 94 72 0 0 68 210 29 125 40 39 140 261 316 275 259 207 s8
312 358 384 285 375 380 305 253 268 205 274 191 333 365 384 384 384 384 72 26 0 99 9 4 55 107 92 155 86 169 51 19 0 0 0 0 jt312
196 179 220 239 203 200 202 220 116 171 193 205 238 240 236 252 219 240 44 61 20 13 37 40 58 40 144 102 67 55 2 0 4 0 21 0 m471
303 304 304 304 293 304 233 177 233 268 264 261 260 221 234 200 217 230 1 0 0 0 11 0 55 111 55 20 24 27 44 83 70 104 87 74 md53
869 776 786 696 870 829 821 626 726 716 751 727 720 820 870 899 870 870 1 94 84 203 0 41 49 244 144 183 119 143 150 50 0 0 0 0 jt438
611 516 608 603 562 612 485 346 394 443 340 393 517 407 505 496 499 462 1 96 4 27 50 0 93 232 184 152 238 185 95 205 107 134 113 150 s269
317 298 300 314 313 296 304 301 231 292 240 282 364 364 364 351 325 364 47 66 64 37 51 68 32 35 105 32 96 54 0 0 0 0 39 0 m82
412 493 497 527 529 494 330 414 384 450 448 398 465 525 525 550 550 525 138 32 28 23 21 31 198 90 120 78 80 106 85 0 0 0 0 0 j402
679 634 680 680 655 680 574 488 543 574 525 591 521 582 572 548 527 537 1 66 0 0 45 0 106 212 137 106 175 89 159 118 108 132 173 143 s439
769 747 725 810 725 810 731 691 685 781 597 803 608 543 619 564 581 545 41 36 85 0 58 0 109 121 155 59 215 37 202 240 191 246 202 265 o415
697 800 800 755 800 794 602 561 630 608 568 634 771 687 789 783 784 782 103 0 0 45 0 6 238 279 210 232 272 206 29 113 11 17 16 18 d99
283 268 288 281 267 271 207 212 163 203 175 203 320 326 321 315 289 336 37 68 48 39 53 65 93 103 152 97 125 112 0 10 15 5 31 0 m470
741 725 741 760 690 741 618 617 579 597 535 602 611 639 593 670 633 586 19 16 0 0 70 0 142 124 162 163 225 139 149 102 148 90 127 155 s29
539 540 399 510 475 540 338 469 407 433 378 433 401 416 400 437 453 407 1 0 141 45 65 0 166 35 97 85 126 71 139 124 140 118 87 133 o114
2006 1926 2108 2074 2108 2108 2070 1954 1840 1953 1855 1943 1997 1939 1671 1935 1790 1905 102 182 0 0 0 0 100 216 330 182 315 227 111 169 437 139 318 203 d386
702 684 703 703 642 703 633 615 621 592 546 636 590 531 619 587 546 617 1 0 0 0 42 0 70 69 82 111 138 67 113 153 84 116 138 86 n379
194 182 195 183 182 195 119 105 161 181 112 141 167 159 110 167 139 166 1 0 0 12 0 0 76 77 34 14 70 54 28 23 85 28 43 29 md17
1001 1080 1107 1107 1080 1107 996 953 1051 1080 1040 1088 906 904 960 928 930 822 106 0 0 0 0 0 152 167 97 68 80 60 201 176 147 179 150 285 f116
699 735 700 577 683 700 658 473 492 488 486 493 569 661 690 696 735 688 1 0 0 123 52 0 22 241 188 192 228 187 131 74 10 4 0 12 jd355
279 286 297 297 272 297 226 253 260 258 216 263 245 226 257 258 221 254 18 0 0 0 14 0 98 59 64 66 96 61 52 60 40 39 65 43 d232
479 437 489 474 453 454 333 286 311 293 341 326 422 486 504 504 486 504 25 49 15 30 33 50 199 227 221 239 172 206 82 0 0 0 0 0 j196
805 653 761 802 780 806 752 576 749 699 714 777 610 647 623 641 664 658 1 127 45 4 0 0 85 234 88 138 96 60 196 133 183 165 116 148 s89
496 488 446 403 472 386 412 450 398 448 395 468 513 532 513 513 481 496 17 44 67 110 60 127 101 82 115 65 137 45 0 0 0 0 51 17 m483
200 242 242 253 240 242 186 199 157 183 200 180 223 174 189 177 191 171 42 0 0 0 2 0 56 43 85 70 42 62 19 68 53 76 51 71 f259
775 864 864 722 839 864 595 630 668 571 627 752 864 788 769 837 864 864 89 0 0 115 25 0 301 266 228 297 269 144 0 76 95 0 0 0 d322
647 660 667 671 644 682 493 504 508 521 488 534 584 660 682 682 660 682 35 0 15 11 16 0 220 186 205 192 202 179 98 0 0 0 0 0 f39
1449 1421 1421 1295 1450 1421 1138 1115 1347 1202 1302 1204 1450 1258 1421 1450 1450 1421 1 0 0 155 0 0 362 355 123 298 198 266 0 163 0 0 0 0 d493
331 307 358 333 342 342 318 271 295 227 309 283 293 267 321 266 243 288 11 35 2 9 0 0 24 71 65 115 33 59 49 75 39 76 99 54 jt161
693 667 608 587 557 667 544 497 646 639 480 536 682 708 738 738 716 738 45 53 130 151 163 71 235 263 133 140 280 243 56 12 0 0 4 0 n25
901 1040 1031 1005 891 1056 839 896 865 826 847 882 875 1056 1056 1024 1024 1056 123 16 25 19 133 0 185 160 191 198 177 174 149 0 0 0 0 0 jd399
406 379 372 351 370 323 309 241 255 230 296 272 377 413 404 419 415 402 36 46 53 91 72 102 107 159 145 186 120 128 65 12 21 23 27 23 md245
383 400 400 384 350 400 353 331 326 365 286 366 331 296 335 294 308 276 1 0 0 0 34 0 55 94 99 43 122 59 53 104 65 90 76 124 n57
419 550 528 520 550 528 378 304 360 312 378 319 426 546 528 528 550 522 109 0 0 8 0 0 150 246 168 216 172 209 102 4 0 0 0 6 j300
691 777 777 754 756 777 693 514 564 550 530 776 569 719 747 702 702 774 65 0 0 2 0 0 99 300 250 242 262 38 187 58 30 54 54 3 j157
585 630 630 630 600 630 444 431 438 443 486 472 567 627 630 630 630 617 45 0 0 0 30 0 156 169 162 157 114 128 63 3 0 0 0 13 f90
401 408 335 408 396 320 312 317 220 286 296 298 312 326 291 312 352 360 7 0 73 0 12 88 72 67 164 98 88 86 96 82 117 96 56 48 a387
816 828 828 811 765 828 587 640 711 655 717 699 757 677 600 719 697 747 12 0 0 35 63 0 287 234 163 238 157 175 71 151 228 127 131 81 n414
367 374 382 379 375 332 329 407 347 354 392 383 425 425 408 425 374 425 58 51 26 46 50 93 121 43 85 96 58 67 0 0 0 0 51 0 m447
607 532 539 572 627 608 411 412 545 432 516 456 472 467 419 444 448 586 1 95 69 36 0 0 165 182 31 144 78 120 136 160 189 164 179 22 o212
452 436 498 473 471 499 385 388 394 380 432 352 463 510 527 527 510 527 75 74 29 54 39 28 173 152 164 178 108 206 64 0 0 0 0 0 f456
1359 1463 1494 1497 1530 1500 1389 1206 1415 1547 1581 1550 1493 1394 1285 1251 1320 1260 141 67 6 3 0 0 161 375 135 3 0 0 7 136 215 249 210 240 f27
751 748 703 723 548 637 628 556 421 578 507 695 754 754 583 754 754 754 3 6 25 31 206 117 155 227 335 205 276 88 0 0 145 0 0 0 ad192
501 484 458 445 501 491 429 367 422 436 488 460 520 560 560 536 560 560 59 76 102 95 59 69 159 221 166 131 100 128 40 0 0 4 0 0 f218
899 880 900 894 880 900 626 759 680 735 750 682 793 753 750 701 706 728 1 0 0 6 0 0 229 77 175 120 86 173 107 127 150 199 174 172 f187
493 459 455 520 508 405 449 369 387 463 507 374 434 444 383 454 394 396 27 41 45 0 12 95 97 156 138 83 39 151 86 56 117 66 126 104 a75
899 946 924 946 820 946 577 659 712 710 659 754 713 743 614 662 713 720 47 0 0 0 126 0 369 287 212 236 287 192 233 203 310 284 233 226 n416
959 960 731 990 938 960 987 990 620 833 844 787 877 816 919 849 833 859 1 0 229 0 22 0 5 2 372 190 148 205 83 144 41 141 127 101 md262
653 714 704 720 717 720 534 615 665 582 675 620 559 536 499 557 563 596 67 6 0 0 3 0 231 150 83 183 90 145 161 184 205 163 157 124 f352
439 462 436 438 310 440 300 304 219 201 263 350 440 462 331 435 462 440 1 0 4 2 152 0 160 179 241 259 220 110 0 0 109 5 0 0 ad1
420 468 436 455 496 496 429 486 392 413 423 443 403 381 408 384 406 361 76 28 60 41 0 0 67 10 104 83 73 53 93 115 88 112 90 135 jt447
305 242 280 323 323 323 266 228 180 256 207 254 320 323 306 323 295 323 18 81 26 0 0 0 76 114 144 86 135 88 3 0 0 0 28 0 m499
225 234 255 255 258 255 203 143 219 223 219 192 222 245 219 216 245 210 30 36 0 0 12 0 52 127 36 32 51 63 33 25 36 39 25 45 md417
542 552 552 529 552 552 496 490 552 462 538 552 419 402 466 410 461 458 10 0 0 0 0 0 56 62 0 67 14 0 133 150 86 119 91 94 j472
822 763 823 837 788 837 602 615 602 685 548 604 837 837 688 837 833 837 15 74 14 0 49 0 208 195 208 125 262 206 0 0 149 0 4 0 d466
927 928 861 957 917 789 893 661 697 652 691 881 835 752 761 870 762 822 1 0 67 0 11 139 3 235 199 272 205 15 93 176 167 87 166 106 a320
502 563 580 600 585 580 526 343 442 445 446 408 473 528 580 596 569 557 98 17 0 0 15 0 74 237 138 155 154 172 127 52 0 4 31 23 j133
328 314 336 322 281 277 174 161 203 212 170 184 304 257 263 294 301 322 8 22 0 0 55 59 138 151 109 87 142 128 32 79 73 28 35 14 s141
346 326 326 325 354 322 381 348 295 325 287 342 406 406 392 406 372 406 60 80 66 81 52 84 54 87 125 110 148 93 0 0 0 0 34 0 m389
351 344 352 352 311 352 328 288 307 355 298 366 290 261 270 270 289 314 1 8 0 0 41 0 46 86 67 19 76 8 62 91 82 82 63 38 a486
1527 1615 1670 1170 1589 1483 1300 1371 1393 1093 1203 1406 1401 1619 1672 1634 1634 1634 107 19 2 464 45 151 334 263 279 541 431 228 233 15 0 0 0 0 jt267
1356 1353 1314 1357 1287 1357 1232 1167 1138 1199 1050 1262 1198 1194 1240 1262 1239 1156 1 4 20 0 70 0 184 249 254 217 366 154 159 163 94 95 118 201 n115
1140 1295 1295 1295 1295 1295 1070 1182 1129 1141 1152 1138 1295 1295 1263 1282 1295 1295 155 0 0 0 0 0 225 113 166 154 143 157 0 0 32 13 0 0 f489
832 733 850 835 875 850 726 677 825 747 894 844 721 721 681 639 587 809 18 142 0 15 0 0 158 233 59 137 16 40 129 154 169 211 288 41 s108
177 217 208 205 178 192 146 123 115 83 129 130 208 221 161 208 221 208 31 4 0 3 43 16 46 81 77 109 75 62 0 0 47 0 0 0 ad235
576 665 646 646 665 637 490 468 449 445 497 517 604 548 563 575 592 523 70 0 0 0 0 9 122 162 163 167 133 95 42 117 83 71 73 123 f111
1722 2125 2090 2090 1920 2071 1683 1683 1658 1808 1662 1626 1959 2127 1910 2090 2128 2090 368 3 0 0 208 19 352 389 377 227 410 409 131 1 180 0 0 0 d286
239 224 205 240 255 240 203 138 154 184 199 187 196 241 187 169 155 182 1 31 35 0 0 0 21 100 70 40 39 37 44 14 53 71 100 58 md49
770 656 812 730 645 783 755 585 654 621 553 581 684 688 812 783 783 783 13 127 0 53 138 0 55 225 186 189 257 229 99 95 0 0 0 0 jd221
141 118 168 149 168 168 118 114 145 144 154 161 143 141 113 140 150 131 27 50 0 5 0 0 62 66 35 21 26 19 25 27 55 14 18 37 md61
852 880 967 1012 918 939 908 776 699 798 773 768 1012 1012 889 1012 1012 1012 160 132 45 0 94 73 104 236 313 214 239 244 0 0 123 0 0 0 d496
560 645 667 642 642 667 463 422 504 426 465 486 578 667 667 644 644 667 84 22 0 2 2 0 153 216 134 190 151 152 66 0 0 0 0 0 j145
282 286 286 286 280 286 208 199 217 205 252 254 269 271 207 201 221 220 4 0 0 0 6 0 78 87 69 81 34 32 17 15 79 85 65 66 md391
251 266 252 252 243 232 167 189 155 205 242 223 200 211 185 184 205 222 1 0 14 0 9 34 103 96 130 65 28 62 52 55 81 68 47 44 a316
539 540 454 479 529 540 542 556 444 504 455 524 396 408 399 416 420 382 1 0 86 61 11 0 25 11 123 63 112 43 144 132 141 124 120 158 o440
311 306 306 325 310 302 215 211 230 233 258 234 245 238 267 251 263 254 1 6 6 0 2 10 73 77 58 67 30 54 67 74 45 74 49 58 a288
404 382 325 388 405 405 251 317 283 295 313 285 351 329 321 296 353 336 1 23 95 17 0 0 127 61 109 83 65 93 54 76 99 109 52 69 o377
254 238 270 255 249 208 231 172 211 216 241 203 206 176 179 200 196 207 1 17 0 0 6 47 41 100 77 56 31 69 49 79 91 55 59 48 a140
459 452 460 460 454 460 378 286 299 332 345 323 361 457 460 460 460 460 1 8 0 0 6 0 82 174 161 128 115 137 99 3 0 0 0 0 j233
747 770 770 711 687 770 675 703 658 594 633 705 629 532 568 492 568 590 1 0 0 37 61 0 39 32 77 120 81 30 119 238 202 256 180 180 n322
396 425 418 425 426 384 368 264 256 311 298 280 425 395 374 297 291 372 29 17 7 0 16 41 57 178 169 114 144 145 0 47 51 128 151 53 md279
258 269 264 320 328 320 281 249 197 206 297 229 286 279 287 215 237 249 62 67 56 0 8 0 59 108 143 134 60 111 34 57 33 105 99 71 md128
472 535 521 330 540 465 388 412 347 305 353 438 462 519 522 549 552 552 80 17 7 222 12 87 141 117 159 224 176 91 90 33 6 3 0 0 jt278
153 158 145 154 152 128 132 136 99 130 112 129 124 116 131 124 120 123 1 7 9 0 13 26 36 44 69 38 68 39 30 49 23 30 45 31 a141
1143 1100 1100 1083 1063 1100 909 808 912 889 789 790 923 1100 1100 1144 1144 1100 1 0 0 61 81 0 209 267 163 229 329 285 221 0 0 0 0 0 jd423
666 634 583 537 614 667 560 588 511 465 606 583 443 467 471 460 448 456 1 10 84 130 30 0 107 56 156 202 38 84 224 177 196 207 196 211 o339
143 156 143 140 144 151 69 66 110 96 96 80 130 142 133 121 138 138 1 0 13 4 0 5 63 77 33 36 36 63 14 14 23 23 6 18 md217
431 432 448 432 399 432 415 364 395 406 329 405 380 347 350 362 322 352 1 0 0 0 33 0 44 95 81 53 130 54 52 85 98 70 110 80 s462
287 288 267 288 287 288 209 237 181 228 247 220 235 216 235 217 182 224 1 0 21 0 1 0 55 27 83 36 17 44 53 72 53 71 106 64 o45
951 986 828 772 986 952 733 834 750 770 861 794 776 986 952 952 986 952 1 0 124 180 0 0 219 152 202 182 125 158 176 0 0 0 0 0 jt184
322 380 378 338 389 380 342 342 333 251 371 300 306 337 322 357 353 345 78 0 2 62 11 0 78 57 66 169 49 99 94 43 58 43 47 35 jt223
1208 1176 1312 1288 1280 1297 1247 1220 1284 1247 1341 1291 1274 1440 1404 1404 1440 1404 196 264 92 116 160 107 157 220 120 157 99 113 130 0 0 0 0 0 j183
401 361 407 446 448 464 388 339 391 333 365 389 337 306 388 343 338 317 63 87 57 18 0 0 105 137 102 160 111 104 127 142 76 121 110 147 s241
414 400 375 358 382 411 336 370 450 330 413 402 379 480 480 460 480 480 66 80 105 102 98 69 144 110 30 130 67 78 101 0 0 0 0 0 j381
308 341 353 325 339 267 225 201 251 260 272 230 319 295 238 236 259 278 37 4 7 20 6 78 120 144 109 85 73 115 26 50 122 109 86 67 md477
1256 1385 1498 1529 1212 1420 1129 935 969 1165 1251 1423 1530 1250 1504 1519 1454 1196 280 119 6 7 324 84 407 569 535 371 285 81 6 254 0 17 82 308 ad88
358 360 303 341 364 364 196 274 271 220 198 209 302 285 299 267 325 300 6 4 61 10 0 0 140 62 65 104 138 127 62 79 65 84 39 64 o238
543 555 572 576 564 552 490 420 437 434 490 418 489 564 569 594 594 594 51 39 0 18 30 42 131 201 161 187 131 203 105 30 3 0 0 0 jd243
310 335 315 359 338 283 303 262 165 264 254 269 378 396 378 378 374 378 68 61 63 19 58 95 54 112 192 93 120 88 0 0 0 0 22 0 m434
808 730 836 812 809 686 554 694 593 660 605 631 812 812 800 765 662 799 4 82 4 0 3 126 229 89 217 123 178 152 0 0 40 47 150 13 a408
716 750 725 711 709 725 554 656 621 688 587 599 617 608 638 633 591 614 9 0 0 14 41 0 142 64 75 8 133 97 108 142 87 92 159 111 jd67
376 367 352 400 397 332 294 257 257 309 344 265 330 317 304 357 334 348 24 33 32 0 3 68 81 118 103 66 31 110 70 83 80 43 66 52 a275
485 469 449 486 412 486 372 316 359 361 336 334 477 384 468 486 486 486 1 17 19 0 74 0 114 170 109 125 150 152 9 102 0 0 0 0 jd195
2399 2450 2450 2400 2228 2450 2192 2251 2327 2336 2154 2409 2341 2235 2217 2322 2333 2264 1 0 0 0 172 0 208 199 123 64 246 41 59 215 233 78 67 186 ad94
951 840 960 751 733 858 843 681 729 628 611 763 798 835 960 960 930 960 9 90 0 209 197 102 85 218 199 300 288 165 162 95 0 0 0 0 jt416
1014 929 1020 843 805 1020 949 787 864 842 732 816 894 892 1020 1020 986 1020 6 57 0 177 181 0 41 170 126 148 225 174 126 94 0 0 0 0 jt414
475 463 409 476 424 423 338 335 267 293 255 245 424 363 369 427 377 402 1 27 67 0 66 53 104 120 175 149 200 197 52 127 107 49 113 74 s368
524 588 600 559 542 578 410 431 348 395 399 452 620 585 563 620 640 620 96 52 20 61 98 42 241 241 303 256 273 199 0 55 57 0 0 0 d196
593 459 567 594 576 594 516 491 466 543 484 538 497 529 481 526 441 534 1 135 9 0 18 0 78 103 110 51 110 56 97 65 95 68 153 60 s107
472 462 447 444 450 480 268 299 291 268 287 359 445 415 456 443 428 355 8 2 33 36 14 0 182 136 159 182 148 91 35 49 24 37 36 125 o274
271 311 364 364 364 364 351 317 309 300 334 293 305 254 311 277 295 271 93 53 0 0 0 0 39 73 81 90 56 97 59 110 53 87 69 93 j142
1284 1344 1376 1242 1321 1376 1038 1077 1110 1110 1068 1180 1376 1129 1376 1376 1344 1319 92 0 0 134 23 0 381 309 309 309 318 239 0 215 0 0 0 57 d483
797 765 643 723 798 771 556 684 606 600 582 528 556 626 613 611 647 679 1 33 155 75 0 27 200 72 150 156 174 228 242 172 185 187 151 119 o443
344 330 345 345 314 345 302 276 301 300 286 267 289 274 246 248 259 267 1 0 0 0 16 0 20 32 21 22 22 55 56 56 99 97 71 78 md474
662 663 636 628 663 663 547 633 537 598 562 626 547 527 555 546 562 534 1 0 10 35 0 0 155 69 147 104 140 76 116 136 91 117 101 129 o122
620 619 600 625 619 625 485 470 529 452 477 479 512 625 600 620 625 625 5 6 0 0 6 0 165 180 95 198 173 171 113 0 0 5 0 0 j216
567 656 672 627 656 598 588 559 593 603 606 594 591 500 520 507 572 552 89 0 0 29 0 58 109 138 121 94 91 103 65 156 152 149 84 104 f149
293 252 277 225 267 274 253 165 209 180 181 186 273 262 280 294 294 294 1 42 3 69 27 20 62 150 91 135 134 129 21 32 0 0 0 0 jt236
299 315 315 298 283 271 290 286 270 190 234 222 257 240 218 241 244 271 1 0 0 2 17 44 30 50 66 130 86 114 43 75 97 59 56 44 md482
455 475 456 448 466 434 394 306 348 317 311 254 409 404 408 343 466 402 1 0 0 8 9 22 62 169 108 139 164 202 47 71 48 113 9 54 md75
527 523 522 357 470 528 468 352 418 309 375 372 479 467 528 504 528 528 1 5 6 147 58 0 38 154 88 174 131 134 49 61 0 0 0 0 jt308
153 143 143 149 149 143 102 91 101 80 111 81 127 112 121 107 106 111 1 0 0 5 5 0 38 39 29 60 29 49 27 31 22 47 48 32 md57
350 440 440 407 440 440 377 317 366 224 402 418 316 361 367 317 325 309 90 0 0 13 0 0 41 101 52 175 16 0 124 79 73 103 115 131 jt150
531 513 420 513 532 513 473 466 410 486 442 439 387 434 416 382 404 422 1 0 93 19 0 0 87 74 130 74 118 101 145 79 97 150 128 91 o42
263 257 270 288 253 270 171 128 125 176 194 151 285 206 255 279 288 264 25 13 0 0 35 0 101 127 130 96 78 104 3 64 15 9 0 6 ad217
417 418 418 391 384 393 290 305 293 280 302 235 380 307 346 293 306 354 1 0 0 8 34 25 106 91 103 98 94 161 38 111 72 106 112 64 md423
673 684 686 740 726 760 701 672 728 770 642 798 668 693 693 636 622 580 87 76 74 0 34 0 97 126 70 7 156 0 92 67 67 104 138 180 s406
509 527 452 488 510 527 385 486 411 422 428 444 394 405 424 386 379 420 1 0 75 22 0 0 125 41 116 88 82 83 116 122 103 124 131 107 o165
744 858 858 830 832 858 593 611 617 623 655 740 768 781 662 736 709 769 88 0 0 2 0 0 207 214 208 177 145 85 64 77 196 96 123 89 d348
1285 1109 1371 1406 1406 1406 1265 1139 1264 1275 1328 1334 1404 1225 1332 1256 1325 1351 121 297 35 0 0 0 104 230 105 94 41 35 2 181 74 150 81 55 f213
455 542 478 440 508 427 511 502 448 515 464 429 561 578 561 561 578 514 106 36 83 121 70 134 50 76 113 46 114 132 0 0 0 0 0 47 m478
1063 1064 1064 1063 942 1064 1102 1081 1073 1098 922 1100 863 773 780 851 766 785 1 0 0 1 122 0 0 21 29 4 180 2 201 291 284 213 298 279 n153
654 701 667 501 695 704 614 581 663 599 583 640 589 704 704 672 704 704 50 3 37 171 9 0 112 145 63 94 143 86 115 0 0 0 0 0 jt64
882 980 1000 988 943 1000 767 870 819 784 839 831 818 788 799 797 818 880 118 0 0 12 37 0 283 159 231 266 190 219 182 192 201 203 162 120 f180
607 728 728 657 728 728 524 641 717 582 695 633 693 621 527 657 679 653 121 0 0 97 0 0 204 87 11 172 33 95 35 107 201 97 49 75 d21
727 566 699 683 656 666 697 532 659 611 646 656 706 680 806 806 806 806 79 240 107 123 150 140 83 248 121 169 134 124 100 126 0 0 0 0 j97
745 679 752 722 736 752 536 438 537 509 542 535 593 600 700 652 602 640 7 57 0 30 0 0 169 252 168 196 148 170 159 136 52 100 134 112 s175
297 312 323 323 284 300 255 225 230 224 224 297 296 340 310 323 340 323 26 28 0 0 56 23 87 135 112 118 136 45 27 0 13 0 0 0 a151
639 690 659 634 646 641 550 571 524 565 620 499 704 704 685 704 700 704 65 14 45 70 58 63 154 133 180 139 84 205 0 0 19 0 4 0 m448
687 669 732 770 749 770 591 477 596 689 578 657 618 608 569 579 511 576 83 101 16 0 21 0 214 328 186 116 227 148 152 162 179 191 259 194 s220
683 720 684 684 720 682 665 562 665 507 700 665 619 519 588 470 514 558 1 0 0 0 0 2 0 138 0 158 0 0 65 201 96 214 206 126 jt473
573 600 600 625 480 593 456 409 370 397 426 409 600 562 513 616 600 600 27 0 0 0 120 7 120 167 206 203 150 167 0 38 87 9 0 0 ad148
417 406 406 411 400 406 318 268 301 295 282 339 367 359 382 390 372 312 3 0 0 9 20 0 102 138 105 125 138 67 53 47 24 30 48 94 n261
656 707 662 680 659 689 529 645 570 601 613 685 676 754 728 754 754 754 98 47 66 74 95 65 254 138 186 182 170 98 78 0 0 0 0 0 f42
398 357 375 399 399 300 391 341 358 372 405 277 291 300 303 327 298 303 1 42 45 0 0 99 27 77 82 46 13 141 108 99 117 72 101 96 a440
701 702 684 702 656 702 524 525 521 478 495 545 569 575 567 641 591 565 1 0 0 0 46 0 217 216 201 263 246 196 133 127 117 61 111 137 n338
334 292 375 403 403 286 380 280 252 227 234 259 432 432 432 450 395 423 98 140 57 47 29 146 28 128 156 198 174 149 0 0 0 0 37 9 m270
769 805 720 632 727 761 727 660 663 616 641 678 703 737 744 712 754 748 1 0 50 138 78 9 65 168 129 176 187 114 67 68 26 58 51 22 jt490
735 742 765 727 748 765 590 570 596 593 628 651 582 649 680 656 606 598 30 6 0 38 0 0 220 222 214 217 164 159 183 99 85 109 142 167 d178
527 449 518 489 512 528 405 344 394 340 357 428 392 369 462 434 435 398 1 63 10 39 0 0 90 136 101 155 123 67 136 143 66 94 77 130 s188
595 586 616 614 599 638 540 403 466 448 533 457 502 638 638 616 616 638 21 52 22 2 17 0 104 264 201 196 111 210 114 0 0 0 0 0 j455
294 367 339 384 372 379 260 265 306 273 328 256 331 408 315 297 359 394 90 41 69 0 12 29 108 126 85 95 40 135 53 0 93 87 25 14 md74
611 566 578 590 612 595 563 536 495 521 580 539 450 444 473 486 441 431 1 29 17 22 0 0 49 59 100 91 32 56 162 151 122 126 171 164 o447
327 360 349 360 380 317 249 305 240 290 339 287 327 342 264 318 341 320 33 20 11 0 0 43 93 56 102 52 22 55 33 38 96 42 39 40 a417
907 978 975 933 938 899 622 633 635 650 689 680 1005 905 949 1008 1008 987 101 9 12 75 70 88 338 307 305 310 271 260 3 82 38 0 0 0 d185
1055 1056 1056 1004 948 1056 957 890 1056 1016 898 1020 956 823 781 764 722 787 1 0 0 19 108 0 99 166 0 7 158 36 100 233 275 259 334 269 jd459
377 333 399 378 340 399 347 303 337 301 226 324 311 285 305 291 317 327 1 66 0 0 38 0 13 77 43 59 134 56 67 114 94 87 61 72 jd473
204 245 266 235 237 266 241 220 216 199 180 200 210 180 216 213 208 207 48 21 0 17 15 0 29 65 69 71 90 85 42 86 50 39 44 59 jd317
492 429 493 493 471 493 312 390 398 392 318 384 410 382 356 404 380 441 1 47 0 0 5 0 181 86 95 101 158 109 83 94 137 89 96 52 n299
493 513 446 442 469 513 355 471 366 414 394 504 359 338 400 347 372 390 1 0 67 52 25 0 165 69 174 106 126 36 135 175 113 147 122 123 o301
783 711 812 784 780 802 668 384 585 548 598 528 662 763 812 784 784 812 1 101 0 0 4 10 116 428 227 236 186 284 122 49 0 0 0 0 j154
579 600 526 489 566 600 508 463 493 506 473 485 550 529 600 600 600 600 21 0 74 111 34 0 116 161 131 118 151 139 50 71 0 0 0 0 jt456
1637 1612 1643 1643 1547 1643 1630 1650 1664 1696 1479 1636 1397 1288 1309 1288 1383 1361 6 0 0 0 65 0 66 14 32 0 185 60 246 324 334 355 229 282 n375
494 454 480 467 473 495 419 308 350 351 375 406 420 377 401 415 437 398 1 41 0 28 22 0 43 154 98 111 87 56 75 118 79 80 58 97 s377
463 459 433 433 464 464 369 371 353 336 349 344 372 353 347 345 330 358 1 5 47 31 0 0 124 122 157 157 144 149 92 111 133 119 134 106 o356
703 607 704 700 682 704 661 503 677 637 644 701 558 496 550 496 514 516 1 75 0 4 0 0 75 210 59 99 69 35 146 186 154 208 168 188 s42
2497 2050 2184 2289 2220 2369 2110 2119 2275 2440 2291 2345 2413 2390 2470 2535 2504 2535 38 485 286 246 315 166 386 377 157 56 205 151 122 145 0 0 31 0 jd24
791 760 836 804 836 836 570 584 678 614 649 557 656 736 763 690 646 715 45 76 0 32 0 0 222 208 114 178 143 235 180 100 73 146 190 121 s187
532 570 550 518 548 549 364 413 455 408 497 393 495 540 560 560 580 560 28 10 10 42 32 11 224 196 133 180 112 195 65 40 0 0 0 0 j271
713 654 714 735 697 714 567 498 506 556 510 615 592 527 563 619 562 497 1 60 0 0 17 0 113 182 174 144 170 65 122 187 151 116 152 217 s338
399 473 465 452 464 457 347 318 330 358 350 292 377 484 484 506 484 484 85 11 19 54 20 27 115 144 132 125 112 170 107 0 0 0 0 0 jd300
1373 1438 1482 1317 1381 1420 1025 1108 1158 1189 1178 1066 1422 1315 1388 1424 1443 1428 70 5 0 126 62 23 455 372 362 291 302 414 21 128 94 19 0 15 d469
188 156 191 182 191 187 167 146 113 133 99 157 204 204 204 204 185 204 16 48 13 22 13 17 54 75 108 88 122 64 0 0 0 0 19 0 m125
724 798 769 770 827 768 637 709 667 713 752 673 701 870 841 841 870 836 117 72 72 71 43 73 175 131 145 99 88 139 140 0 0 0 0 5 f465
377 379 350 357 366 321 277 289 214 278 306 285 400 416 400 400 371 400 23 37 50 43 50 79 98 101 161 97 84 90 0 0 0 0 45 0 m22
319 291 332 306 335 336 256 190 274 240 207 292 281 222 238 261 263 237 17 45 4 16 1 0 104 170 86 105 153 68 55 114 98 61 73 99 s247
395 378 340 392 396 378 313 296 249 277 342 336 247 286 313 318 288 266 1 0 38 4 0 0 61 61 108 97 32 21 149 92 65 78 108 112 o468
273 227 235 222 236 228 268 283 212 222 201 259 315 315 315 315 267 315 42 88 80 93 79 87 47 32 103 93 114 56 0 0 0 0 48 0 m138
2371 2328 2396 2367 2095 2475 2098 2259 2416 2382 2247 2230 2372 2415 2501 2501 2440 2501 130 112 105 134 345 26 403 181 85 119 193 271 129 25 0 0 0 0 jd85
719 736 793 750 625 739 685 608 656 745 746 743 840 733 744 840 840 810 121 74 17 90 215 71 155 202 154 95 94 67 0 77 66 0 0 0 ad122
717 785 766 832 820 837 632 634 648 617 695 689 722 837 810 837 837 837 120 52 44 5 17 0 205 203 162 220 142 148 115 0 0 0 0 0 f49
461 489 484 489 493 510 341 275 314 305 349 385 459 479 510 510 477 478 49 4 26 21 0 0 199 247 226 235 173 155 51 14 0 0 16 32 f343
342 369 406 416 353 383 278 304 230 281 238 332 363 327 312 358 320 337 74 34 10 0 50 33 138 99 186 135 165 84 53 76 104 58 83 79 d215
239 263 273 230 260 273 143 167 155 210 173 165 225 224 199 176 187 244 21 10 0 30 0 0 97 85 97 30 67 87 35 49 74 84 73 29 md345
827 735 810 724 828 810 727 607 718 637 736 723 616 556 660 612 658 600 1 75 0 104 0 0 147 248 137 237 138 132 212 254 150 216 170 210 s352
431 352 432 432 414 376 386 309 371 424 342 399 361 324 344 338 324 347 1 98 0 0 36 56 70 166 85 32 133 57 71 126 88 94 126 85 a157
370 328 341 402 395 291 241 343 394 275 298 352 341 434 434 420 420 434 50 106 93 18 25 143 179 91 40 145 122 82 79 0 0 0 0 0 j305
1428 1795 1833 1794 1739 1833 1485 1542 1570 1672 1405 1679 1587 1822 1833 1794 1794 1833 366 38 0 0 55 0 309 291 263 122 389 154 207 11 0 0 0 0 n213
719 620 720 720 685 720 717 547 672 720 587 651 609 544 534 576 567 559 1 100 0 0 35 0 3 173 48 0 133 69 111 176 186 144 153 161 s66
479 494 500 442 442 481 444 321 347 355 385 380 363 446 504 480 480 504 1 10 4 38 38 23 16 162 136 105 75 103 117 58 0 0 0 0 jd19
1098 1257 1260 1224 1084 1260 901 1036 1097 1041 985 1106 1130 1232 1003 1164 1168 1158 126 3 0 0 140 0 289 189 128 149 205 119 94 28 257 60 56 102 ad430
290 299 324 220 269 306 219 198 239 135 179 206 236 290 320 306 306 303 16 7 0 86 37 0 70 91 67 154 110 83 70 16 4 0 0 3 jt72
225 192 232 229 254 221 240 237 204 196 211 229 266 266 266 239 266 266 41 74 34 18 12 45 12 15 48 38 41 23 0 0 0 8 0 0 md235
611 594 594 612 561 594 563 503 558 550 442 497 503 456 437 472 473 514 1 0 0 0 51 0 83 124 69 96 204 130 109 138 157 140 139 80 n427
850 804 900 930 900 900 868 759 821 822 813 841 799 752 697 663 651 697 50 96 0 0 0 0 32 141 79 108 87 59 101 148 203 267 249 203 j220
204 213 195 203 230 230 145 174 175 139 170 230 195 164 176 175 180 229 26 17 45 27 0 0 85 56 65 91 60 0 35 66 64 55 50 1 o256
453 501 517 480 397 498 382 317 271 335 265 310 506 506 429 484 501 506 53 5 11 26 109 8 124 189 257 171 241 196 0 0 99 22 5 0 ad372
223 224 224 188 224 224 200 181 208 165 172 172 201 198 224 238 224 224 1 0 0 50 0 0 40 59 32 90 68 68 23 26 0 0 0 0 jt232
201 220 214 227 195 195 148 184 146 173 140 152 214 247 234 234 219 234 33 27 20 7 52 39 68 44 70 43 88 64 20 0 0 0 28 0 m144
213 272 286 286 273 276 239 243 248 259 203 191 234 240 240 242 262 233 73 14 0 0 13 10 47 43 38 27 83 95 52 46 46 44 24 53 jd144
664 775 800 800 761 800 576 517 513 543 549 516 726 775 800 800 775 800 136 0 0 0 14 0 192 227 255 225 195 252 74 0 0 0 0 0 f210
943 1066 1122 1089 1089 1089 880 963 909 875 836 877 888 1071 1122 1089 1089 1089 146 23 0 0 0 0 176 93 179 181 220 179 201 18 0 0 0 0 jd498
311 202 297 312 312 312 273 125 206 293 273 267 235 221 184 185 235 264 1 110 15 0 0 0 26 174 93 6 26 32 77 91 128 127 77 48 md473
1123 1158 1208 1143 1032 1193 972 1004 1008 926 1164 1121 1173 1110 1087 1151 1148 1065 119 84 34 126 210 49 224 192 188 296 32 75 69 132 155 118 94 177 a12
1072 1146 1150 1078 1113 1009 850 835 934 882 907 1134 1175 1018 1150 1175 1175 1175 103 29 0 97 62 166 372 387 262 340 315 88 0 157 0 0 0 0 d191
317 320 256 256 320 320 223 226 221 202 202 223 237 307 320 320 320 320 3 0 64 64 0 0 113 110 115 134 134 113 83 13 0 0 0 0 jt239
647 630 648 648 538 648 461 442 428 421 313 423 566 483 531 567 475 507 1 0 0 0 92 0 187 188 220 227 317 225 82 147 117 81 155 141 n103
373 375 358 353 341 325 284 277 235 266 307 274 406 406 406 406 372 406 33 31 48 53 65 81 93 100 142 111 70 103 0 0 0 0 34 0 m328
451 425 453 472 486 472 465 506 407 469 418 463 567 588 567 567 537 567 116 163 114 95 102 95 102 82 160 98 170 104 0 0 0 0 51 0 m8
617 744 744 775 744 744 523 593 576 635 619 606 666 744 744 775 744 744 127 0 0 0 0 0 245 175 192 165 149 162 78 0 0 0 0 0 f110
588 684 684 675 650 659 494 541 482 578 506 621 702 637 702 702 720 702 114 36 18 27 70 43 208 179 220 124 214 81 0 83 0 0 0 0 d288
515 624 648 648 619 648 528 358 481 395 440 455 601 553 646 648 624 648 133 0 0 0 5 0 120 266 167 253 184 193 47 71 2 0 0 0 j449
1267 1490 1536 1536 1380 1536 1164 1212 1186 1243 911 1287 1495 1314 1341 1536 1504 1521 269 46 0 0 156 0 340 292 318 261 593 217 41 222 195 0 32 15 ad459
616 638 643 614 523 555 545 418 445 462 502 473 648 619 600 648 648 675 32 37 32 34 125 120 103 257 230 186 146 202 0 56 75 0 0 0 ad291
738 577 741 701 745 710 638 499 655 522 583 552 661 683 780 754 754 754 16 177 39 53 9 44 87 226 95 203 142 173 93 71 0 0 0 0 j203
1223 1114 1224 1224 1074 1224 1061 998 1035 1169 921 1139 1008 964 888 995 898 978 1 86 0 0 126 0 163 202 189 55 279 85 216 236 336 229 302 246 s411
651 714 714 694 701 714 499 568 591 608 529 613 568 582 586 622 564 587 63 0 0 3 13 0 215 146 123 89 185 101 146 132 128 75 150 127 n99
264 265 276 299 290 287 243 186 222 178 199 185 290 259 239 224 257 263 35 47 23 0 22 12 56 126 77 121 113 114 9 53 60 75 55 36 md275
604 629 612 629 587 629 474 561 517 547 523 539 618 533 612 629 615 628 25 0 0 0 42 0 192 105 131 119 143 127 11 96 0 0 14 1 d124
692 827 850 855 807 808 589 782 643 696 765 730 720 739 717 735 769 715 172 37 14 33 57 56 311 118 257 229 135 170 144 125 147 153 95 149 ad24
389 350 379 384 381 390 301 270 328 303 289 323 304 281 255 295 298 304 1 55 11 6 24 0 63 108 36 61 89 41 86 124 135 95 107 86 s219
498 534 560 447 540 540 360 341 376 323 355 346 527 477 501 540 540 540 42 6 0 93 0 0 153 172 156 190 158 167 13 63 59 0 0 0 d424
499 529 552 508 529 526 374 369 388 298 392 342 436 502 552 529 529 529 30 0 0 21 0 3 155 160 164 231 137 187 93 27 0 0 0 0 jd368
1443 1597 1600 1503 1600 1600 1012 1216 1284 1208 1205 1165 1585 1272 1531 1590 1550 1525 157 3 0 129 0 0 588 384 316 424 395 435 15 328 69 42 50 75 d131
1731 1800 1800 1636 1774 1800 1368 1409 1379 1431 1398 1343 1800 1620 1758 1800 1800 1800 69 0 0 164 26 0 492 451 481 429 462 517 0 180 42 0 0 0 d454
293 371 352 327 352 331 412 347 313 303 406 359 450 402 402 450 450 450 157 79 116 123 98 119 63 128 181 172 69 116 0 48 66 0 0 0 ad316
448 492 527 527 440 459 443 366 342 450 374 424 524 510 504 523 488 527 79 18 0 0 70 68 115 174 216 108 166 134 3 0 23 4 22 0 m116
425 435 420 435 409 435 265 304 319 330 308 366 371 325 314 338 363 307 10 0 0 0 26 0 170 131 101 105 127 69 64 110 106 97 72 128 n296
739 692 740 740 728 740 706 605 615 661 525 651 567 618 638 671 589 563 1 68 0 0 32 0 34 155 125 79 235 89 173 142 102 69 171 177 s135
639 640 576 656 634 640 524 427 424 501 376 503 542 555 548 505 545 523 1 0 64 0 6 0 76 173 176 114 224 97 98 85 92 151 95 117 o297
531 546 532 518 505 532 412 449 405 396 384 420 473 447 449 463 423 400 1 0 0 14 41 0 158 136 165 174 201 150 59 99 83 69 123 132 n453
228 208 234 236 240 237 178 156 153 159 124 166 214 210 198 222 209 212 12 32 6 4 0 3 86 108 111 105 140 98 26 30 42 18 31 28 s233
387 417 396 333 385 395 264 321 360 326 318 350 349 425 425 425 425 425 38 8 29 92 40 30 161 104 65 99 107 75 76 0 0 0 0 0 jd288
395 396 363 414 384 342 390 349 316 347 304 387 320 308 257 342 319 334 1 0 33 0 12 54 28 69 102 90 114 31 76 88 139 72 77 62 a152
365 356 355 420 420 406 277 304 281 368 383 319 368 412 380 379 325 380 55 85 86 0 0 35 123 116 139 32 17 101 52 29 61 41 95 61 a406
518 519 522 519 550 527 551 587 474 477 474 550 616 616 510 588 616 616 98 97 94 69 66 89 87 51 164 132 164 88 0 0 106 0 0 0 md97
552 568 620 537 597 583 353 412 474 435 401 444 608 557 611 608 608 624 56 56 4 71 11 41 293 251 189 211 245 219 0 67 13 0 0 0 d371
1012 1032 921 1015 992 1007 941 1003 981 949 1034 957 1005 1161 1134 1134 1161 1134 122 129 213 119 169 127 193 158 153 185 127 177 129 0 0 0 0 0 f115
956 1052 1026 1053 989 1053 646 883 624 831 724 732 1053 1053 873 1053 1053 1053 97 1 0 0 64 0 368 131 364 183 290 282 0 0 153 0 0 0 d132
431 414 361 432 432 373 376 377 346 374 415 337 363 349 350 366 330 340 1 0 53 0 0 41 80 60 91 82 41 100 69 65 64 66 102 74 a139
411 413 452 426 413 393 364 334 343 279 339 331 368 459 459 459 459 459 48 46 7 33 46 66 122 152 143 207 147 155 91 0 0 0 0 0 j371
287 279 281 228 261 264 242 131 231 197 209 218 236 266 304 288 288 304 1 25 23 60 27 40 46 173 73 91 79 86 52 38 0 0 0 0 jt238
454 484 407 428 452 527 417 391 301 424 376 394 490 507 463 490 490 494 73 43 120 99 75 0 110 136 226 103 151 133 37 20 64 37 37 33 o290
629 648 675 665 566 626 522 422 440 490 422 520 643 578 587 645 604 648 46 2 0 10 84 49 153 228 235 185 228 155 32 72 88 30 46 27 ad278
282 283 303 317 299 280 346 287 273 291 264 292 368 368 368 368 319 368 86 85 65 51 69 88 22 81 95 77 104 76 0 0 0 0 49 0 m168
211 239 256 240 256 256 215 155 213 237 252 241 207 240 182 167 195 201 45 17 0 0 0 0 57 117 59 18 20 31 49 16 74 73 61 55 md4
799 784 800 767 741 786 711 623 683 616 570 649 698 578 638 654 640 700 1 0 0 33 43 14 139 210 167 234 263 201 102 206 162 146 144 100 n185
455 399 454 283 443 451 434 314 371 328 385 359 384 407 459 459 459 459 4 60 5 176 16 8 42 162 105 148 91 117 75 52 0 0 0 0 jt110
523 569 593 588 554 595 443 391 367 361 467 376 580 550 591 589 578 595 72 9 2 7 24 0 187 221 263 269 145 254 15 28 4 6 0 0 f374
539 525 525 540 510 525 356 331 343 364 287 363 454 403 452 459 431 405 1 0 0 0 30 0 148 159 147 140 217 127 86 122 73 81 109 120 n316
424 469 428 443 423 440 397 344 350 335 330 376 427 465 408 444 432 447 56 11 52 37 57 40 83 136 130 145 150 104 53 15 72 36 48 33 md115
790 819 805 793 844 782 658 707 707 648 733 694 797 880 858 858 880 858 68 61 53 65 36 76 239 213 190 249 187 203 61 0 0 0 0 0 f178
415 409 427 468 494 481 343 304 310 299 324 360 489 481 481 459 399 398 79 72 54 26 0 0 113 140 134 157 132 84 5 0 0 35 95 83 d249
307 277 270 252 254 274 215 202 123 214 188 194 271 297 308 322 308 308 1 31 38 70 54 34 71 84 163 85 98 92 37 11 0 0 0 0 m285
221 216 228 228 202 201 152 143 141 159 166 194 208 194 171 181 199 193 7 0 0 0 14 27 95 91 106 88 68 53 20 22 57 47 17 35 md471
330 334 374 374 347 374 276 283 295 265 301 269 311 361 281 290 335 291 44 57 0 0 44 0 98 108 79 109 90 105 63 30 93 84 56 83 md156
541 604 587 569 600 550 416 483 481 451 469 484 493 624 600 600 624 600 59 20 13 31 24 50 159 115 94 124 129 91 107 0 0 0 0 0 j464
1101 1156 1156 1035 1141 1100 974 864 889 869 939 932 1124 1071 1116 1131 1160 1160 59 4 4 96 19 60 186 296 271 262 221 228 36 89 44 0 0 0 d487
149 136 168 162 160 170 123 106 120 118 139 187 150 127 113 117 139 170 21 24 2 8 0 0 64 70 67 69 37 0 20 33 57 53 21 0 md405
363 378 420 410 400 420 378 286 405 353 292 356 345 288 320 346 304 350 57 28 0 10 6 0 72 149 45 97 143 94 75 118 100 74 102 70 s299
320 351 347 338 291 350 191 144 166 168 147 162 282 263 252 282 247 251 18 0 4 0 47 1 121 180 158 144 165 162 56 88 99 56 91 100 n273
183 195 180 208 213 200 135 159 152 167 203 180 188 205 207 188 203 169 27 25 30 2 7 10 96 83 79 64 39 51 22 15 3 22 17 41 md80
213 246 252 214 250 245 157 147 128 135 134 155 198 223 245 229 243 227 39 6 0 24 2 7 77 87 106 86 100 79 54 29 7 9 9 25 jd383
1028 971 1092 1056 1079 1092 1122 982 1046 876 909 979 1120 938 865 915 820 870 92 121 0 64 41 0 38 149 85 284 251 152 0 154 227 205 300 222 jt349
513 546 505 515 514 509 458 466 396 474 434 459 600 620 600 595 566 600 87 74 95 85 106 91 112 123 174 96 155 111 0 0 0 5 54 0 m275
197 183 178 221 200 161 144 133 102 114 160 137 197 156 141 181 142 157 11 25 30 0 8 47 64 75 106 107 48 71 11 52 67 40 66 51 a273
863 864 864 880 796 864 691 714 679 764 572 655 805 727 703 739 757 798 1 0 0 2 68 0 173 150 185 118 292 209 59 137 161 143 107 66 n332
711 897 858 829 876 897 700 724 761 687 772 747 715 897 858 897 897 897 186 0 0 68 21 0 220 196 119 233 148 173 182 0 0 0 0 0 jd214
608 584 548 609 630 504 554 528 523 524 620 436 465 536 445 453 556 508 1 46 61 0 0 105 55 102 86 85 10 173 144 94 164 156 74 101 a479
232 222 198 240 225 186 207 171 156 158 186 162 202 152 170 177 163 199 8 3 42 0 0 54 33 54 84 82 39 78 38 73 70 63 62 41 a343
460 525 550 507 528 550 381 314 382 367 378 367 445 528 550 548 522 550 90 3 0 43 0 0 144 190 143 158 126 158 105 0 0 2 6 0 jd99
218 252 260 273 273 273 225 245 205 202 240 256 247 242 190 215 221 213 55 21 0 0 0 0 69 49 75 92 54 38 26 31 70 58 52 60 f68
243 259 266 266 209 266 215 183 213 193 162 194 240 252 266 266 266 266 23 7 0 0 57 0 70 102 72 92 123 91 26 14 0 0 0 0 jd43
945 1069 1097 1067 1008 1075 727 797 734 723 762 718 927 1098 1102 1073 1102 1102 157 33 5 6 94 27 337 267 330 313 302 346 175 4 0 0 0 0 j347
543 506 523 530 522 561 436 335 414 375 390 426 431 472 436 440 481 442 1 55 38 14 22 0 76 193 114 137 122 102 113 89 125 104 63 119 s86
436 365 438 458 420 433 382 297 326 320 290 323 410 406 410 460 413 440 4 75 2 2 20 7 58 143 114 140 150 117 30 34 30 0 27 0 m425
467 508 505 479 483 510 319 313 290 387 325 346 510 487 457 527 510 510 43 2 5 48 27 0 191 197 220 140 185 164 0 23 53 0 0 0 d397
347 361 361 361 315 357 280 245 214 206 207 268 361 361 320 310 361 361 14 0 0 0 46 4 81 116 147 155 154 93 0 0 41 51 0 0 ad55
486 567 546 567 527 567 401 342 326 397 337 421 565 567 445 556 561 567 81 0 0 0 40 0 166 225 220 170 230 146 2 0 101 11 6 0 ad410
366 315 392 400 322 366 355 263 259 316 302 296 400 301 400 400 380 400 34 65 8 0 58 34 65 136 161 104 97 124 0 79 0 0 0 0 ad223
407 408 388 380 384 408 376 396 319 352 368 405 296 286 285 297 299 293 1 0 20 28 24 0 32 12 89 56 40 3 112 122 123 111 109 115 o72
510 502 528 475 473 501 369 383 380 340 384 376 402 516 528 504 528 528 18 26 0 29 55 27 159 145 148 164 144 152 126 12 0 0 0 0 j239
1315 1456 1456 1482 1456 1456 1316 1322 1294 1296 1345 1391 1277 1237 1179 1260 1248 1154 141 0 0 0 0 0 140 134 162 186 111 65 179 219 277 222 208 302 f458
575 576 576 558 506 576 530 491 423 477 382 518 447 408 451 415 452 475 1 0 0 0 70 0 78 117 185 112 226 90 129 168 125 143 124 101 n378
377 378 363 362 378 378 275 248 175 309 264 254 356 378 357 351 277 364 1 0 15 16 0 0 130 157 230 96 141 151 22 0 21 27 101 14 md331
256 169 315 340 323 340 278 181 242 229 195 215 322 289 267 283 239 281 84 154 25 0 0 0 62 142 98 111 128 125 18 34 73 57 84 59 m182
289 295 285 301 298 288 335 298 264 249 297 334 350 350 364 350 306 350 61 55 79 49 52 62 40 77 126 126 78 41 0 0 0 0 44 0 m201
673 582 720 680 690 691 680 381 460 464 446 491 696 553 720 696 696 696 23 114 0 16 6 5 45 344 290 261 279 234 0 143 0 0 0 0 j172
304 316 354 384 349 365 316 243 237 266 334 310 332 309 301 251 288 288 80 52 14 0 35 3 68 125 131 118 50 58 52 59 67 133 96 80 md167
701 706 574 706 745 725 538 477 507 544 530 542 750 725 725 750 748 725 49 19 151 44 5 0 182 219 189 176 190 154 0 0 0 0 2 0 o485
407 437 437 336 414 435 289 345 358 305 355 317 309 437 437 414 414 437 7 0 0 78 0 2 125 92 79 109 59 120 105 0 0 0 0 0 jd377
557 702 720 702 683 702 513 518 537 573 535 571 593 519 592 510 556 549 145 0 0 0 19 0 150 145 143 90 128 92 109 183 128 192 146 153 f411
895 799 896 896 824 896 901 695 922 928 681 874 676 726 688 737 750 697 1 97 0 0 72 0 27 233 6 0 247 54 220 170 208 159 146 199 s33
503 452 382 479 522 504 351 458 350 361 398 428 368 403 387 399 422 403 1 70 122 25 0 0 125 35 126 115 95 48 136 119 117 105 100 101 o348
740 677 796 599 717 805 618 533 621 542 488 581 656 721 805 805 767 805 65 93 9 206 53 0 164 215 161 240 260 201 149 49 0 0 3 0 jt292
1085 952 1118 1155 1081 1153 927 913 825 804 880 768 1155 1155 1072 1003 1155 1155 70 203 4 0 74 2 193 207 263 316 240 352 0 0 50 152 0 0 ad419
561 584 660 580 675 675 560 598 520 609 631 688 572 524 482 471 429 471 114 91 15 95 0 0 142 104 182 93 71 14 103 151 193 204 246 204 o473
407 391 391 398 404 391 280 261 254 276 275 279 400 379 305 338 349 331 1 0 0 10 4 0 104 107 114 108 109 89 8 12 86 70 59 60 md175
592 565 672 672 648 672 543 504 527 483 540 548 612 626 613 635 551 623 80 83 0 0 0 0 129 144 145 189 108 124 60 22 59 37 97 49 m29
533 559 593 607 585 516 447 404 406 434 490 505 588 607 615 591 532 621 88 62 51 14 36 105 201 244 266 214 158 143 33 14 29 30 89 0 m9
928 931 931 917 868 752 844 850 851 875 855 912 800 803 646 724 744 803 3 0 0 14 63 179 136 130 129 105 125 68 131 128 285 207 187 128 md323
437 486 491 447 446 452 320 296 323 346 381 323 512 439 512 512 528 512 75 42 21 65 82 60 160 199 157 134 114 157 0 89 0 0 0 0 d238
271 255 233 272 272 272 256 220 257 217 248 235 244 272 261 214 244 224 1 17 55 0 0 0 33 69 49 72 41 54 28 0 27 58 28 48 md252
286 351 338 351 347 351 293 300 257 275 287 294 285 305 288 269 285 270 65 0 0 0 4 0 85 78 107 103 91 84 66 46 50 82 66 81 f223
468 430 475 498 392 468 385 208 249 309 355 312 500 411 427 500 500 475 32 45 0 2 108 7 95 248 207 171 125 144 0 64 48 0 0 0 ad435
883 910 910 884 756 910 766 713 744 711 600 768 685 601 652 609 651 646 1 0 0 0 128 0 84 162 131 139 250 107 199 309 258 275 233 264 n32
379 321 326 345 380 380 286 330 314 227 198 308 279 266 242 235 169 295 1 59 54 35 0 0 94 50 66 153 182 72 101 114 138 145 211 85 o119
561 604 621 598 588 615 499 428 469 420 469 502 530 621 621 598 598 621 37 17 0 0 10 6 125 220 179 204 155 146 68 0 0 0 0 0 j30
1188 1303 1344 1286 1163 1344 1109 862 1060 1036 1057 1174 1344 1160 1344 1312 1344 1344 156 41 0 26 181 0 277 524 326 317 329 212 0 184 0 0 0 0 d109
1195 1196 1196 1219 1035 1196 1020 974 928 923 679 956 969 924 1014 1023 960 995 1 0 0 0 161 0 124 170 216 243 465 188 227 272 182 196 236 201 n143
517 566 549 597 604 597 457 471 512 525 523 509 507 624 624 650 624 624 107 58 75 53 20 27 143 129 88 100 77 91 117 0 0 0 0 0 j49
435 331 318 358 372 390 301 289 262 334 320 351 450 450 450 443 451 450 33 119 132 110 96 60 167 161 188 134 148 99 18 0 0 25 17 0 m488
978 916 1066 1090 983 1057 875 854 1006 993 979 977 946 898 870 923 848 915 114 150 0 2 109 9 217 212 60 99 113 89 146 168 196 169 244 151 a180
477 425 479 484 484 378 337 358 356 359 405 308 412 393 404 405 403 422 7 59 5 0 0 106 125 104 106 103 57 154 72 91 80 79 81 62 a8
643 653 547 601 667 644 574 592 478 444 614 616 479 515 454 465 529 494 1 14 97 43 0 0 42 46 138 172 24 0 165 152 190 179 138 150 o322
401 438 435 426 420 411 331 346 351 317 398 343 391 494 475 475 494 475 74 56 40 49 74 64 119 122 99 133 70 107 84 0 0 0 0 0 j456
604 740 720 720 726 720 587 663 617 682 714 643 584 568 497 520 554 571 116 0 0 0 14 0 133 77 103 38 26 77 136 172 223 200 186 149 f452
683 666 666 684 646 666 612 591 551 554 486 558 547 509 570 541 631 520 1 0 0 0 38 0 34 38 78 92 160 71 137 157 96 143 53 146 n353
710 660 650 677 703 705 665 627 605 581 617 615 743 770 748 770 707 770 60 110 98 93 67 65 105 143 143 189 153 155 27 0 0 0 63 0 m186
645 646 570 601 624 646 479 535 455 507 557 570 549 561 501 496 542 480 1 0 76 45 22 0 133 77 157 105 55 42 97 85 145 150 104 166 o433
1003 1256 1302 1064 1204 1302 1187 1168 1206 987 1012 1260 1210 1092 1253 1172 1075 1107 299 46 0 207 98 0 73 92 54 243 248 0 92 210 49 99 227 195 jt430
543 491 541 537 528 544 384 386 500 480 460 525 433 410 405 442 390 406 1 37 3 7 0 0 194 175 78 98 101 53 111 118 139 102 138 138 s412
592 627 684 686 687 703 463 497 374 455 548 538 618 531 521 529 550 508 111 76 0 17 16 0 203 169 274 211 118 128 85 172 163 174 153 195 f415
375 352 406 392 386 406 298 378 366 344 357 397 341 314 307 281 311 312 17 54 0 0 6 0 122 57 69 76 63 38 51 92 99 111 81 94 f314
409 395 383 456 418 408 341 282 320 285 301 286 465 450 438 465 416 465 56 55 82 9 32 57 124 168 145 180 149 179 0 0 27 0 34 0 m146
606 610 653 684 601 681 589 405 557 523 488 553 620 600 610 552 541 546 78 55 31 0 64 3 59 225 91 125 142 95 64 65 74 132 124 138 s431
710 780 783 571 752 776 571 559 620 586 551 535 612 783 783 754 754 783 44 3 0 183 2 7 157 197 136 142 177 221 142 0 0 0 0 0 jd226
863 784 806 864 812 840 768 756 788 900 710 762 642 617 645 654 634 640 1 56 34 0 52 0 132 119 87 0 190 113 222 223 195 210 230 200 s477
905 927 916 930 749 924 759 747 644 681 787 707 930 903 843 930 960 930 25 33 14 0 211 6 140 181 255 218 141 192 0 57 87 0 0 0 ad166
455 449 432 285 441 419 305 305 250 288 306 295 334 456 480 456 456 456 1 7 48 171 15 37 151 151 230 168 150 161 122 0 0 0 0 0 jt269
431 432 388 267 422 422 367 335 291 288 252 360 358 322 432 456 432 432 1 0 44 189 10 10 65 97 141 168 180 72 74 110 0 0 0 0 jt138
1162 1233 1254 1247 1257 1227 967 980 990 965 1018 905 1066 1160 1223 1134 1201 1201 98 27 6 13 3 33 251 238 228 253 200 313 194 100 37 126 59 59 j58
429 391 396 418 440 440 440 334 317 364 388 388 371 372 308 276 306 322 11 49 44 0 0 0 0 106 123 54 52 52 69 68 132 142 134 118 md415
419 406 360 389 418 406 318 365 307 343 338 347 352 306 293 313 335 304 1 0 46 31 2 0 132 70 128 107 112 88 68 100 113 107 85 102 o342
694 720 686 669 621 640 656 513 508 603 556 557 576 714 700 725 725 725 31 5 14 56 104 85 40 183 164 93 140 139 149 11 0 0 0 0 jt346
832 891 891 891 891 891 700 657 794 773 713 769 795 834 862 794 846 819 59 0 0 0 0 0 224 267 130 151 211 155 96 57 29 97 45 72 f200
753 628 728 743 711 730 739 592 667 717 626 740 610 607 584 590 624 657 1 126 0 11 43 24 44 191 89 66 157 43 144 147 144 164 130 97 a87
399 418 372 384 418 418 373 381 317 358 433 440 315 418 398 374 349 296 19 0 46 34 0 0 67 59 123 82 7 0 103 0 20 44 69 122 jt18
1374 1415 1462 1259 1428 1462 1254 1166 1219 1104 1214 1253 1277 1428 1462 1372 1428 1462 88 13 0 203 0 0 251 304 286 401 256 252 185 0 0 90 0 0 jd180
439 418 440 440 418 380 394 356 382 380 380 345 338 338 338 349 368 373 1 0 0 0 0 60 26 43 38 40 19 75 102 80 102 91 50 67 a379
945 1023 990 793 1023 990 699 789 757 696 724 819 783 1023 990 990 1023 990 45 0 0 197 0 0 321 265 263 324 330 201 207 0 0 0 0 0 jd131
426 402 452 461 464 500 445 414 374 429 399 453 540 520 540 540 481 540 114 118 88 79 56 40 95 106 166 111 121 87 0 0 0 0 39 0 m3
487 452 552 529 523 413 384 359 498 412 469 380 495 432 433 450 436 463 42 77 0 0 6 116 168 193 78 140 83 172 34 97 119 79 93 66 a9
611 594 612 612 558 612 526 521 547 596 475 494 545 456 457 506 488 502 1 0 0 0 36 0 86 73 65 16 119 118 67 138 155 106 106 110 n22
399 411 440 460 460 460 360 370 344 369 404 357 451 441 428 446 447 427 61 49 0 0 0 0 123 113 118 114 79 126 9 19 12 14 13 33 m15
687 672 700 700 456 679 498 491 468 475 464 495 700 594 628 697 672 700 13 0 0 0 216 21 177 157 207 200 184 180 0 78 72 3 0 0 ad413
611 612 595 576 495 575 424 395 360 384 422 412 612 612 612 594 512 612 1 0 17 18 117 37 154 183 218 177 156 166 0 0 0 0 100 0 m190
839 992 960 992 972 992 746 793 726 774 764 808 882 992 960 992 992 992 153 0 0 0 20 0 277 230 264 249 259 215 110 0 0 0 0 0 f28
1283 1353 1353 1394 1394 1353 1171 1165 1090 1200 1186 1155 1203 1353 1353 1394 1394 1337 111 0 0 0 0 0 257 221 296 228 242 231 191 0 0 0 0 16 f494
376 396 433 466 464 430 363 324 304 325 323 288 468 434 450 468 391 450 92 54 17 2 4 20 79 101 121 117 119 137 0 16 0 0 77 0 m312
818 819 805 819 736 815 660 644 581 678 578 608 684 673 738 679 686 708 1 0 14 0 83 4 120 136 199 102 202 172 135 146 81 140 133 111 n393
263 264 264 264 253 264 221 206 220 209 255 170 243 242 227 192 188 209 1 0 0 0 11 0 65 80 66 77 31 116 21 22 37 72 76 55 md342
985 975 1050 1029 939 976 797 675 856 781 755 721 974 910 848 894 909 944 65 75 0 0 111 74 203 325 144 199 245 279 76 140 202 135 141 106 n319
1215 1368 1368 1332 1327 1368 929 1091 925 862 985 946 1263 1308 1283 1321 1358 1329 153 0 0 0 41 0 401 239 405 433 345 384 105 60 85 11 10 39 f423
1175 1191 1248 1190 1173 1201 1010 1109 1093 1085 1076 1087 1079 1287 1248 1287 1287 1287 112 96 0 97 114 86 277 178 155 202 211 200 208 0 0 0 0 0 jd491
711 777 698 665 798 777 557 699 587 551 534 737 670 603 530 551 721 523 87 0 79 133 0 0 203 41 153 209 226 3 128 174 247 247 77 254 o156
539 540 540 567 416 520 471 395 377 380 379 435 540 517 395 552 523 529 1 0 0 0 124 20 69 145 163 187 161 105 0 23 145 15 17 11 ad287
181 182 182 177 176 182 154 113 107 140 126 158 162 135 116 128 95 155 1 0 0 5 6 0 41 82 88 55 69 37 20 47 66 54 87 27 md119
197 190 180 174 155 148 146 122 136 126 137 159 193 190 186 200 190 188 3 0 10 26 45 42 74 87 73 94 83 50 7 0 4 0 10 2 m257
571 487 525 600 576 576 442 348 422 468 433 422 547 569 528 571 455 552 5 89 51 0 0 0 110 204 130 107 119 130 29 7 48 29 121 24 m412
743 813 864 847 899 850 654 653 632 630 694 684 710 899 868 868 899 868 125 86 4 21 0 18 186 217 208 210 176 156 158 0 0 0 0 0 j28
526 508 528 542 556 468 556 571 499 532 471 566 616 616 616 616 553 616 90 108 88 74 60 148 60 45 117 84 145 50 0 0 0 0 63 0 m98
501 575 602 607 556 608 451 468 373 429 389 509 608 540 552 608 592 608 107 17 6 1 36 0 157 124 235 179 203 99 0 52 56 0 0 0 d314
694 765 819 819 794 819 711 607 650 687 658 711 704 698 673 651 693 643 125 54 0 0 25 0 69 173 130 93 122 69 115 121 146 168 126 176 j167
1279 1277 1280 1280 1280 1280 1233 1276 1280 1244 1280 1280 1098 959 1113 1089 1082 1028 1 3 0 0 0 0 47 4 0 36 0 0 182 321 167 191 198 252 d390
164 154 165 165 144 165 165 122 123 108 139 144 137 99 113 111 99 131 1 0 0 0 10 0 0 32 42 57 15 21 28 55 52 54 55 34 a240
683 702 684 664 626 684 618 609 611 638 544 513 596 516 500 537 582 551 1 0 0 20 76 0 104 132 111 84 197 209 88 186 184 147 120 133 n157
1164 1342 1364 1336 1328 1281 1239 1178 1151 1166 1141 1023 1181 1049 1045 1019 1103 1169 178 0 0 6 14 61 164 225 275 237 262 380 161 293 319 323 239 173 f267
537 487 598 618 598 598 539 451 483 414 501 530 508 533 572 574 552 553 61 111 0 3 0 0 85 173 141 234 123 94 90 65 26 47 46 45 j485
620 598 621 621 499 557 456 471 411 391 415 468 615 598 495 593 598 606 1 0 0 0 99 64 192 153 237 257 209 180 6 0 126 28 0 15 ad228
641 677 682 670 662 682 676 662 703 701 647 713 511 495 447 499 512 526 41 5 0 12 20 0 37 51 10 12 66 0 171 187 235 183 170 156 d49
413 335 387 414 372 317 409 309 308 380 307 338 320 251 282 320 298 328 1 56 4 0 42 74 23 99 100 52 125 70 94 140 109 94 116 63 a33
360 323 343 368 366 326 329 257 295 288 358 261 323 276 300 297 284 274 8 45 25 0 2 42 62 134 96 103 33 130 45 92 68 71 84 94 a203
305 325 294 318 330 330 287 241 193 253 229 255 270 267 287 265 239 279 25 5 36 27 0 0 43 89 137 92 101 75 60 63 43 80 91 51 o318
1329 1360 1471 1346 1478 1415 1339 1335 1548 1502 1485 1502 1398 1575 1645 1645 1645 1645 316 285 174 299 167 230 271 275 62 108 125 108 247 70 0 0 0 0 j320
366 334 367 334 360 352 300 263 239 257 257 232 378 378 396 378 313 354 12 44 29 44 18 26 99 136 179 142 142 167 0 0 0 0 65 24 m497
512 511 525 537 540 482 373 438 398 416 427 435 491 540 555 555 540 555 43 29 30 18 0 73 219 138 194 176 149 157 64 0 0 0 0 0 f305
327 305 355 372 364 386 291 243 228 193 281 237 391 347 408 387 359 391 64 86 53 19 27 5 77 125 156 175 87 131 0 44 0 4 32 0 m204
699 774 782 754 768 724 475 541 552 507 534 589 696 782 782 759 782 782 83 8 0 5 14 58 307 241 230 252 248 193 86 0 0 0 0 0 f185
809 920 960 829 920 960 760 743 822 780 790 823 776 920 960 960 920 960 151 0 0 131 0 0 224 200 162 204 153 161 184 0 0 0 0 0 jd494
890 714 891 891 766 847 800 480 582 660 569 681 833 849 718 827 770 845 1 150 0 0 98 44 91 384 309 231 295 210 58 15 173 64 94 46 ad123
627 659 756 737 733 756 722 552 551 591 515 617 712 672 657 708 667 640 129 79 0 19 5 0 34 186 205 165 223 139 44 66 99 48 71 116 j117
281 291 275 298 226 277 315 271 252 313 306 325 357 326 319 357 357 357 76 66 103 59 131 80 42 86 126 44 51 32 0 31 59 0 0 0 ad141
1023 1190 1225 1225 1033 1225 971 1128 1186 1216 906 1206 1033 891 906 1053 819 1018 202 0 0 0 157 0 289 96 74 44 318 54 192 299 319 172 371 207 n459
383 376 315 369 384 384 248 268 281 257 259 269 295 301 261 264 264 312 1 8 69 15 0 0 112 92 79 103 101 91 89 83 123 120 120 72 o239
778 851 828 816 845 789 625 548 607 594 621 589 684 851 828 828 851 828 50 0 0 12 6 39 203 303 221 234 230 239 144 0 0 0 0 0 j105
475 497 480 512 427 442 366 332 243 279 298 327 525 525 394 525 525 525 50 28 24 13 98 83 134 168 237 221 202 173 0 0 110 0 0 0 ad281
2377 2330 2184 2262 2378 2276 2329 1910 2078 2264 2087 2227 2200 2266 2214 2295 2338 2378 1 48 194 116 0 102 49 468 300 114 291 151 178 112 164 83 40 0 ad213
369 341 382 407 363 336 299 340 344 340 349 364 375 420 440 440 420 440 71 79 58 33 57 104 119 59 74 78 50 54 65 0 0 0 0 0 j69
288 297 336 308 322 322 220 247 266 215 232 244 264 236 309 249 260 264 34 25 0 14 0 0 102 75 70 107 90 78 58 86 27 73 62 58 j158
456 560 544 544 536 541 394 411 383 385 367 419 444 560 537 527 542 516 88 0 0 0 24 3 184 184 195 193 228 159 100 0 7 17 18 28 f135
354 379 352 395 404 354 329 257 242 319 257 328 425 425 408 425 400 425 71 46 56 30 21 71 71 143 142 81 143 72 0 0 0 0 25 0 m91
462 418 414 422 383 331 365 407 429 422 406 429 401 475 484 506 484 484 22 66 70 84 101 153 141 99 77 107 100 77 83 9 0 0 0 0 j276
449 450 450 465 401 450 332 355 303 325 307 305 413 382 413 431 404 415 1 0 0 0 49 0 88 65 117 109 113 115 37 68 37 34 46 35 n257
614 733 699 714 731 708 443 502 502 480 504 477 642 722 702 660 716 686 100 2 15 0 4 6 271 233 212 234 231 237 72 13 12 54 19 28 f76
244 225 238 236 241 193 246 237 213 251 198 244 286 286 286 286 259 286 42 61 48 50 45 93 62 71 95 57 110 64 0 0 0 0 27 0 m129
963 960 1015 1050 958 990 866 676 706 806 779 787 1043 991 867 1047 1044 1015 87 55 0 0 92 25 154 310 280 214 241 199 7 24 148 3 6 0 ad426
632 675 836 868 868 837 781 475 545 622 475 740 859 786 837 786 631 736 236 162 1 0 0 0 59 335 265 218 365 70 9 51 0 82 237 101 ad32
1089 1176 1092 1081 1172 1204 953 1036 1014 1024 1000 994 1063 1058 1088 1041 1075 1098 115 0 112 123 4 0 251 140 190 180 176 210 141 118 116 163 101 106 o51
383 375 396 356 326 359 336 304 311 280 320 310 432 416 432 432 390 432 49 41 36 76 90 73 69 86 94 125 70 95 0 0 0 0 26 0 m475
1166 1254 1254 1154 1254 1254 1015 1098 1075 1026 1061 1063 1015 1254 1254 1254 1254 1254 88 0 0 100 0 0 206 123 146 195 160 158 239 0 0 0 0 0 jd113
730 705 704 734 597 715 591 546 493 521 588 556 716 705 577 736 736 736 6 31 0 2 139 21 145 190 211 215 148 180 20 31 127 0 0 0 ad425
663 700 700 720 628 700 664 467 553 575 473 522 628 600 606 711 693 661 57 0 0 0 92 0 92 268 182 181 283 213 92 100 94 9 27 39 d40
404 415 382 378 392 365 335 262 300 267 337 326 397 371 418 437 437 437 33 22 36 59 45 72 125 198 140 193 123 134 40 66 0 0 0 0 jd356
2195 2352 2352 2214 2318 2352 1899 2121 1953 2068 1906 2040 2210 1914 2279 2260 2186 2224 157 0 0 180 34 0 397 175 343 269 390 256 142 438 73 134 166 128 d479
385 416 383 374 330 404 326 349 351 298 346 331 416 432 432 416 391 432 31 16 49 42 86 28 116 110 108 144 96 128 0 0 0 0 25 0 m93
456 460 460 460 460 363 476 438 483 483 474 331 343 349 362 346 425 388 4 0 0 0 0 97 7 45 0 0 9 152 117 111 98 114 35 72 a467
802 840 810 664 828 810 666 750 633 651 719 638 642 820 810 810 840 810 8 0 0 146 12 0 171 118 204 186 149 199 168 20 0 0 0 0 jd455
805 774 806 724 719 806 829 614 674 607 622 700 711 730 806 775 806 806 1 32 0 51 87 0 3 218 158 193 210 132 95 76 0 0 0 0 jd322
610 682 682 660 608 656 525 476 485 567 487 513 660 633 618 660 660 682 50 0 0 0 52 26 165 237 228 123 203 200 0 49 64 0 0 0 d22
1028 990 1081 1051 1032 1081 921 896 846 885 857 822 939 880 927 881 1015 926 53 114 0 30 72 0 160 208 235 196 247 259 142 224 154 200 89 155 s319
658 740 731 760 753 780 561 507 571 532 580 638 591 633 614 609 581 602 122 60 49 20 47 0 180 253 170 209 180 103 189 167 166 171 219 178 s123
939 851 950 826 950 935 923 587 575 741 693 750 883 602 735 863 777 890 11 124 25 124 0 40 65 427 439 247 295 264 67 373 240 87 173 85 jd370
320 378 378 396 354 378 325 307 339 379 334 311 325 296 301 315 290 324 76 0 0 0 42 0 93 92 60 39 84 88 71 82 77 81 106 54 jd223
440 419 432 441 397 392 410 372 366 368 337 386 361 322 390 367 357 403 1 22 30 0 44 49 31 69 96 73 104 55 80 119 72 74 84 38 a483
919 1018 1041 961 1025 995 871 752 694 743 807 826 1050 962 989 1050 1025 1050 131 7 9 89 0 55 179 273 356 307 218 224 0 63 61 0 0 0 d149
727 818 851 900 893 768 866 787 494 720 627 807 898 930 717 823 739 716 173 112 49 0 37 132 34 143 406 180 303 93 2 0 183 77 191 184 ad35
805 975 975 865 899 975 760 826 879 645 771 832 670 967 917 900 910 932 131 0 0 71 37 0 200 174 121 315 189 168 266 8 58 36 26 43 jt35
531 489 537 506 504 495 436 425 440 453 499 527 462 567 567 594 594 567 63 78 30 88 90 72 158 142 127 141 95 40 132 0 0 0 0 0 jd42
823 874 844 874 772 874 692 740 682 743 630 757 792 739 694 802 696 688 51 0 30 0 102 0 228 180 238 177 290 163 82 135 180 72 178 186 n156
299 315 315 300 288 315 263 206 206 206 178 236 292 238 207 188 183 216 1 0 0 0 12 0 57 130 130 114 142 100 8 77 108 112 117 99 md495
372 369 346 378 378 378 375 251 297 264 355 322 336 378 344 362 353 375 6 9 32 0 0 0 24 148 102 135 44 77 42 0 34 16 25 3 m16
1115 1096 1116 1085 1116 1116 1152 909 1110 1006 1152 1152 938 822 871 826 919 854 1 20 0 0 0 0 0 243 42 114 0 0 178 294 245 259 197 262 s210
329 289 330 296 330 330 268 233 236 197 271 290 288 298 281 262 293 253 1 41 0 19 0 0 84 119 116 139 81 62 42 32 49 53 37 77 s217
682 711 715 572 628 712 535 575 579 438 482 516 574 725 725 725 725 725 43 14 10 153 97 13 190 150 146 287 243 209 151 0 0 0 0 0 jt275
939 1023 1073 1073 912 1061 790 756 789 834 801 768 1073 1024 962 1073 1073 1073 134 50 0 0 161 12 283 317 284 239 272 305 0 49 111 0 0 0 d460
486 607 648 621 611 618 479 390 393 399 309 474 613 535 502 577 605 584 135 14 0 0 10 3 142 231 255 222 312 147 8 86 146 44 16 37 ad385
435 437 414 437 346 437 311 325 291 323 227 265 328 428 414 437 437 437 2 0 0 0 91 0 107 93 105 95 191 153 109 9 0 0 0 0 jd381
250 264 272 268 202 267 211 124 159 206 248 233 247 205 256 242 255 221 38 8 0 20 86 5 59 131 96 64 22 22 41 67 16 46 33 51 ad266
655 592 721 722 739 740 528 537 590 657 514 644 620 611 636 597 619 576 85 148 39 18 1 0 175 166 132 46 189 59 120 129 124 143 121 164 s111
383 400 384 384 388 384 337 285 318 291 287 296 347 339 339 321 317 362 1 0 0 0 12 0 47 115 66 93 113 88 37 61 45 63 83 22 md153
441 448 392 408 407 321 345 311 308 326 315 301 448 448 448 448 448 410 7 0 56 40 41 127 103 137 140 122 133 147 0 0 0 0 0 38 m321
436 456 437 407 456 437 380 381 374 356 378 336 383 382 364 334 360 414 1 0 0 30 0 0 57 75 63 81 78 101 54 74 73 103 96 23 md367
503 528 504 355 528 500 377 398 378 270 348 344 384 524 504 504 528 504 1 0 0 149 0 4 106 108 105 213 158 139 120 4 0 0 0 0 jt300
813 882 903 879 846 903 551 501 596 624 504 566 897 757 868 895 879 851 90 0 0 24 36 0 309 339 264 236 336 294 6 125 35 8 3 52 d198
290 352 344 329 334 325 259 262 266 264 296 257 317 347 375 360 360 375 70 23 31 31 26 50 77 88 84 72 40 93 43 28 0 0 0 0 jt80
279 300 308 308 297 284 231 145 187 172 161 213 259 295 302 305 302 288 29 8 0 0 11 24 55 141 99 114 125 73 49 13 6 3 6 20 md195
495 496 496 434 475 496 464 446 391 406 340 390 395 357 419 360 424 382 1 0 0 62 21 0 32 50 105 90 156 106 101 139 77 136 72 114 n424
666 720 744 707 720 744 465 493 503 507 507 570 744 607 744 744 720 744 78 0 0 37 0 0 248 197 210 206 183 143 0 113 0 0 0 0 d201
412 454 397 447 465 465 412 374 368 408 358 399 359 347 358 343 355 366 53 11 53 18 0 0 84 122 112 88 138 97 106 118 92 122 110 99 o412
519 613 616 608 581 603 459 426 503 479 563 482 510 616 616 616 616 616 97 3 0 8 35 13 157 190 113 137 53 134 106 0 0 0 0 0 j90
394 480 464 464 478 464 354 403 367 394 370 321 381 296 364 328 402 360 70 0 0 0 2 0 110 77 97 70 110 143 83 184 100 136 78 104 f241
598 649 792 768 768 792 599 669 551 612 580 628 758 792 788 768 694 784 170 143 0 0 0 0 169 123 241 156 188 164 10 0 4 0 74 8 m436
742 816 884 884 884 884 784 879 878 915 908 918 780 708 680 679 736 681 142 68 0 0 0 0 134 39 40 3 10 0 104 176 204 205 148 203 f160
271 272 244 289 253 214 224 234 165 203 209 175 246 237 240 267 228 218 1 0 28 0 19 58 48 38 107 86 63 97 26 35 32 22 44 54 a424
503 536 440 490 423 560 419 404 411 447 403 414 560 540 560 560 467 560 57 4 120 70 117 0 141 136 149 113 137 146 0 0 0 0 73 0 m348
781 695 782 697 704 782 692 607 669 581 655 743 611 519 560 557 605 502 1 87 0 62 78 0 90 175 113 178 127 39 171 263 222 202 177 280 s209
769 889 795 795 899 870 698 685 671 637 705 690 684 790 716 665 780 640 101 10 75 75 0 0 172 214 199 233 194 180 186 109 154 205 119 230 o295
559 560 520 560 520 560 429 434 367 415 444 397 493 457 490 485 447 462 1 0 24 0 40 0 131 126 177 145 116 163 67 103 54 75 113 98 n161
434 434 439 373 435 435 355 400 356 339 397 409 304 344 346 351 349 367 1 1 11 62 0 0 109 64 124 125 67 55 131 91 104 84 86 68 o201
197 152 217 223 207 207 114 145 148 116 159 110 182 210 206 209 202 201 28 58 8 2 3 18 96 51 62 94 37 100 43 0 19 16 8 24 md396
956 990 984 945 939 961 769 777 880 770 846 819 770 990 990 960 960 990 4 0 6 15 21 29 223 246 143 222 146 204 190 0 0 0 0 0 j98
593 589 559 598 598 476 561 504 492 558 563 455 460 435 419 464 474 504 5 9 13 0 0 122 14 71 58 17 12 120 138 163 153 134 124 94 a153
673 662 758 727 720 660 602 715 755 709 731 751 687 668 810 783 783 783 110 121 52 56 63 123 181 68 55 74 52 32 96 115 0 0 0 0 j406
419 483 462 459 414 462 337 354 373 339 295 306 378 444 462 462 483 462 43 0 0 3 69 0 147 152 111 145 211 178 84 39 0 0 0 0 jd146
370 353 316 415 459 372 367 410 367 383 386 372 450 468 450 439 438 450 80 115 134 35 9 78 83 58 83 67 82 78 0 0 0 11 30 0 m258
186 190 228 221 216 228 203 209 193 178 186 196 160 153 192 185 158 175 42 26 0 7 0 0 44 25 54 69 48 51 68 63 36 43 58 53 jd340
992 1110 1088 1086 1075 1088 835 905 859 837 924 848 897 1122 1088 1088 1122 1088 96 12 0 2 47 0 221 184 197 219 165 208 191 0 0 0 0 0 j166
889 1001 1028 934 918 937 817 740 771 729 772 823 828 996 1050 1015 1015 1015 126 14 22 81 97 78 169 246 249 257 214 163 187 19 0 0 0 0 jd9
839 852 914 861 946 853 706 750 767 737 769 791 796 980 952 952 980 952 113 128 38 91 34 99 212 195 151 181 176 127 156 0 0 0 0 0 j404
624 557 650 638 528 609 493 509 377 384 409 416 609 625 607 629 625 625 14 81 10 0 110 29 116 100 253 225 200 193 29 13 53 9 13 13 ad243
652 700 720 700 668 700 489 582 587 628 479 538 671 571 678 661 658 670 48 0 0 0 32 0 246 153 169 107 256 197 29 129 42 39 42 30 d409
407 496 480 496 454 496 383 407 436 465 375 420 448 405 399 377 381 429 89 0 0 0 42 0 113 89 44 31 121 76 48 91 81 119 115 67 d417
558 567 518 450 567 567 393 426 456 419 448 441 434 567 567 567 567 567 9 0 49 117 0 0 153 120 90 127 98 105 133 0 0 0 0 0 jt401
283 346 342 342 360 342 258 238 231 272 289 275 328 358 334 342 321 336 59 14 0 0 0 0 103 142 130 89 91 86 14 2 8 0 39 6 m420
545 580 535 615 583 567 649 606 646 670 698 673 693 714 693 685 714 693 148 134 158 78 131 126 77 142 80 56 50 53 0 0 0 8 0 0 j13
473 387 476 443 476 476 418 368 424 332 433 378 349 356 356 368 390 360 3 89 0 33 0 0 58 108 52 144 43 98 127 120 120 108 86 116 o254
424 448 364 425 364 400 356 306 288 309 321 399 372 335 358 340 337 374 1 2 61 0 86 25 69 144 137 116 129 26 53 115 67 85 113 51 a469
359 336 360 378 353 294 309 281 353 368 374 278 304 305 309 303 303 317 1 24 0 0 7 66 71 99 27 31 6 102 56 55 51 75 57 43 a81
482 483 378 385 483 465 417 354 308 299 330 358 348 483 460 483 483 483 1 0 82 98 0 18 66 129 152 184 153 125 135 0 0 0 0 0 jt210
914 962 936 962 936 868 741 734 778 794 769 863 899 859 883 870 945 906 48 0 0 0 26 94 258 265 194 205 230 136 63 103 53 92 17 56 f426
490 562 524 550 551 532 344 334 299 345 382 341 489 572 550 550 572 550 60 10 26 0 21 18 181 212 226 180 164 184 61 0 0 0 0 0 f378
550 443 523 550 542 532 470 481 452 397 410 411 612 612 612 595 545 612 62 169 89 45 70 80 106 95 124 163 166 165 0 0 0 0 67 0 m375
951 952 952 946 704 952 730 714 564 746 685 709 952 775 891 952 952 952 1 0 0 6 248 0 250 266 416 234 295 271 0 177 61 0 0 0 ad245
259 273 241 256 245 263 257 200 195 201 240 226 208 191 217 228 185 204 1 0 32 4 15 10 23 94 99 79 40 68 52 82 56 32 75 69 a168
479 555 561 504 533 561 363 337 321 392 321 372 544 484 548 544 544 561 65 6 0 40 11 0 149 191 207 120 191 156 0 77 13 0 0 0 d340
650 687 720 710 608 735 565 478 415 477 395 522 744 744 585 744 744 738 94 57 24 34 136 9 155 242 305 243 325 198 0 0 159 0 0 6 ad220
926 894 945 945 875 945 771 618 727 710 683 662 942 945 945 888 945 929 19 51 0 0 70 0 219 372 263 280 307 328 3 0 0 57 0 16 n198
424 348 304 365 390 349 375 326 229 325 293 324 436 450 432 450 414 450 26 102 128 85 60 101 75 124 203 125 157 126 14 0 0 0 36 0 m5
499 511 612 595 612 612 614 527 572 575 433 505 607 565 543 529 544 520 113 101 0 0 0 0 34 121 76 55 215 143 5 47 69 66 68 92 jt117
695 583 631 667 608 631 647 520 559 609 589 549 612 612 667 696 696 667 1 84 36 29 88 36 25 124 85 63 83 95 84 55 0 0 0 0 jd353
391 374 374 396 396 283 358 277 311 321 364 239 316 246 267 363 352 329 5 0 0 0 0 91 20 80 46 57 14 118 80 128 107 33 44 45 a441
351 352 352 358 352 352 315 279 312 281 270 269 312 306 232 256 231 319 1 0 0 10 0 0 59 95 62 110 104 105 40 46 120 112 121 33 md103
754 816 840 840 816 840 729 728 760 738 745 741 778 753 815 806 789 836 86 0 0 0 0 0 146 122 115 137 105 134 62 63 25 34 27 4 f18
459 440 425 460 440 371 399 292 307 315 368 334 403 325 346 393 338 377 1 0 35 0 0 89 38 126 130 122 50 103 57 115 114 67 102 83 a222
1121 1122 1100 1122 1027 1122 1071 1071 1018 1071 957 985 959 927 913 1002 893 994 1 0 0 0 95 0 0 0 32 0 114 86 163 195 187 120 229 128 n493
647 486 622 582 648 648 461 503 606 493 445 517 547 475 459 506 513 640 1 162 26 66 0 0 187 145 42 155 203 131 101 173 189 142 135 8 s212
711 788 806 801 719 784 627 590 649 649 640 696 828 757 836 828 828 851 117 63 45 27 109 67 165 224 165 143 152 118 0 94 15 0 0 0 d199
517 561 578 574 557 578 467 471 438 474 439 485 513 418 445 438 460 457 61 0 0 4 4 0 111 90 140 104 122 93 65 143 133 140 101 121 f369
280 314 282 264 274 253 242 209 237 231 242 214 244 300 300 300 315 300 20 1 18 36 41 47 78 127 83 89 94 106 56 15 0 0 0 0 jd238
649 720 700 683 720 700 574 523 587 566 578 554 628 676 672 651 682 635 51 0 0 17 0 0 91 161 78 99 106 111 72 44 28 49 38 65 j20
1273 1300 1274 1274 1218 1274 996 992 977 998 958 974 1221 1198 1230 1254 1260 1270 1 0 0 0 82 0 278 308 297 276 342 300 53 102 44 20 40 4 n211
549 519 576 538 576 576 413 336 398 409 422 436 576 521 553 576 576 576 27 57 0 38 0 0 163 240 178 167 154 140 0 55 23 0 0 0 d261
708 745 798 798 790 798 563 629 658 633 653 593 731 684 649 648 693 713 90 53 0 0 8 0 197 131 102 127 107 167 67 114 149 150 105 85 f410
844 782 837 870 869 890 643 726 680 634 769 741 847 952 924 924 952 924 80 170 87 54 83 34 248 192 211 257 149 150 77 0 0 0 0 0 f3
191 205 208 208 216 170 127 140 145 162 145 175 168 180 175 193 216 175 17 19 0 0 8 38 68 70 50 33 65 20 40 44 33 15 8 33 a418
493 544 501 405 488 403 447 372 444 381 395 447 460 511 528 528 552 528 35 8 27 123 64 125 81 180 84 147 157 81 68 41 0 0 0 0 jd276
521 540 489 490 540 522 427 430 380 404 364 436 391 369 418 443 420 414 1 0 33 32 0 0 66 80 113 89 146 57 131 171 104 79 120 108 o152
599 566 600 600 527 591 540 422 432 446 437 512 600 478 554 600 570 600 1 4 0 0 43 9 80 167 188 174 152 108 0 92 46 0 0 0 ad464
1075 1168 1176 1051 1118 1173 921 864 907 854 925 993 1151 1098 1132 1152 1152 1176 77 8 0 101 34 3 279 361 318 346 275 232 1 78 44 0 0 0 d332
1110 998 1138 1120 1001 1124 1109 945 932 961 950 869 1012 1099 1152 1120 1152 1152 42 154 14 0 151 28 7 171 184 124 166 247 140 53 0 0 0 0 jd60
789 880 858 858 874 832 811 799 699 792 781 719 802 832 759 802 768 804 69 0 0 0 6 26 86 121 198 105 139 178 56 48 99 56 112 54 s26
208 179 242 221 234 201 193 142 134 122 135 148 250 230 236 249 238 244 44 59 10 31 4 51 41 79 100 112 86 86 2 8 16 3 0 8 md434
504 530 524 445 456 499 531 367 426 451 485 525 552 459 575 552 552 575 48 45 51 107 96 76 45 233 174 125 91 75 0 116 0 0 0 0 j10
314 302 286 253 315 315 258 276 202 226 233 262 228 248 203 248 287 280 1 13 29 62 0 0 57 39 113 89 82 53 87 67 112 67 28 35 o257
575 540 555 594 530 576 449 454 479 512 461 536 439 493 504 504 515 439 1 36 21 0 46 0 127 122 97 82 115 40 137 83 72 90 61 137 s353
723 759 792 792 810 792 674 613 685 744 661 685 625 645 652 636 586 673 69 57 0 0 6 0 85 169 74 15 121 74 167 171 140 156 230 119 s43
428 478 398 440 466 445 275 366 355 331 335 361 374 506 484 484 506 484 56 28 86 44 40 39 209 140 129 153 171 123 110 0 0 0 0 0 f242
199 201 214 234 234 234 190 173 169 185 167 153 200 180 181 178 181 231 35 33 20 0 0 0 44 61 65 49 67 81 34 54 53 56 53 3 jt395
680 814 816 816 811 816 661 680 695 646 732 640 752 546 477 581 595 547 136 2 0 0 5 0 203 184 169 218 132 224 64 270 339 235 221 269 f416
663 648 648 672 594 648 490 519 501 566 538 540 672 539 631 668 661 648 9 0 0 0 78 0 182 129 147 106 134 108 0 109 17 4 11 0 ad18
539 540 540 555 487 540 456 484 451 475 417 486 494 448 441 500 472 444 1 0 0 0 53 0 120 92 125 117 159 90 46 92 99 55 68 96 n377
306 404 409 422 394 409 426 315 249 255 305 312 425 354 367 390 341 325 119 38 16 3 48 16 24 153 201 195 163 138 0 88 58 35 101 100 ad482
454 455 455 455 411 455 366 291 341 339 284 349 432 313 368 401 342 330 1 0 0 0 44 0 124 199 149 151 206 141 23 142 87 54 113 125 n264
896 900 900 743 865 894 736 731 817 648 765 629 770 825 795 791 835 802 4 0 0 157 35 6 164 169 83 252 135 271 130 75 105 109 65 98 jt443
243 234 242 233 228 197 166 151 150 179 151 184 243 238 224 231 246 249 10 19 0 20 25 56 64 79 70 51 79 46 10 15 18 22 7 4 md13
1156 1126 1196 1196 1182 1196 918 1116 1038 1167 1097 1105 1022 955 943 933 951 920 40 70 0 0 14 0 278 80 158 29 99 91 174 241 253 263 245 276 f7
383 384 353 384 369 352 324 301 267 294 330 272 306 276 284 280 301 319 1 0 31 0 15 32 36 59 93 66 30 88 78 108 100 104 83 65 a336
441 425 425 442 439 425 436 425 412 396 384 345 380 316 298 321 319 344 1 0 0 0 3 0 6 0 13 46 58 80 62 109 127 121 123 81 md305
487 495 550 550 531 550 480 420 400 423 452 418 550 550 471 550 550 550 63 55 0 0 19 0 48 108 128 105 76 110 0 0 79 0 0 0 ad484
441 396 433 405 448 388 396 344 312 371 343 356 504 522 504 504 480 504 63 126 71 99 74 116 80 149 164 105 150 120 0 0 0 0 42 0 m75
934 942 939 753 847 950 781 795 773 680 779 790 803 911 950 950 940 950 16 8 11 197 103 0 169 155 177 270 171 160 147 39 0 0 10 0 jt166
501 576 558 558 559 558 487 489 550 566 489 542 406 480 470 376 438 488 57 0 0 0 17 0 102 119 39 23 119 47 152 96 88 182 138 70 d462
338 355 450 437 437 437 392 234 310 286 324 337 422 403 445 432 431 410 99 82 6 0 0 0 68 226 170 174 136 123 15 34 11 5 6 27 m128
527 528 544 528 494 528 386 417 431 392 393 368 461 436 453 476 425 430 1 0 0 0 34 0 142 111 113 136 135 160 67 92 91 52 103 98 n317
1499 1593 1632 1664 1501 1632 1413 1282 1258 1373 1187 1259 1548 1586 1417 1664 1664 1632 165 39 0 0 163 0 199 299 323 239 425 322 116 46 215 0 0 0 d60
606 587 678 735 735 735 601 656 691 696 703 706 704 546 495 537 535 507 129 148 57 0 0 0 169 114 79 74 67 64 31 189 240 198 200 228 f385
175 170 187 187 163 152 162 102 126 140 137 184 161 132 139 154 131 146 12 6 0 0 13 35 42 90 78 64 55 20 26 44 48 33 45 41 a233
458 529 529 529 369 527 369 393 308 385 335 395 529 529 417 529 529 529 71 0 0 0 160 2 160 136 221 144 194 134 0 0 112 0 0 0 ad301
240 336 320 336 336 336 201 255 243 234 276 281 286 246 243 235 248 264 96 0 0 0 0 0 114 60 57 81 39 34 50 90 77 101 88 72 f500
332 340 360 279 342 313 236 221 264 234 238 258 289 315 360 342 342 342 10 2 0 63 0 29 87 102 76 89 85 65 53 27 0 0 0 0 jd350
455 429 461 483 462 483 395 359 394 435 441 433 482 462 479 483 431 431 28 33 22 0 0 0 88 103 89 48 21 50 1 0 4 0 31 52 a95
558 582 595 584 603 593 488 492 514 428 460 460 483 621 644 621 621 621 63 39 49 37 18 28 133 129 130 193 161 161 138 0 0 0 0 0 j150
503 486 486 504 394 486 357 303 266 308 276 294 503 480 413 475 504 468 1 0 0 0 110 0 147 183 220 196 228 192 1 6 73 29 0 18 ad168
1560 1574 1595 1505 1624 1595 1384 1357 1425 1404 1492 1415 1301 1456 1293 1219 1339 1336 35 50 0 90 0 0 156 211 115 136 76 125 294 168 302 376 285 259 s183
505 506 506 483 376 492 351 342 294 314 352 338 486 442 446 472 496 475 1 0 0 0 130 14 133 142 190 148 132 146 20 64 60 11 10 31 ad330
1946 1950 1950 1950 1731 1862 1794 1694 1718 1741 1528 1627 1655 1513 1617 1665 1700 1758 4 0 0 0 219 88 78 178 154 131 344 245 295 437 333 285 250 192 n323
452 482 484 462 474 484 396 340 395 389 381 393 409 474 484 462 484 484 32 2 0 0 10 0 110 166 111 94 125 113 75 10 0 0 0 0 j377
264 236 289 238 251 289 256 229 260 207 211 245 232 246 210 245 195 235 8 53 0 34 21 0 0 43 12 49 45 27 40 43 79 27 77 54 jt61
311 274 304 312 291 312 259 233 264 248 181 280 257 253 285 299 270 241 1 38 8 0 21 0 77 103 72 88 155 56 55 59 27 13 42 71 s259
851 961 992 992 961 992 753 746 820 773 816 813 757 961 992 992 961 992 141 0 0 0 0 0 239 215 172 219 145 179 235 0 0 0 0 0 j92
727 700 700 728 583 653 514 552 485 547 553 557 728 640 614 728 728 700 1 0 0 0 145 47 214 148 215 181 175 143 0 60 86 0 0 0 ad165
592 661 692 682 619 662 432 463 456 466 511 418 682 682 632 682 682 668 90 21 12 0 63 20 219 188 216 185 140 233 0 0 72 0 0 14 d93
399 420 400 389 420 400 360 372 393 379 423 386 362 321 229 260 271 293 1 0 0 11 0 0 60 69 27 41 18 34 38 99 171 140 149 107 md244
271 350 336 336 344 336 297 288 238 215 309 282 305 304 299 286 272 276 65 0 0 0 6 0 63 87 122 145 66 78 31 46 37 50 78 60 f499
599 600 600 547 600 562 528 505 493 458 448 422 523 528 493 501 545 600 1 0 0 33 0 38 72 95 107 122 152 178 77 72 107 79 55 0 md404
446 400 437 456 456 361 403 343 343 402 429 332 392 376 336 399 371 358 10 37 0 0 0 76 53 94 94 54 27 105 64 61 101 57 85 79 a65
607 627 627 608 540 627 574 580 605 605 490 590 512 447 409 479 469 449 1 0 0 0 68 0 34 47 22 3 118 37 96 180 218 129 139 178 n148
626 621 654 616 656 641 562 577 582 556 598 618 637 696 720 696 696 696 70 75 66 80 40 55 163 148 168 169 127 107 59 0 0 0 0 0 f307
277 302 378 353 378 378 314 236 303 278 320 314 338 287 257 238 276 342 101 76 0 4 0 0 82 160 93 96 76 82 40 91 121 119 102 36 md292
617 650 624 611 650 624 443 499 469 451 514 460 493 631 621 622 632 618 7 0 0 13 0 0 181 151 155 173 136 164 131 19 3 2 18 6 j376
585 572 468 517 473 594 465 460 391 531 396 564 535 423 477 496 429 459 9 0 126 77 99 0 102 86 176 36 150 3 59 149 117 98 143 135 s21
275 314 330 305 304 330 278 276 299 277 301 275 272 288 307 291 276 256 55 16 0 10 26 0 52 54 31 38 29 55 58 42 23 24 54 74 jd310
459 433 388 437 460 402 448 432 401 440 470 315 359 343 351 318 374 361 1 27 72 0 0 58 32 48 79 16 10 165 101 117 109 119 86 99 a355
674 751 752 758 708 711 567 633 614 611 683 642 660 770 792 766 770 770 96 19 40 12 62 59 238 172 214 194 122 163 110 0 0 4 0 0 f467
373 374 374 391 364 374 289 298 304 320 298 287 331 323 279 298 258 324 1 0 0 0 10 0 63 54 48 48 54 65 43 51 95 93 116 50 md216
529 618 600 600 620 600 412 494 471 469 455 473 525 499 443 496 519 490 71 2 0 0 0 0 158 95 99 101 134 97 75 121 157 104 101 110 f147
269 232 261 280 274 266 207 177 166 204 230 171 246 247 246 246 253 259 11 34 5 0 6 0 53 70 81 56 30 76 34 19 20 34 27 7 md310
624 630 630 542 620 626 637 501 535 440 513 532 617 515 630 630 630 630 6 0 0 88 10 4 14 150 116 211 138 119 13 115 0 0 0 0 jt464
575 532 567 581 571 585 471 456 367 495 371 473 585 585 514 585 585 585 10 53 3 4 14 0 153 168 241 129 253 151 0 0 56 0 0 0 d82
524 486 514 529 509 494 521 362 391 441 362 457 456 522 460 471 486 484 5 43 15 0 20 35 8 167 138 88 167 72 73 7 69 58 43 45 md101
1331 1331 1369 1309 1332 1369 1364 1126 1367 1168 1308 1384 1133 1034 1031 984 1070 1006 1 38 0 23 0 0 4 280 39 200 60 22 199 335 338 348 262 363 s423
373 369 357 412 378 384 322 260 294 365 301 378 398 383 310 332 331 371 41 45 57 2 36 30 92 154 120 49 113 36 16 31 104 82 83 43 a98
705 756 800 758 781 800 689 613 720 714 649 698 697 645 672 661 675 643 95 44 0 26 19 0 111 187 80 70 151 102 103 155 128 123 125 157 s447
327 354 355 372 374 360 327 290 265 341 304 289 435 433 450 435 392 435 108 81 95 63 61 75 79 116 155 65 102 117 0 2 0 0 43 0 m455
434 567 546 546 564 546 345 320 345 287 393 376 438 530 541 530 540 499 112 0 0 0 3 0 175 220 175 233 147 144 108 37 5 16 27 47 j274
935 975 975 923 761 966 751 714 633 719 646 766 936 841 898 936 936 975 1 0 0 13 175 9 161 236 317 193 266 184 0 134 77 0 0 0 ad494
206 185 218 210 198 180 192 160 129 120 152 125 266 266 280 266 243 266 60 81 62 56 68 86 55 87 131 127 95 122 0 0 0 0 23 0 m273
577 595 595 562 578 574 450 406 481 461 515 439 520 521 430 451 456 570 1 0 0 16 0 21 128 189 114 117 63 156 58 74 165 127 122 25 md388
1208 1034 1089 1209 1209 1209 1138 1008 1033 1180 1146 1118 1031 1068 977 990 1040 1018 1 175 89 0 0 0 71 201 145 29 63 91 178 141 201 219 169 191 md180
531 531 471 478 494 496 278 262 376 337 446 390 453 482 473 532 532 532 1 1 61 54 38 36 226 242 128 167 58 114 79 50 59 0 0 0 md375
795 977 952 952 825 909 841 784 805 811 760 748 845 961 952 952 986 952 157 9 0 0 161 43 83 173 119 113 197 176 107 25 0 0 0 0 jd160
831 864 864 832 686 864 704 671 676 656 631 740 832 806 787 832 832 864 1 0 0 0 146 0 154 220 215 202 227 151 0 58 77 0 0 0 ad475
462 563 464 474 565 502 406 462 458 447 485 491 524 553 575 575 598 575 113 35 111 101 33 73 144 110 92 103 87 59 51 45 0 0 0 0 jt134
1263 1189 1247 1220 1171 1153 1397 1167 1148 1170 1114 1366 1435 1342 1426 1435 1400 1339 172 211 188 215 229 282 79 273 328 306 326 110 0 58 9 0 0 96 m370
708 642 720 744 720 538 455 484 510 603 683 463 587 545 593 520 560 602 12 78 0 0 0 182 235 206 180 110 7 227 133 175 127 224 160 118 a365
511 496 465 512 498 496 371 399 389 433 327 403 394 380 450 417 400 393 1 0 31 0 14 0 109 66 76 47 153 62 118 116 46 95 112 103 o195
626 671 662 649 630 668 539 494 593 479 519 538 618 741 760 760 741 760 134 70 98 111 111 92 221 247 167 281 222 222 142 0 0 0 0 0 j416
1286 1129 1278 1288 1102 1169 1117 1030 1057 1085 854 1039 1118 996 1045 1111 1116 1278 2 131 10 0 158 119 125 185 185 157 361 203 170 264 243 177 144 10 s58
1957 1780 1876 1768 1874 1791 1798 1523 1599 1545 1564 1727 1789 1827 1920 1960 1960 1960 3 180 44 192 86 169 162 437 321 415 396 233 171 133 0 0 0 0 jd267
371 357 374 374 339 372 258 252 307 287 335 264 374 321 374 372 357 374 3 0 0 0 18 2 138 126 89 109 43 132 0 36 0 2 0 0 md95
359 360 322 340 360 294 310 267 224 277 329 261 289 273 239 238 235 278 1 0 38 0 0 66 32 75 118 46 13 81 71 87 121 102 125 82 a182
339 357 324 290 301 335 313 319 273 306 273 294 340 357 357 340 301 357 1 0 33 50 39 22 47 59 105 54 87 84 0 0 0 0 39 0 m472
419 371 422 527 504 527 496 322 412 308 351 365 517 432 452 387 384 422 108 139 105 0 6 0 0 158 84 188 129 131 10 78 75 140 126 105 md164
346 406 420 406 388 400 351 294 282 269 302 265 359 320 360 342 344 323 60 0 0 0 18 6 84 141 168 166 133 170 47 86 60 64 62 83 f435
482 480 531 525 507 537 410 306 263 310 296 283 491 527 459 500 528 509 58 60 9 0 33 3 94 198 241 180 208 221 49 13 81 25 12 31 d236
419 420 440 395 387 404 296 346 385 367 350 344 299 282 330 285 300 345 1 0 0 25 33 16 103 53 33 32 49 55 121 138 110 135 120 75 a149
540 652 613 547 601 582 480 559 540 505 527 539 536 667 660 660 690 660 120 38 47 113 89 78 158 108 98 133 140 99 124 23 0 0 0 0 jd46
721 840 840 840 840 840 730 870 870 869 860 870 698 636 727 678 737 664 119 0 0 0 0 0 140 0 0 1 10 0 142 204 113 162 103 176 j311
538 509 600 576 575 600 461 451 433 413 413 430 521 543 600 600 575 600 62 66 0 24 0 0 115 101 143 163 139 146 79 32 0 0 0 0 jd251
499 490 487 507 484 434 325 339 324 281 379 328 461 528 544 528 528 528 29 38 57 21 44 94 170 156 186 214 116 167 67 0 0 0 0 0 f168
612 616 616 625 616 616 428 472 478 405 432 436 472 598 616 635 593 597 4 0 0 13 0 0 188 144 138 233 184 180 144 18 0 3 23 19 jd280
699 700 667 700 667 676 608 634 627 570 640 700 517 629 547 661 645 610 1 0 33 0 33 24 92 66 73 130 60 0 183 71 153 39 55 90 a334
646 777 777 756 756 777 597 693 695 693 664 694 644 607 602 549 540 643 110 0 0 0 0 0 123 47 45 27 56 46 112 170 175 207 216 134 f207
1416 1548 1512 1396 1548 1512 1081 1130 1207 1079 1225 1416 1512 1310 1494 1512 1548 1512 96 0 0 116 0 0 431 418 305 433 323 96 0 238 18 0 0 0 d422
797 756 713 764 782 798 772 595 727 723 671 726 662 675 649 655 597 645 1 42 85 13 16 0 26 203 71 54 127 72 136 123 149 122 201 153 s121
411 442 459 459 442 459 388 348 412 379 371 367 414 332 349 385 379 354 48 0 0 0 0 0 71 94 47 80 71 92 45 110 110 74 63 105 j431
692 716 702 713 715 704 453 539 480 486 459 601 722 704 687 736 738 738 46 22 36 25 23 34 244 158 217 211 238 96 16 34 51 2 0 0 d328
460 568 542 548 445 527 369 393 312 344 382 409 576 546 486 576 576 576 116 8 34 28 131 49 183 159 240 208 170 143 0 30 90 0 0 0 ad446
438 494 513 513 411 513 363 298 266 295 247 365 513 451 458 508 494 513 75 0 0 0 83 0 123 170 220 191 221 121 0 43 55 5 0 0 d125
931 1015 1015 1044 1044 1015 771 881 943 1008 861 950 849 772 720 825 768 744 113 0 0 0 0 0 237 99 37 0 147 30 195 243 295 219 276 271 n71
565 466 588 578 586 594 474 309 415 415 389 408 560 545 594 594 616 594 29 150 6 16 30 0 93 279 152 152 199 159 34 71 0 0 0 0 j173
319 298 328 335 319 331 240 213 153 244 267 208 310 302 326 295 274 318 17 38 24 1 17 5 75 102 177 71 48 107 26 34 26 41 62 18 m215
647 648 515 616 608 648 549 479 338 418 382 476 513 474 513 509 488 504 1 0 133 50 40 0 63 133 274 211 230 136 135 174 135 157 160 144 s192
485 526 502 466 557 463 510 566 433 537 493 464 608 627 608 608 571 608 123 101 106 142 70 145 66 28 143 39 101 112 0 0 0 0 56 0 m175
371 366 418 396 328 418 295 214 254 264 265 291 396 276 391 396 396 418 25 52 0 0 68 0 101 204 164 132 131 127 0 142 27 0 0 0 ad317
533 641 627 627 646 627 432 514 520 502 553 554 571 619 566 592 624 585 94 5 0 0 0 0 228 166 140 158 127 106 56 27 61 35 22 42 f2
500 578 627 550 540 599 369 348 347 357 355 377 612 596 573 612 612 626 112 51 2 62 72 30 243 281 282 255 257 252 0 33 56 0 0 3 d326
588 608 550 558 608 589 462 508 472 460 491 494 450 501 464 461 497 445 1 0 39 31 0 0 96 68 86 98 85 64 139 107 125 128 111 144 o139
461 450 468 468 427 435 361 325 418 413 398 381 450 372 384 331 341 372 7 0 0 0 23 33 133 150 76 81 77 113 18 78 84 137 109 96 md234
743 722 615 676 723 754 626 544 567 564 482 733 618 720 754 754 721 754 11 6 139 78 5 0 157 212 216 219 274 50 136 8 0 0 7 0 jt332
359 342 315 333 342 360 347 320 248 304 341 358 279 282 336 271 249 277 1 0 45 27 0 0 13 22 112 56 1 2 81 60 24 89 93 83 o266
487 475 443 376 443 475 362 388 335 310 358 402 368 475 475 500 500 475 13 0 32 124 57 0 158 106 159 210 162 92 132 0 0 0 0 0 jt231
305 297 304 297 304 306 203 215 248 222 232 239 267 277 264 256 249 263 1 9 2 9 2 0 103 91 58 84 74 67 39 29 42 50 57 43 md260
542 552 515 483 558 567 421 492 443 428 427 442 477 489 528 557 553 538 25 15 25 84 9 0 146 75 97 139 140 125 90 78 12 10 14 29 jt43
533 646 646 665 636 629 523 554 518 557 554 351 617 582 544 509 547 627 113 0 0 0 10 17 123 92 128 108 92 295 29 64 102 156 99 19 f74
595 568 598 591 465 591 530 475 390 476 467 504 598 572 498 598 572 598 3 4 0 7 107 7 91 119 231 145 127 117 0 0 100 0 0 0 ad137
551 552 451 550 462 552 458 534 414 514 454 575 444 460 428 436 419 386 1 0 77 2 90 0 117 41 136 61 121 0 108 92 100 116 133 166 o466
649 625 625 475 587 625 520 580 566 429 499 485 565 547 625 650 650 625 1 0 0 175 63 0 130 45 59 221 151 140 85 78 0 0 0 0 jt467
503 460 475 440 466 504 502 413 517 467 358 469 405 323 368 334 316 414 1 44 29 46 38 0 30 119 15 46 174 63 99 181 136 152 188 90 s287
781 694 782 759 768 782 739 684 768 788 583 779 609 649 596 628 545 616 1 88 0 0 14 0 77 132 48 4 233 37 173 133 186 131 237 166 s132
247 207 270 253 247 255 197 161 220 196 153 176 239 203 205 218 190 203 8 48 0 2 8 0 41 77 32 42 85 62 16 52 65 37 65 52 jt396
216 226 223 241 245 251 192 186 181 205 178 224 231 216 179 187 179 208 36 26 29 11 7 1 60 66 71 47 74 28 21 36 73 65 73 44 a251
581 555 594 461 565 586 434 415 483 400 424 448 459 567 594 594 567 594 13 12 0 133 2 8 138 131 89 172 122 124 135 0 0 0 0 0 jd44
379 360 351 361 372 286 314 273 257 316 338 244 325 267 288 271 284 302 1 20 29 0 8 94 46 87 103 26 22 116 55 113 92 90 96 78 a165
725 726 624 630 726 726 655 693 460 573 637 686 497 554 535 495 572 535 1 0 80 96 0 0 71 33 244 153 89 40 229 172 169 231 154 191 o112
781 805 718 752 805 782 660 730 586 604 625 642 586 684 705 685 675 685 1 0 64 30 0 0 88 40 162 144 145 106 196 121 77 97 130 97 o67
671 609 672 638 656 670 568 407 520 523 458 479 577 517 557 570 483 523 1 47 0 34 0 2 146 290 194 191 239 235 95 139 115 102 173 149 s337
1227 1320 1320 1296 1188 1320 988 968 1106 1111 1011 1000 1254 1165 1105 1165 1106 1211 69 0 0 0 108 0 254 297 159 131 231 265 42 155 215 131 190 109 n51
634 748 765 765 697 765 519 499 570 656 506 652 656 656 648 652 626 619 131 0 0 0 51 0 201 205 150 64 198 68 109 92 117 113 122 146 n167
799 780 780 800 709 780 799 721 731 764 574 687 654 552 568 638 633 587 1 0 0 0 91 0 1 59 49 36 226 93 146 228 212 162 167 193 n440
1662 1675 1687 1781 1814 1799 1916 1166 1541 1428 1379 1112 1960 1620 1960 1960 1925 1960 298 250 273 179 111 161 44 759 419 532 546 848 0 305 0 0 0 0 j88
861 924 945 945 916 945 809 857 859 860 856 875 843 798 730 730 713 799 84 0 0 0 8 0 181 111 131 130 112 115 102 126 215 215 211 146 f443
479 460 390 428 456 480 403 399 263 368 311 380 337 373 377 405 419 392 1 0 90 52 4 0 53 38 193 88 126 76 143 87 103 75 41 88 o424
985 957 923 847 986 957 882 924 661 731 925 924 770 754 689 767 702 702 1 0 34 139 0 0 70 0 263 221 27 0 216 203 268 219 284 255 o8
1078 1045 1085 1116 1095 1085 993 983 1071 1112 915 1018 997 909 941 961 925 898 38 40 0 0 21 0 123 102 14 4 201 67 119 176 144 155 191 187 jd54
389 448 448 464 434 448 380 381 399 387 434 398 378 376 375 377 351 368 59 0 0 0 14 0 96 95 77 106 42 78 70 72 73 87 97 80 f464
631 647 706 671 517 688 528 591 408 467 456 514 688 696 600 682 688 613 65 49 14 25 179 8 197 134 342 258 269 211 8 0 120 14 8 83 ad84
719 689 720 717 704 720 574 619 675 656 618 668 601 636 603 624 562 579 1 51 0 3 36 0 182 158 81 100 159 88 119 104 117 96 178 141 o37
1485 1462 1496 1496 1462 1496 1540 1394 1438 1522 1338 1487 1465 1277 1394 1376 1331 1364 11 0 0 0 0 0 0 111 102 18 167 53 31 185 102 120 131 132 n406
344 309 345 345 324 281 256 248 310 312 308 234 270 261 261 262 286 283 1 21 0 0 6 64 66 60 12 10 0 88 75 69 84 83 44 62 a447
351 345 319 303 313 339 219 205 197 211 222 296 352 349 352 323 352 352 1 7 33 38 39 13 101 115 123 99 98 24 0 3 0 18 0 0 m492
671 638 672 659 672 672 526 510 542 560 557 568 541 540 640 604 609 620 1 34 0 13 0 0 146 162 130 112 115 104 131 132 32 68 63 52 j387
306 387 420 420 405 420 320 303 309 296 296 341 392 321 322 370 357 357 114 18 0 0 0 0 72 75 83 96 82 51 28 84 98 50 48 63 f420
329 349 343 210 321 343 261 284 284 217 313 284 284 338 378 357 357 357 28 8 35 147 36 14 113 90 112 157 61 90 73 19 0 0 0 0 jt1
455 456 432 448 340 456 360 328 226 302 358 336 456 456 345 456 456 456 1 0 0 8 116 0 115 147 224 173 117 139 0 0 87 0 0 0 ad50
484 471 434 451 438 423 325 341 358 384 303 352 442 465 377 415 455 452 2 15 34 35 48 63 134 118 84 75 156 107 44 21 91 71 31 34 md319
1237 1332 1368 1218 1238 1332 1023 1074 1054 1133 921 1010 1332 1255 1187 1332 1332 1332 95 0 0 114 94 0 346 295 352 236 448 359 0 77 181 0 0 0 d449
599 660 660 614 589 660 525 446 474 481 477 497 660 612 631 660 660 660 61 0 0 46 71 0 135 214 186 179 183 163 0 48 29 0 0 0 d254
611 612 612 630 536 612 604 585 550 613 479 450 491 445 469 508 498 500 1 0 0 0 76 0 8 27 62 17 133 162 121 167 143 122 114 112 n450
750 800 800 775 705 800 652 586 573 595 682 611 800 703 729 775 800 800 50 0 0 0 95 0 148 214 227 180 118 189 0 97 71 0 0 0 ad12
468 484 484 377 382 471 393 333 361 342 323 312 417 455 484 484 484 484 16 0 0 107 102 13 69 129 101 120 139 150 67 29 0 0 0 0 jt481
149 150 150 140 150 150 130 93 91 105 125 112 150 129 128 91 121 129 1 0 0 10 0 0 35 72 74 60 40 53 0 21 22 59 29 21 md55
283 301 256 262 298 297 267 307 185 216 228 292 338 368 352 352 340 352 69 67 96 90 70 55 85 61 167 136 140 60 14 0 0 0 28 0 m150
293 280 294 294 271 287 213 209 237 180 257 222 230 207 205 205 223 237 1 0 0 0 9 7 81 71 57 114 23 72 64 73 89 89 57 57 md3
724 748 748 630 557 748 603 531 589 504 491 613 606 709 748 748 748 748 24 0 0 118 191 0 123 195 137 222 235 113 142 39 0 0 0 0 jt165
609 675 684 679 646 664 477 456 472 528 453 520 627 597 647 659 653 626 75 9 0 5 38 20 207 228 212 156 231 164 57 87 37 25 31 58 d91
321 360 357 373 343 360 283 206 212 196 221 206 327 266 289 305 269 303 39 0 3 2 17 0 53 130 124 154 115 130 33 94 71 70 91 57 f292
749 756 756 783 638 716 626 510 450 475 477 552 756 756 605 783 756 756 7 0 0 0 118 40 102 218 278 279 251 176 0 0 151 0 0 0 ad185
642 622 650 658 638 660 533 533 610 619 502 585 516 456 463 502 437 566 18 16 10 2 0 0 97 76 20 11 107 45 144 182 197 158 201 94 d395
310 304 325 335 324 325 350 366 295 337 309 331 380 380 380 399 334 380 70 76 55 64 56 55 50 34 105 83 91 69 0 0 0 0 46 0 m252
378 356 357 333 344 312 257 242 205 270 287 280 378 388 378 390 358 390 12 34 33 57 46 78 107 122 159 94 77 84 12 2 12 0 32 0 m13
473 543 481 385 494 507 400 389 344 291 407 370 451 496 520 546 546 546 73 3 39 161 52 39 125 136 156 234 118 155 95 50 0 0 0 0 jt157
227 200 252 247 266 266 275 208 237 162 245 210 218 199 190 215 196 209 39 66 0 19 0 0 10 77 33 123 40 75 48 67 62 51 70 57 jt260
430 459 473 432 459 459 270 322 315 280 311 340 426 371 476 455 432 413 29 0 3 27 0 0 216 164 189 206 175 146 33 88 0 4 27 46 d140
415 424 428 389 372 385 281 263 232 322 273 335 416 432 381 416 416 432 1 8 4 27 44 47 135 169 200 94 143 97 0 0 51 0 0 0 ad82
645 783 783 783 764 783 489 602 529 583 578 577 713 765 782 783 783 773 138 0 0 0 19 0 323 210 283 229 234 235 70 18 1 0 0 10 f208
543 409 521 463 544 561 338 468 398 374 376 382 442 434 387 410 417 498 1 152 40 81 0 0 174 60 130 138 136 146 102 127 174 134 127 63 o157
342 361 380 374 361 373 278 216 322 232 295 282 329 315 380 380 361 380 38 0 0 6 0 7 122 164 78 168 85 118 51 46 0 0 0 0 j55
299 300 300 315 245 300 234 172 203 170 199 225 298 211 235 248 265 246 1 0 0 0 55 0 66 128 97 145 101 75 2 89 65 67 35 54 md428
1242 1221 1410 1427 1399 1362 1283 1172 1224 1234 1273 1107 1252 1410 1410 1440 1440 1410 198 189 0 13 41 48 109 191 139 158 119 256 188 0 0 0 0 0 j94
503 480 520 507 512 480 553 512 405 416 430 562 640 660 660 640 551 660 137 180 140 133 128 180 55 115 222 192 178 65 0 0 0 0 89 0 m279
619 546 600 601 620 620 445 399 526 508 490 466 579 599 553 543 592 586 1 74 0 19 0 0 175 221 74 112 130 154 41 21 47 77 28 34 o467
408 501 506 484 456 506 499 366 429 408 431 490 343 410 432 406 414 386 76 5 0 0 28 0 7 163 100 98 75 39 141 96 74 78 70 120 jd150
1049 1050 1050 1047 894 1050 908 989 988 984 839 997 868 639 728 751 786 674 1 0 0 3 156 0 100 19 20 24 169 11 182 411 322 299 264 376 n209
512 513 494 513 390 509 419 275 257 325 282 364 453 513 469 495 486 432 1 0 0 0 123 4 67 211 211 161 204 122 60 0 25 18 27 81 m47
313 368 340 352 309 367 246 247 242 212 234 251 315 368 368 352 352 368 39 0 28 0 43 1 128 144 149 162 140 140 37 0 0 0 0 0 f253
3884 3906 3467 3927 3859 3297 3215 3390 3274 3217 3456 3140 3906 3906 3902 3969 3906 3684 22 0 439 42 47 609 691 516 632 752 450 766 0 0 4 0 0 222 a323
391 465 465 465 462 465 397 369 296 346 305 344 384 448 439 432 382 404 74 0 0 0 3 0 99 127 200 150 191 152 81 17 26 33 83 61 d260
528 555 598 598 598 547 505 401 393 404 391 453 542 584 555 582 528 583 70 43 0 0 0 51 67 171 179 168 181 119 56 14 43 16 70 15 m101
539 540 524 525 492 540 450 400 364 399 395 405 506 443 442 477 482 416 1 0 16 0 48 0 126 176 212 161 181 171 34 97 98 48 58 124 n482
274 275 261 262 275 275 236 187 230 235 251 228 192 272 264 242 217 235 1 0 14 13 0 0 64 113 70 65 49 72 83 3 11 33 58 40 o384
383 344 365 398 357 356 342 282 265 321 314 344 343 318 309 351 332 300 1 40 19 2 27 28 66 126 143 104 94 64 41 66 75 49 52 84 a361
1400 1284 1420 1466 1563 1507 1603 1548 1292 1382 1331 1361 1767 1767 1767 1767 1741 1680 367 483 347 301 204 260 164 219 475 385 436 406 0 0 0 0 26 87 m88
524 525 552 524 516 534 380 376 400 385 418 412 466 570 570 589 570 570 46 45 18 65 54 36 160 164 140 173 122 128 104 0 0 0 0 0 j135
467 409 402 433 433 486 347 398 363 338 264 348 351 390 384 353 417 379 1 77 84 35 35 0 95 61 96 104 178 111 117 96 102 115 51 107 o208
502 508 518 450 546 517 383 321 336 398 370 341 487 460 525 546 546 525 44 17 7 96 0 8 137 179 164 122 150 159 59 65 0 0 0 0 jd374
375 349 380 399 399 399 315 289 298 285 328 315 381 339 337 295 377 368 24 50 0 0 0 0 84 110 82 114 71 84 18 60 43 104 22 31 ad155
753 832 687 896 771 900 839 795 707 896 692 842 812 759 760 717 773 762 147 98 213 4 159 0 91 166 223 34 269 88 88 171 140 183 157 138 o71
3010 2990 3153 3233 3182 3233 3074 2977 2817 2929 2832 2857 3233 3233 3233 3233 3233 3232 223 243 80 0 51 0 220 317 477 365 462 437 0 0 0 0 0 1 d442
226 231 224 232 220 238 176 145 179 140 190 145 204 222 210 198 231 188 12 7 0 6 18 0 79 110 61 115 65 110 34 16 14 40 7 50 md466
312 269 324 317 307 355 332 314 253 282 251 290 384 368 384 384 327 384 72 99 60 67 61 29 76 77 155 126 140 118 0 0 0 0 41 0 m427
265 266 266 250 252 266 199 146 189 200 159 244 215 232 227 236 215 266 1 0 0 16 14 0 48 101 58 47 88 3 51 34 39 30 51 0 md462
482 502 469 435 521 477 371 371 408 377 391 444 422 525 552 529 529 529 47 27 83 94 8 52 158 158 144 152 138 85 107 4 0 0 0 0 jt185
761 792 792 781 699 792 626 716 786 808 630 754 645 620 571 645 637 624 31 0 0 33 93 0 166 76 6 6 162 38 147 172 221 169 155 168 d471
1047 1100 1100 1046 988 1095 698 719 759 748 746 1003 1089 911 1093 1034 1058 1088 53 0 0 54 112 5 446 425 385 396 398 141 11 189 7 66 42 12 d488
585 580 630 630 586 630 558 476 521 487 515 555 510 562 595 572 571 537 45 50 0 0 44 0 72 154 109 143 115 75 120 68 35 58 59 93 j26
440 462 441 434 369 441 263 272 241 250 323 275 441 462 344 438 460 441 1 0 0 7 93 0 157 168 179 170 117 145 0 0 97 3 2 0 ad378
428 400 444 459 455 408 362 430 327 368 436 368 413 369 339 354 378 417 31 59 32 0 4 51 97 29 149 91 23 91 46 90 137 105 81 42 a243
558 541 636 608 570 635 590 378 430 386 428 461 560 568 648 624 624 648 66 107 12 16 54 13 34 270 218 238 196 187 64 80 0 0 0 0 j364
842 886 855 794 828 920 648 695 711 641 689 728 881 864 922 882 893 809 93 49 80 141 107 15 232 185 169 239 191 152 54 71 13 53 42 126 f117
294 301 306 306 292 244 236 201 188 219 233 207 246 307 274 304 320 282 12 23 0 0 32 62 53 105 101 70 73 82 60 17 32 2 4 24 a144
199 197 173 180 194 200 145 109 126 115 112 172 199 200 200 200 167 157 1 3 27 20 6 0 75 111 94 105 108 48 1 0 0 0 33 43 o240
844 683 833 830 855 855 779 758 822 808 735 829 730 695 643 716 669 690 11 172 22 25 0 0 121 142 78 92 165 71 125 160 212 139 186 165 s65
425 462 425 451 378 454 328 330 261 307 323 326 486 504 414 486 504 486 61 42 61 35 126 32 131 146 198 152 153 133 0 0 72 0 0 0 ad336
630 678 678 680 618 703 596 529 394 476 452 554 560 627 598 607 468 607 54 25 25 4 66 0 88 174 309 208 232 149 124 76 105 77 216 96 s46
431 450 352 352 450 432 368 344 320 301 331 367 343 324 313 323 368 298 1 0 80 80 0 0 88 131 136 155 144 89 89 126 119 109 82 134 o242
296 267 285 291 301 320 291 319 259 310 244 293 353 342 360 360 305 360 64 75 75 69 41 40 89 42 121 70 117 87 7 0 0 0 37 0 m466
460 492 465 424 519 519 372 333 400 341 432 443 502 475 502 520 551 486 91 59 67 127 32 32 150 189 104 181 90 79 49 76 30 31 0 65 a117
493 484 496 484 494 513 449 435 409 405 389 447 378 408 399 401 416 397 1 29 17 10 0 0 19 51 77 63 79 39 116 105 114 93 78 116 o324
413 462 440 430 463 413 346 352 352 325 379 336 415 465 450 450 465 450 37 3 10 20 2 37 134 144 128 155 117 144 35 0 0 0 0 0 f83
628 627 627 584 629 627 439 500 457 472 506 508 642 534 627 646 643 597 18 0 0 62 17 0 207 127 170 174 140 119 4 93 0 0 3 30 d81
374 415 440 326 383 418 304 274 342 312 344 317 311 418 440 418 418 418 44 3 0 92 35 0 133 163 118 125 93 120 107 0 0 0 0 0 jd1
664 665 684 665 575 665 603 622 585 665 533 636 591 544 600 550 528 564 1 0 0 0 90 0 62 43 99 0 132 29 74 121 84 115 137 101 n177
443 499 527 527 484 527 436 446 428 407 452 492 494 405 425 392 459 436 84 11 0 0 26 0 122 94 130 151 88 66 33 105 102 135 51 91 f308
222 200 218 219 194 173 163 168 143 162 134 198 222 216 228 228 186 228 6 16 10 9 22 55 84 66 104 85 100 49 6 0 0 0 30 0 m248
472 530 512 517 528 480 345 372 340 329 387 383 442 540 520 520 540 520 48 10 8 3 12 40 175 168 180 191 153 137 78 0 0 0 0 0 f140
505 506 506 492 496 480 450 408 399 294 370 407 432 429 394 440 459 464 1 0 0 14 10 26 79 121 130 235 159 122 74 77 112 66 47 42 md476
569 629 646 646 627 646 596 521 518 535 581 521 604 512 505 524 510 484 77 0 0 0 2 0 88 145 166 149 85 163 42 117 141 122 119 162 f243
877 1036 987 998 1034 1008 692 777 738 782 853 827 910 1036 1008 1008 1036 1008 131 0 21 10 2 0 316 259 270 226 183 181 98 0 0 0 0 0 f132
329 336 320 360 282 291 231 227 216 206 268 250 360 345 303 358 358 345 31 9 25 0 78 54 153 141 152 178 116 118 0 0 42 2 2 0 ad302
679 697 680 657 654 680 601 586 592 638 570 611 662 644 599 620 577 617 1 0 0 23 43 0 119 152 128 82 168 109 18 53 81 60 120 63 n205
898 766 928 899 764 899 754 575 584 637 651 641 899 899 783 899 899 899 1 133 0 0 135 0 114 293 312 231 217 227 0 0 145 0 0 0 ad496
935 952 952 938 835 887 684 757 740 847 432 724 772 952 952 952 949 952 17 0 0 14 117 65 234 161 178 71 486 194 180 0 0 0 3 0 jd335
754 845 845 827 829 855 620 681 641 665 622 638 774 855 855 836 836 849 82 10 10 9 7 0 216 174 214 171 214 217 62 0 0 0 0 6 f66
1007 1044 946 796 879 1044 849 814 852 755 735 706 823 1019 1044 1008 1008 1044 1 0 98 212 129 0 131 201 163 225 245 309 185 25 0 0 0 0 jt226
252 256 221 280 256 240 214 188 139 163 197 201 234 200 213 236 201 215 28 10 59 0 10 40 46 59 121 97 50 59 46 66 67 44 65 65 a327
268 287 312 315 310 312 265 171 162 194 232 257 273 262 230 265 231 239 44 25 0 9 2 0 73 167 176 157 106 81 39 50 82 59 81 73 s215
989 1124 1155 1076 1033 1068 935 1036 1057 1033 1103 1065 1023 1155 1155 1155 1155 1155 166 31 0 79 122 87 255 154 133 157 87 125 132 0 0 0 0 0 j408
247 271 258 250 273 260 223 202 161 184 138 224 208 203 241 236 242 212 13 2 2 10 0 0 37 71 99 76 135 36 52 70 19 24 31 48 j290
314 330 251 315 326 258 307 217 218 244 282 210 269 245 247 281 255 250 1 0 64 0 4 57 8 113 97 71 48 105 46 85 68 34 75 65 a481
703 750 775 601 750 775 606 628 648 526 654 671 587 542 647 619 664 543 72 0 0 174 0 0 169 122 127 249 96 104 188 208 128 156 86 232 jd245
534 529 493 473 472 459 452 401 365 462 402 389 580 588 579 608 558 588 54 59 95 136 116 129 108 159 195 118 158 171 8 0 9 1 30 0 m476
857 855 739 788 884 858 771 772 717 699 748 781 648 682 686 766 671 684 1 29 119 70 0 0 54 78 108 126 102 44 210 202 172 92 213 174 o28
371 377 327 375 350 396 329 306 336 291 289 306 396 374 396 396 378 396 25 1 69 21 28 0 89 93 82 127 110 112 0 4 0 0 0 0 o259
523 607 624 624 640 624 443 544 484 533 553 560 577 509 492 497 489 489 101 33 0 0 0 0 142 56 101 52 47 25 47 131 132 127 151 135 f134
475 441 493 476 454 493 434 345 432 404 337 434 403 374 391 384 388 391 1 52 0 0 22 0 70 177 90 100 167 88 73 119 102 92 88 102 s50
384 423 442 459 416 459 350 305 280 365 325 318 454 459 369 459 459 452 75 36 0 0 43 0 136 181 188 121 161 168 5 0 73 0 0 7 d77
599 633 660 660 638 660 576 570 541 556 544 577 612 548 546 570 552 584 61 5 0 0 0 0 114 97 149 134 123 113 48 90 114 90 86 76 f169
479 480 480 480 421 480 400 367 373 348 290 427 360 370 381 397 379 377 1 0 0 0 59 0 110 143 137 162 220 83 120 110 99 83 101 103 n30
772 828 801 620 731 742 732 700 719 684 775 715 729 764 816 816 850 816 44 22 15 196 119 74 84 150 97 132 75 101 87 86 0 0 0 0 jt139
362 369 414 360 338 414 371 330 331 337 245 293 396 326 343 388 418 363 70 45 0 72 94 0 85 107 106 119 211 144 36 88 71 44 14 51 jt446
854 932 988 808 985 988 796 904 825 859 939 916 870 766 773 696 744 804 134 56 0 154 3 0 192 84 163 103 49 72 118 222 215 266 244 184 o211
473 450 504 413 486 486 375 293 421 337 382 370 419 432 412 359 431 385 13 36 0 73 0 0 84 166 55 122 77 89 67 54 92 127 55 101 o12
538 670 596 667 624 700 561 462 534 499 457 541 592 551 559 556 592 515 142 30 104 13 56 0 119 238 166 181 223 159 88 149 141 124 88 185 o315
702 703 684 680 682 703 559 542 538 512 593 649 584 529 524 588 512 549 1 0 0 23 21 0 144 161 146 191 110 54 119 174 160 115 191 154 n351
284 281 285 261 248 285 230 269 279 231 247 219 228 208 211 189 208 241 1 4 0 24 37 0 74 35 25 73 57 85 57 77 74 96 77 44 jd301
278 303 324 323 278 334 249 212 224 167 186 202 289 285 304 285 267 267 58 21 12 13 46 2 115 139 140 197 165 162 47 39 32 51 57 69 s17
533 558 576 558 506 558 426 466 327 475 391 435 464 471 546 548 457 463 25 0 0 0 52 0 163 123 281 114 198 154 94 87 30 10 101 95 n313
1409 1575 1575 1560 1462 1575 1273 1366 1348 1353 1205 1325 1356 1194 1279 1361 1332 1282 166 0 0 15 113 0 227 134 152 147 295 175 219 381 296 214 243 293 n354
629 630 630 630 598 630 588 572 572 588 531 554 489 497 503 488 520 518 1 0 0 0 32 0 0 16 16 0 57 34 141 133 127 142 110 112 n124
494 481 489 462 550 575 407 416 450 396 442 449 430 562 575 550 550 575 56 94 86 88 0 0 165 182 148 176 130 149 120 13 0 0 0 0 jt412
990 1044 1041 885 872 1006 1144 1067 901 944 1144 1128 1118 1118 1064 813 783 1068 128 74 77 190 246 112 0 77 243 156 0 16 0 0 54 262 335 50 md349
939 928 960 952 780 960 742 754 768 783 689 748 770 928 960 960 928 960 21 0 0 8 148 0 188 145 162 147 210 182 190 0 0 0 0 0 jd483
479 465 445 444 465 480 395 422 335 375 310 426 416 355 410 358 400 379 1 0 35 36 0 0 85 43 145 105 155 54 64 110 70 122 65 101 o204
951 809 936 871 960 936 778 732 806 701 848 838 757 807 805 737 793 763 9 127 0 89 0 0 182 204 130 259 112 98 203 129 131 223 167 173 s347
977 951 1064 901 940 965 790 861 848 828 814 867 842 1016 1064 1026 1026 1026 49 75 0 125 86 61 236 165 216 198 212 159 184 10 0 0 0 0 jd444
454 463 527 527 439 527 415 357 392 442 363 496 397 392 412 439 396 422 73 47 0 0 71 0 81 123 104 54 117 0 130 118 115 88 114 105 a410
483 494 519 467 486 462 346 312 359 347 354 368 437 459 520 500 500 500 17 6 1 33 14 38 129 163 135 128 121 107 63 41 0 0 0 0 jd2
226 221 269 271 281 273 267 166 145 190 182 212 248 246 234 233 204 228 47 65 4 2 5 0 6 120 128 83 104 61 25 40 39 40 82 45 j304
466 481 480 471 417 404 407 348 343 341 363 380 500 500 447 500 500 500 34 19 40 29 83 96 93 152 177 159 137 120 0 0 73 0 0 0 ad145
1054 1144 1131 1000 1070 1131 916 972 921 891 978 979 922 1156 1131 1131 1170 1131 77 26 0 131 100 0 215 198 210 240 192 152 209 14 0 0 0 0 jd109
5465 5230 5434 5670 5564 5600 5224 4821 4594 4658 4613 5183 5536 5350 5578 5670 5600 5598 135 370 166 0 36 0 376 779 1006 1012 987 417 64 250 22 0 0 2 d349
675 650 676 654 452 676 486 477 434 521 464 484 676 592 560 676 650 676 1 0 0 22 198 0 190 173 242 155 186 192 0 58 116 0 0 0 ad440
1395 1404 1295 1104 1271 1272 1047 982 927 922 1015 1365 1404 1216 1404 1404 1404 1404 9 0 109 300 133 132 318 383 438 443 350 0 0 188 0 0 0 0 ad171
1365 1646 1683 1591 1555 1683 1445 1443 1220 1400 1233 1400 1650 1683 1499 1650 1650 1683 285 37 0 59 95 0 205 240 463 250 417 283 0 0 184 0 0 0 d193
852 845 952 990 902 856 771 771 757 765 725 798 1036 1008 1036 1036 895 1036 184 163 84 46 106 180 228 201 242 234 247 201 0 0 0 0 113 0 m267
444 450 483 434 454 447 330 270 322 279 342 325 374 462 484 462 462 462 18 12 1 28 8 15 132 192 162 183 120 137 88 0 0 0 0 0 j50
284 270 285 285 254 285 228 229 239 235 223 203 236 229 190 214 182 223 1 0 0 0 16 0 38 23 27 31 29 63 49 41 95 71 88 62 md148
512 537 560 560 526 560 428 338 435 355 370 397 442 449 484 505 463 460 48 9 0 0 20 0 92 169 85 165 137 123 118 97 76 55 83 100 n102
575 544 576 569 553 576 503 395 460 491 420 491 457 470 442 471 452 402 1 32 0 7 23 0 37 145 80 49 120 49 119 106 134 105 124 174 s142
715 783 783 715 731 737 687 575 618 648 629 636 696 703 783 783 783 783 68 0 0 68 52 46 96 208 165 135 154 147 87 80 0 0 0 0 jd98
917 1190 1185 1108 1163 1221 769 980 857 879 923 956 999 1221 1221 1188 1188 1221 271 31 36 80 25 0 419 241 364 309 265 265 189 0 0 0 0 0 f331
606 675 650 525 642 650 468 606 537 433 483 484 545 632 650 650 675 650 44 0 0 125 33 0 182 69 113 217 192 166 105 43 0 0 0 0 jt428
503 483 458 457 378 452 275 261 208 270 299 265 504 483 375 504 504 483 1 0 25 47 126 31 205 199 252 210 181 195 0 0 108 0 0 0 ad196
874 1054 1054 1023 1054 1054 675 861 730 803 839 941 858 1003 997 931 974 851 180 0 0 0 0 0 379 193 324 220 215 113 196 51 57 92 80 203 f460
753 878 858 842 902 902 791 753 719 745 711 757 797 731 765 728 736 681 149 24 66 60 0 0 70 108 163 116 150 104 105 171 159 174 166 221 o54
203 184 210 201 212 200 232 209 230 219 184 229 252 266 266 252 246 246 49 82 56 51 40 66 20 57 36 33 68 37 0 0 0 0 6 20 m55
528 550 535 377 536 466 416 425 363 396 366 473 477 550 572 550 550 550 22 0 37 173 14 84 134 125 209 154 184 77 73 0 0 0 0 0 jt37
439 462 462 440 359 462 306 293 273 308 248 367 440 362 433 440 422 462 1 0 0 0 81 0 134 169 189 132 192 95 0 100 29 0 18 0 ad253
557 575 605 576 636 598 437 514 467 465 487 462 524 646 627 627 646 627 70 71 22 51 10 29 190 132 160 162 159 165 103 0 0 0 0 0 j478
673 907 903 903 924 903 681 756 730 796 751 766 745 796 798 762 680 764 230 17 0 0 0 0 179 124 130 64 129 94 158 128 105 141 244 139 o498
260 262 280 258 251 240 289 252 209 230 190 267 325 325 338 325 279 325 65 63 58 67 74 85 36 73 129 95 135 58 0 0 0 0 46 0 m202
1102 1348 1081 1270 1320 1353 980 1144 1119 1060 1093 1206 1320 1353 1247 1320 1320 1353 218 5 272 50 0 0 300 168 193 220 187 106 0 0 106 0 0 0 o213
700 744 713 531 744 713 514 527 558 429 562 544 562 744 713 713 713 650 13 0 0 182 0 0 176 193 132 261 158 146 151 0 0 0 31 63 jt162
1386 1472 1517 1373 1375 1512 1351 1149 1058 1240 1082 1237 1476 1461 1267 1476 1476 1517 90 45 0 103 101 5 125 368 459 236 394 280 0 56 250 0 0 0 d71
647 624 623 522 630 647 604 491 576 503 525 506 568 607 682 651 651 651 4 27 59 129 21 4 26 139 84 127 105 124 83 44 0 0 0 0 jt205
895 943 966 905 841 940 653 654 699 717 655 688 943 795 953 943 943 943 48 0 0 38 102 3 249 248 225 185 247 214 0 148 13 0 0 0 d298
379 375 357 380 378 380 380 365 309 399 346 399 320 298 280 305 269 289 1 5 43 0 2 0 19 34 111 0 53 0 60 82 120 75 111 91 s266
160 150 163 149 169 180 174 127 142 113 114 151 156 141 131 144 156 130 20 30 5 31 11 0 6 53 26 67 66 29 24 39 37 36 24 50 jt259
353 363 399 322 399 399 344 375 388 272 392 375 337 333 372 327 283 307 46 36 0 77 0 0 55 24 11 127 7 24 62 66 27 72 116 92 jt417
453 438 433 507 489 507 398 391 341 376 380 393 467 441 458 485 489 430 54 69 74 0 18 0 148 155 205 170 166 153 40 66 49 22 18 77 d13
504 591 495 540 592 576 505 549 500 466 531 510 450 435 449 440 480 481 72 1 81 36 0 0 107 80 112 146 98 102 126 157 127 136 112 95 o99
702 629 704 722 669 722 590 515 577 600 477 534 594 584 611 636 535 564 20 74 18 0 34 0 132 188 145 122 226 188 128 119 111 86 168 158 s243
765 774 774 781 767 744 654 750 761 636 797 655 737 727 727 712 784 730 27 0 0 11 25 30 182 67 56 200 39 162 55 47 47 80 8 44 f20
221 208 228 270 282 270 253 190 186 209 250 213 254 262 169 185 182 219 49 77 42 0 3 0 35 114 102 79 54 75 16 23 101 85 103 51 md179
831 832 785 700 720 832 673 719 666 693 636 655 677 819 832 864 832 830 1 0 47 164 112 0 185 139 192 198 222 203 155 13 0 0 0 2 jt478
2164 2279 2432 2432 2389 2432 2127 1966 1855 2001 1858 1980 2285 2428 2432 2410 2326 2353 268 153 0 0 43 0 241 402 513 367 510 388 147 4 0 22 106 79 d262
1136 1145 1233 1227 1198 1178 1040 1024 994 1007 1086 1026 1093 1236 1248 1280 1280 1248 144 103 15 53 82 70 240 224 254 273 194 222 187 12 0 0 0 0 j170
759 812 671 545 809 784 700 613 605 548 712 657 784 632 784 784 812 784 25 0 113 239 3 0 84 199 179 236 100 127 0 180 0 0 0 0 jt298
719 587 698 680 720 702 544 480 588 583 597 537 555 547 545 543 584 568 1 115 4 40 0 0 136 183 75 97 83 126 165 155 157 177 136 134 s98
366 404 430 435 448 432 346 341 236 332 337 339 352 299 255 305 305 328 82 28 2 13 0 0 74 64 169 88 83 66 96 133 177 143 143 104 o366
477 511 485 457 449 504 315 376 347 291 253 362 420 436 444 478 417 421 27 7 33 47 55 14 153 105 134 177 215 119 84 82 74 26 87 97 n258
244 290 312 295 295 299 259 239 235 190 208 204 265 228 298 248 224 235 55 9 0 4 4 0 40 60 77 109 91 95 34 71 14 51 75 64 j484
271 302 329 326 319 304 189 181 206 205 191 179 258 325 330 330 330 330 59 28 1 4 11 26 119 127 102 103 117 129 72 5 0 0 0 0 j248
1159 1160 1012 1189 1090 1160 986 1160 901 1189 953 1160 1096 953 899 1045 900 962 1 0 148 0 70 0 174 0 259 0 207 0 64 207 261 144 260 198 s311
284 269 285 285 257 273 250 217 204 233 227 281 230 218 226 193 213 246 1 31 0 0 43 12 54 103 100 71 93 23 55 82 59 92 87 39 a345
517 594 594 612 598 594 475 455 464 463 498 481 568 461 452 493 504 422 95 0 0 0 14 0 103 106 97 115 80 80 44 133 142 119 108 172 f53
541 540 511 503 515 504 480 574 569 536 607 560 488 616 594 594 616 594 53 76 83 91 101 90 141 70 52 85 37 61 106 0 0 0 0 0 j353
671 590 672 672 650 672 534 474 504 524 416 558 527 571 529 568 526 528 1 82 0 0 22 0 114 174 144 124 232 90 145 101 143 104 146 144 jd295
967 955 983 902 901 990 907 796 771 750 785 783 815 722 835 804 752 849 1 35 7 66 67 0 105 239 264 262 227 252 153 268 155 164 216 141 s279
543 544 451 533 526 544 353 411 423 430 356 417 426 472 427 486 470 448 1 0 93 11 18 0 159 101 89 82 156 95 118 72 117 58 74 96 o92
355 367 355 333 372 352 229 244 264 244 227 252 340 377 364 377 377 377 22 10 9 44 5 25 119 104 72 104 121 96 37 0 0 0 0 0 jd492
781 876 924 871 911 924 736 763 790 683 805 796 756 908 924 891 924 924 143 48 0 20 13 0 216 189 162 235 147 156 168 16 0 0 0 0 j3
219 221 222 240 213 196 216 209 181 197 167 213 192 206 211 216 211 205 21 7 18 0 15 44 44 38 79 63 80 47 48 22 29 24 17 35 jt309
519 486 537 520 426 541 426 345 391 394 368 517 441 461 498 467 421 501 1 60 9 0 94 5 74 180 134 106 132 8 79 85 48 53 99 45 a425
196 190 210 209 223 210 133 153 162 176 172 134 185 204 164 154 181 170 14 34 0 1 1 0 62 55 33 19 36 61 25 20 46 56 43 40 md223
305 306 261 323 306 283 233 201 197 292 233 255 254 279 241 260 254 267 1 0 45 0 0 23 73 105 109 31 73 51 52 27 65 63 52 39 a161
886 974 1039 1031 899 1007 841 797 740 843 832 813 1040 932 976 1040 1014 1040 154 40 1 9 115 33 199 217 300 197 182 227 0 82 64 0 0 0 d39
643 644 672 553 644 644 535 498 528 504 518 504 494 639 672 644 644 644 1 0 0 91 0 0 109 146 144 140 126 140 150 5 0 0 0 0 jd432
232 143 235 228 238 240 238 117 156 147 201 171 183 234 238 228 224 187 8 97 5 0 2 0 22 143 104 100 59 89 57 6 2 0 16 53 j384
3256 3296 3355 3355 3410 3355 3355 2902 3304 3355 3146 3355 2996 2763 2943 3086 2891 2851 99 114 0 0 0 0 0 508 51 0 264 0 359 647 412 269 519 504 s176
503 504 417 486 502 413 470 426 316 385 468 396 410 374 332 390 421 403 1 0 87 0 2 91 62 106 216 128 64 136 94 130 172 96 83 101 a333
1055 925 1024 1056 1056 1056 950 697 773 897 842 891 1010 914 918 1056 1056 1056 1 131 0 0 0 0 106 359 251 159 214 165 46 142 106 0 0 0 ad27
246 158 266 247 247 247 186 53 249 227 243 237 212 203 165 161 183 198 1 89 0 0 0 0 61 194 17 20 4 10 35 44 101 86 64 49 a500
244 229 230 204 244 269 218 169 138 141 177 157 226 218 270 270 252 270 26 23 40 66 8 1 52 83 132 129 75 113 44 34 0 0 0 0 jt247
608 609 581 594 606 606 424 406 369 364 394 439 511 609 588 609 609 609 1 0 7 15 3 3 185 203 219 245 215 170 98 0 0 0 0 0 f325
453 446 444 469 468 447 451 382 391 445 388 429 512 496 512 512 457 512 59 50 68 43 28 65 61 114 121 67 108 83 0 0 0 0 39 0 m52
367 384 311 355 384 334 338 267 280 227 318 260 292 281 276 327 316 288 1 0 57 13 0 34 30 117 88 141 66 108 76 103 92 41 68 80 a274
713 680 714 664 568 714 594 531 577 478 472 518 520 649 714 709 680 714 1 0 0 50 112 0 99 129 116 215 188 175 194 31 0 5 0 0 jd41
543 544 544 527 512 544 451 472 424 442 409 499 451 377 398 431 446 423 1 0 0 0 32 0 93 72 120 85 135 45 93 167 146 96 98 121 n165
543 527 454 540 531 473 494 381 337 372 492 366 434 413 449 486 445 429 1 0 73 4 13 54 18 115 159 140 20 130 110 114 78 58 99 98 a105
910 707 912 950 912 912 856 586 734 812 775 729 803 767 912 950 912 912 2 205 0 0 0 0 32 302 154 113 113 159 109 145 0 0 0 0 j21
359 433 432 432 442 432 291 358 367 338 378 301 374 308 299 279 291 326 73 17 0 0 8 0 117 67 41 70 47 107 58 142 133 153 159 106 f206
1369 1385 1351 1346 1245 1238 1292 1166 1107 1170 1216 1315 1370 1390 1421 1458 1353 1458 89 46 107 112 186 220 220 318 405 342 268 197 88 41 37 0 78 0 m163
518 510 512 532 520 390 364 348 424 479 481 351 499 464 373 319 466 406 14 22 48 0 12 142 149 165 116 34 32 162 33 68 187 213 66 126 a416
1502 1312 1520 1650 1600 1600 1333 1446 1206 1504 1312 1360 1600 1463 1567 1650 1583 1600 98 288 80 0 0 0 235 122 362 113 256 208 0 137 33 0 17 0 m27
373 391 374 337 381 374 283 345 304 371 341 317 299 289 276 285 301 315 1 0 0 37 10 0 113 69 92 25 73 79 75 102 98 89 90 59 md149
367 408 337 289 398 393 300 252 270 251 283 240 358 343 396 396 418 396 29 10 59 107 20 3 78 147 108 127 116 138 38 75 0 0 0 0 jt40
519 562 541 563 585 567 529 426 445 534 486 522 472 403 440 429 450 463 69 5 26 25 3 0 59 141 122 54 102 45 116 164 127 159 138 104 s169
321 303 327 330 254 315 185 164 249 253 142 251 261 210 268 314 297 273 9 27 3 0 76 15 167 188 103 99 210 101 69 120 62 16 33 57 n289
322 275 322 334 333 322 295 277 210 305 268 300 286 257 229 257 267 232 14 47 0 2 3 0 65 68 135 55 92 45 50 65 93 79 69 90 o77
385 414 267 293 394 382 272 304 268 258 291 311 282 414 391 391 414 391 6 0 124 98 20 9 136 128 140 150 141 97 109 0 0 0 0 0 jt242
629 591 630 609 630 630 593 522 550 622 593 660 511 480 459 437 449 493 1 39 0 0 0 0 67 138 110 16 67 0 119 150 171 172 181 137 d165
1566 1684 1728 1704 1648 1704 1551 1369 1431 1470 1483 1544 1563 1366 1459 1420 1373 1362 138 20 0 0 56 0 224 406 369 305 292 231 141 338 269 284 331 342 n163
335 336 352 322 336 336 269 275 275 283 290 225 302 292 258 238 271 280 1 0 0 14 0 0 67 61 77 53 46 111 34 44 94 98 65 56 md336
337 364 334 300 368 310 309 256 265 302 272 271 305 363 374 396 396 374 59 10 40 96 28 64 69 101 92 76 106 86 91 11 0 0 0 0 jt316
335 301 336 336 300 289 207 167 205 193 196 256 264 223 237 273 250 248 1 21 0 0 22 47 105 132 107 119 103 56 72 99 99 63 72 88 a359
383 383 373 378 379 364 331 276 225 316 260 323 355 362 306 370 379 346 22 22 17 27 26 41 47 102 139 62 118 55 50 43 84 35 26 59 j309
577 631 640 627 640 640 441 473 462 453 483 500 527 584 522 532 550 553 63 9 0 13 0 0 167 135 146 155 125 108 113 56 118 108 90 87 f407
347 329 344 308 338 347 368 309 323 321 290 317 400 400 416 400 381 400 53 71 72 92 62 53 7 66 67 54 85 58 0 0 0 0 19 0 m486
879 1053 1054 1041 1056 1006 699 703 660 624 788 791 910 1039 1039 1003 967 1020 187 13 38 25 10 60 326 322 390 401 237 234 156 27 53 63 99 46 f279
747 731 748 718 723 748 564 535 548 550 521 614 616 582 631 603 584 576 1 0 0 30 8 0 140 153 156 154 167 90 132 149 117 145 147 172 n178
364 392 396 418 328 407 344 280 289 290 335 264 418 335 382 418 418 418 54 26 0 0 90 11 55 119 89 109 64 135 0 83 14 0 0 0 ad144
379 360 341 380 341 318 258 286 261 380 283 327 380 360 300 291 310 325 1 0 39 0 19 62 122 74 119 0 77 53 0 0 80 89 50 55 a471
1361 1350 1377 1377 1247 1377 1257 1356 1380 1428 1097 1244 1155 1025 1052 1194 1065 1214 16 0 0 0 103 0 171 44 48 0 303 184 222 325 325 183 285 163 n286
270 301 288 242 304 288 241 261 246 244 252 232 226 304 288 288 304 288 18 3 0 46 0 0 65 62 60 62 71 74 62 0 0 0 0 0 jt45
719 736 720 720 698 720 537 601 576 650 538 576 642 594 642 646 569 642 1 0 0 0 38 0 228 181 189 115 244 189 78 142 78 74 167 78 n175
607 560 653 682 682 650 664 570 550 480 545 522 682 667 632 682 677 631 75 122 7 0 0 32 49 143 140 233 168 191 0 15 28 0 5 51 m243
209 200 210 204 200 193 137 102 127 149 152 150 194 188 169 166 189 176 1 0 0 6 0 17 52 78 62 40 28 39 16 12 41 44 11 34 md82
202 230 240 225 230 230 145 171 148 164 160 159 206 200 210 194 216 191 28 0 0 5 0 0 62 36 68 43 47 48 24 30 30 36 14 39 f232
1251 1253 1278 1295 1131 1242 979 931 942 947 946 1039 1302 1196 1302 1331 1302 1302 51 49 24 38 171 60 281 329 318 343 314 221 0 106 0 2 0 0 d197
439 547 551 532 514 551 441 391 407 407 394 461 506 484 392 400 425 479 93 4 0 0 18 0 119 189 173 153 166 119 26 67 159 132 107 72 f46
399 480 480 496 480 480 348 338 351 353 341 371 428 364 348 362 383 367 81 0 0 0 0 0 102 112 99 112 109 79 52 116 132 134 97 113 f215
449 450 336 398 450 450 283 290 370 297 301 349 376 429 381 267 385 405 1 0 96 52 0 0 167 160 62 153 149 101 74 21 51 183 65 45 o313
479 456 456 480 480 356 416 409 404 460 448 305 378 387 362 379 434 369 1 0 0 0 0 100 44 28 33 0 12 132 102 69 94 101 46 87 a49
413 414 399 400 382 394 374 342 283 346 327 425 313 315 304 334 324 342 1 0 15 14 32 20 63 95 154 91 110 12 101 99 110 80 90 72 a212
340 369 330 401 364 347 416 320 396 444 468 468 395 341 384 475 450 450 110 81 120 74 86 103 52 148 72 50 0 0 55 109 66 0 0 0 j418
607 567 505 608 608 627 469 513 536 522 506 509 497 476 509 474 486 508 1 60 122 0 0 0 139 114 91 86 102 118 111 151 118 134 122 119 o100
359 327 311 360 328 353 381 273 247 273 294 367 293 292 250 296 258 297 1 48 49 0 47 7 3 127 137 111 106 17 67 83 110 64 117 63 a446
272 273 273 273 254 267 180 161 166 170 173 163 254 251 220 196 203 250 1 0 0 0 19 6 72 91 86 82 79 89 19 22 53 77 70 23 md254
1197 1317 1221 1122 1258 1224 1270 1043 1213 1180 1242 1284 1174 1281 1360 1400 1360 1360 163 43 139 278 102 136 56 283 113 185 84 42 186 79 0 0 0 0 jt193
499 485 489 522 455 474 384 349 333 369 386 369 504 492 459 520 496 490 5 19 15 0 49 30 148 183 199 182 146 163 0 12 45 2 8 14 ad328
370 418 418 440 382 418 334 254 283 344 313 267 363 378 418 440 440 418 70 0 0 0 58 0 86 145 116 76 107 132 77 40 0 0 0 0 jd92
911 1012 804 787 1014 975 776 755 779 701 750 794 807 1014 975 975 1008 975 64 2 171 188 0 0 199 259 196 274 264 181 168 0 0 0 6 0 jt476
396 456 508 467 427 508 434 322 289 317 311 324 494 513 437 494 494 513 98 57 5 27 67 5 86 218 251 203 209 216 0 0 76 0 0 0 d206
432 421 397 430 430 335 383 412 358 381 352 398 476 493 476 476 462 476 44 72 79 46 63 141 65 52 90 67 112 50 0 0 0 0 31 0 m48
496 479 478 357 491 469 428 289 357 333 347 361 466 432 520 500 500 500 4 21 42 143 9 31 72 211 163 167 153 139 34 68 0 0 0 0 jt321
289 374 378 371 308 373 258 268 251 247 227 224 292 378 378 378 378 375 89 4 0 7 70 5 141 131 148 152 172 175 86 0 0 0 0 3 jd274
798 782 799 799 744 799 624 506 582 614 575 583 669 577 675 648 558 613 1 0 0 0 38 0 128 230 170 138 161 169 130 205 124 151 224 186 n404
656 677 655 700 693 560 548 621 511 572 709 552 590 556 565 625 560 598 44 23 17 0 7 140 177 104 185 153 16 173 110 144 107 75 140 102 a58
769 760 754 731 699 648 591 647 628 730 687 697 728 731 779 779 728 779 10 0 25 48 61 131 188 113 151 49 73 82 51 29 0 0 32 0 m334
1387 1448 1446 1433 1294 1432 1086 1151 1100 1123 1104 1023 1508 1438 1389 1508 1482 1508 121 34 62 75 188 76 364 274 350 327 321 427 0 44 119 0 0 0 d443
415 510 510 527 499 456 366 395 349 359 402 415 441 461 459 470 450 460 95 0 0 0 11 54 144 115 161 168 108 95 69 49 51 57 60 50 f43
498 489 550 499 485 518 452 369 455 415 392 398 490 476 550 550 550 550 52 61 0 51 65 32 98 181 95 135 158 152 60 74 0 0 0 0 jt133
824 842 876 944 952 986 822 790 756 883 805 869 886 986 986 986 986 986 162 144 110 42 34 0 164 196 230 103 181 117 100 0 0 0 0 0 a442
256 271 299 282 286 299 200 165 192 210 182 276 244 246 220 222 246 295 30 28 0 4 0 0 64 111 84 54 82 0 42 53 79 64 40 4 md96
1454 1343 1449 1382 1518 1518 1229 1315 1288 1267 1266 1374 1423 1463 1466 1428 1467 1208 64 175 69 136 0 0 358 272 299 320 321 213 95 55 52 90 51 310 s354
714 740 700 707 721 709 577 671 671 680 678 699 670 771 777 777 777 777 63 37 77 70 56 68 237 143 143 134 136 115 107 6 0 0 0 0 f48
1057 1035 1058 1058 900 1058 1002 829 943 984 719 886 822 634 844 820 792 805 1 0 0 0 135 0 56 206 115 74 316 172 236 401 214 238 243 253 s392
591 595 672 672 672 672 663 524 460 560 601 575 582 525 580 556 530 557 81 77 0 0 0 0 9 148 212 112 71 97 90 147 92 116 142 115 j67
839 760 803 868 746 840 699 608 633 776 605 644 660 694 707 782 735 638 1 80 37 0 94 0 141 232 207 92 235 196 180 146 133 86 105 202 s469
1058 1126 1145 1125 1112 1128 977 901 952 885 945 934 994 1128 1152 1128 1128 1128 70 2 7 3 16 0 198 274 248 290 230 241 134 0 0 0 0 0 f65
1102 1043 1126 1173 1138 1173 1055 746 1026 1080 993 972 996 1065 1053 930 1034 1000 71 153 47 0 58 0 118 450 147 93 203 201 177 131 120 243 162 173 s408
594 584 564 593 555 550 396 343 301 304 278 436 564 467 516 545 481 470 8 18 24 9 47 52 163 216 245 255 281 123 38 135 72 57 121 132 n359
412 368 420 441 398 441 411 295 258 268 241 266 387 373 410 417 424 415 29 73 0 0 43 0 9 125 142 152 179 154 54 68 10 24 17 26 jd73
876 936 936 856 910 936 681 716 655 692 745 693 936 763 936 962 936 936 60 0 0 106 26 0 255 220 281 270 191 243 0 173 0 0 0 0 d210
299 300 300 283 276 283 189 184 233 208 192 188 263 271 231 256 289 278 1 0 0 2 24 17 111 116 67 77 108 112 37 29 69 29 11 22 md432
345 380 346 384 380 363 346 329 294 352 329 381 311 321 346 275 330 335 39 20 54 0 4 37 62 96 131 56 79 44 73 79 54 109 54 65 a145
779 750 750 780 617 750 540 585 532 553 591 587 735 515 662 733 674 646 1 0 0 0 163 0 214 140 193 201 163 138 45 235 88 47 106 104 ad209
377 360 378 378 355 378 319 303 361 342 344 283 327 318 270 263 244 325 1 0 0 0 5 0 80 77 38 57 36 116 51 42 108 115 116 53 md91
565 490 574 530 590 578 407 416 389 351 320 415 434 439 460 465 486 467 13 105 4 48 5 0 137 144 155 193 240 129 144 156 118 113 109 111 s446
158 153 162 158 153 156 125 72 138 104 93 133 144 142 159 149 141 141 4 0 0 4 0 6 55 98 42 76 77 47 18 11 3 13 12 21 md249
554 555 684 684 684 684 583 558 540 547 494 533 578 565 562 561 504 573 130 129 0 0 0 0 65 90 108 101 154 115 106 119 122 123 180 111 o410
444 431 462 471 437 409 318 299 323 337 329 376 357 462 462 483 462 462 18 31 0 12 25 53 144 163 139 146 133 86 105 0 0 0 0 0 j1
601 598 580 567 616 602 525 460 414 424 489 481 470 553 468 517 555 487 1 18 22 35 0 0 77 156 188 178 127 121 132 63 134 85 61 115 n36
392 452 375 417 464 448 376 386 385 356 365 346 394 322 325 312 364 351 56 12 73 31 0 0 100 107 91 120 128 130 54 142 123 136 100 97 o300
1328 1449 1489 1508 1548 1591 1223 1528 1231 1377 1544 1373 1589 1521 1577 1548 1500 1451 263 99 102 83 0 0 405 56 397 251 40 255 2 27 14 43 48 140 a213
590 693 672 672 683 668 550 563 512 565 451 524 607 556 586 581 529 554 82 0 0 0 10 4 90 97 128 75 209 116 65 137 86 91 164 118 f373
629 773 760 806 807 806 806 802 590 576 624 806 773 632 769 714 779 650 177 59 46 0 25 0 0 30 216 230 208 0 33 200 37 92 53 156 ad438
1880 1823 2032 2008 1970 2070 1619 1839 1354 1492 1521 2113 2066 1973 1759 2001 2059 1996 190 247 38 17 100 0 497 277 762 578 595 3 4 97 311 24 11 74 a349
811 783 783 812 749 783 668 712 658 711 720 665 812 668 774 812 812 783 1 0 0 0 63 0 144 71 125 101 92 118 0 115 9 0 0 0 ad95
383 498 423 402 498 504 436 331 367 398 471 401 423 373 361 402 381 370 121 6 81 102 6 0 96 201 165 134 61 131 81 131 143 102 123 134 o291
514 529 468 472 525 521 384 362 328 310 361 367 414 529 506 526 529 529 15 0 38 57 4 8 122 144 156 196 145 139 115 0 0 3 0 0 jt194
263 276 276 248 244 236 220 207 207 211 193 247 248 256 245 244 249 245 1 0 0 16 20 40 66 92 92 75 93 52 16 20 31 20 15 31 md361
736 745 664 734 733 719 498 522 580 620 545 573 800 741 751 820 800 800 64 55 136 86 67 81 342 318 260 241 295 267 0 59 49 0 0 0 d356
297 242 275 283 292 325 383 337 308 325 319 338 374 374 374 357 336 374 77 132 99 74 82 49 13 59 88 53 77 58 0 0 0 0 38 0 m30
440 383 441 441 441 332 376 323 383 415 427 281 308 308 329 382 323 354 1 58 0 0 0 109 65 118 58 26 14 160 133 133 112 59 118 87 a112
1077 1143 879 847 1123 1021 865 939 961 984 948 998 886 1161 1118 1118 1161 1118 41 18 239 271 38 97 253 222 157 134 213 120 232 0 0 0 0 0 jt320
341 309 311 308 318 304 307 233 219 227 257 264 298 351 352 352 352 352 11 43 41 44 34 48 45 119 133 125 95 88 54 1 0 0 0 0 j357
666 672 577 589 690 667 490 540 522 475 562 580 492 523 473 434 471 463 1 18 90 78 0 0 148 120 116 163 98 58 175 167 194 233 219 204 o449
1485 1567 1568 1527 1531 1527 1131 1240 1245 1242 1183 1280 1632 1383 1632 1632 1632 1632 147 65 64 105 101 105 549 440 435 438 497 400 0 249 0 0 0 0 d394
1089 1087 1092 823 969 1092 1038 842 1030 822 874 1120 942 868 985 904 857 830 3 5 0 269 123 0 82 278 90 298 246 0 150 224 107 188 235 262 jt459
1717 1761 1761 1725 1720 1755 1499 1470 1543 1476 1602 1527 1796 1613 1800 1800 1800 1786 83 39 39 75 80 45 351 380 307 374 248 323 4 187 0 0 0 14 d115
286 235 311 320 243 295 312 316 245 302 239 245 357 340 357 357 309 357 71 105 46 37 97 62 66 44 133 76 121 133 0 0 0 0 31 0 m41
485 486 486 486 450 486 436 445 472 463 426 427 410 416 358 365 402 409 1 0 0 0 36 0 77 68 41 50 87 86 76 70 128 121 84 77 md190
883 924 945 945 845 945 754 830 859 897 707 826 841 677 765 752 786 723 62 0 0 0 79 0 146 50 41 3 173 74 104 247 180 193 138 222 n160
1325 1270 1326 1326 1323 1326 1153 1010 1146 1201 1095 1126 1130 1129 1045 1181 1054 1087 1 82 0 0 29 0 122 290 129 74 205 149 196 223 281 145 298 239 s170
536 537 507 572 572 465 503 532 442 510 548 435 490 463 444 486 467 466 36 35 65 0 0 107 69 40 130 62 24 137 82 109 128 86 105 106 a160
869 874 897 858 815 897 758 696 787 756 737 698 897 759 897 897 874 897 28 0 0 39 59 0 178 216 149 180 175 238 0 115 0 0 0 0 d403
888 940 913 945 844 945 614 588 603 733 603 670 945 820 918 945 945 945 57 5 5 0 101 0 296 322 281 177 307 240 0 125 0 0 0 0 d470
329 300 323 330 324 311 250 199 210 223 276 230 244 206 241 262 235 225 1 30 7 0 6 19 58 109 98 85 32 78 86 124 89 68 95 105 a47
543 577 581 563 548 584 349 370 364 328 356 389 594 594 594 540 592 594 51 17 13 31 46 10 218 197 203 239 211 178 0 0 0 54 2 0 n218
844 956 966 928 979 989 740 731 762 784 729 838 987 876 966 989 989 934 145 33 0 61 10 0 292 301 246 248 303 194 2 113 0 0 0 55 d111
557 715 720 738 700 720 555 532 550 587 565 549 642 564 571 535 553 614 163 5 0 0 20 0 165 188 170 151 155 171 78 156 149 203 167 106 f123
335 392 399 367 332 392 316 280 272 270 295 303 380 362 359 380 380 399 45 7 0 13 48 7 84 140 148 130 105 117 0 37 40 0 0 0 ad318
441 455 392 442 433 455 364 402 302 346 339 441 386 418 441 416 412 373 1 0 63 0 9 0 112 88 188 130 137 49 56 37 14 26 30 82 o492
486 513 532 464 467 532 320 295 357 303 272 384 527 431 507 526 484 493 46 0 0 68 46 0 184 191 147 201 214 120 5 82 25 6 29 39 d253
906 815 875 747 850 936 762 704 811 721 735 709 801 844 936 936 936 936 30 121 61 189 86 0 200 258 151 241 227 253 135 92 0 0 0 0 jt386
281 320 333 328 269 340 250 229 157 175 172 199 340 332 306 340 340 357 59 37 24 12 71 17 70 107 179 145 148 137 0 25 51 0 0 0 ad362
2297 2460 2501 2316 2423 2501 2160 2009 2122 2046 2057 2281 2358 2348 2345 2348 2336 2392 204 0 0 185 37 0 402 511 440 516 463 281 143 112 156 153 124 109 d388
611 490 570 551 595 612 563 490 610 516 495 580 485 434 475 469 502 461 1 105 42 61 0 0 85 140 38 132 135 68 127 161 137 143 93 151 s39
619 620 600 620 605 508 532 560 605 617 640 513 454 490 423 492 479 499 1 0 0 0 15 112 119 91 25 34 11 138 166 130 177 128 141 121 a104
879 902 898 873 797 902 755 653 665 643 687 614 739 788 805 679 739 792 1 0 4 7 83 0 85 208 196 197 153 247 141 114 97 201 141 110 n200
339 319 319 315 303 311 289 233 226 257 240 300 271 235 264 254 253 277 1 21 21 8 37 29 31 87 94 47 80 20 69 105 76 69 87 63 a202
813 761 836 814 758 814 728 699 669 740 573 705 598 697 794 722 689 733 1 53 0 0 56 0 123 152 205 111 278 146 216 117 42 92 125 81 s37
326 384 384 418 397 417 353 305 297 284 328 288 411 382 381 354 373 321 116 45 45 24 45 12 123 157 165 192 148 174 31 47 48 88 69 108 f396
528 506 529 529 397 498 406 350 278 344 310 411 529 466 438 529 506 529 1 0 0 0 109 31 146 178 274 208 218 141 0 40 91 0 0 0 ad244
222 240 228 225 197 194 147 149 117 140 125 133 225 240 225 228 212 228 6 0 0 3 43 34 81 91 111 88 115 95 3 0 3 0 28 0 m424
318 318 303 322 288 287 207 162 138 154 193 244 300 319 241 321 313 275 4 4 5 0 34 35 115 160 170 168 129 78 22 3 67 1 9 47 ad340
340 368 342 351 388 305 386 366 302 375 289 338 442 425 425 442 376 425 102 57 83 91 54 120 82 84 148 93 179 112 0 0 0 0 66 0 m282
164 176 165 165 166 136 118 123 149 142 171 123 144 139 124 135 130 144 1 0 0 0 10 29 62 69 31 38 21 57 21 37 41 30 46 21 a235
550 656 656 672 664 656 547 547 536 530 542 536 659 526 497 539 531 536 122 0 0 0 8 0 125 109 120 142 130 120 13 130 159 133 141 120 f361
560 485 513 510 561 561 403 436 490 403 433 392 403 420 513 435 401 437 1 76 48 51 0 0 125 92 38 125 95 136 158 141 48 126 160 124 o428
698 756 784 645 625 756 714 594 670 604 546 573 711 654 784 756 756 756 58 0 0 111 131 0 42 162 114 152 210 183 45 102 0 0 0 0 jt496
549 590 616 638 612 616 390 422 344 414 422 390 526 616 616 638 616 616 67 26 0 0 4 0 198 166 244 195 166 198 90 0 0 0 0 0 f165
358 281 312 304 361 286 382 349 299 250 295 279 416 416 416 400 384 416 58 135 104 96 55 130 8 41 91 125 95 111 0 0 0 0 32 0 m264
368 286 331 380 368 300 321 303 237 268 337 269 307 293 262 280 265 285 12 75 30 0 12 61 79 77 143 132 63 111 73 68 99 100 115 76 a220
923 1004 932 979 1025 1000 858 844 776 834 796 864 854 767 810 797 827 748 77 21 68 21 0 0 142 181 224 166 229 136 146 258 190 203 198 252 o9
271 218 289 266 234 289 271 180 155 212 173 285 226 236 269 236 232 188 1 71 0 6 38 0 17 126 151 76 115 21 46 53 20 36 40 101 jd380
1191 1317 1262 1223 1229 1276 1051 1133 1129 1052 1148 1213 1170 1365 1322 1326 1326 1365 135 48 103 103 97 89 309 267 271 308 212 187 156 0 43 0 0 0 f476
397 406 385 346 420 420 429 302 314 279 351 358 330 393 384 408 396 376 23 14 35 74 0 0 12 139 127 162 90 83 90 27 36 12 24 44 jt63
462 436 386 431 445 365 378 418 434 458 447 391 512 532 532 513 483 532 70 96 146 82 87 167 182 142 126 82 113 169 20 0 0 0 49 0 m25
659 554 645 660 631 640 556 426 419 598 507 560 570 575 528 557 584 576 1 86 15 0 9 20 104 214 241 62 133 100 90 65 132 103 56 84 md183
945 984 987 976 1000 1012 717 851 764 760 798 760 919 1035 1012 1012 1035 1012 67 51 25 36 35 0 295 184 248 252 237 252 93 0 0 0 0 0 f104
619 541 609 648 624 648 591 558 540 622 600 530 612 572 475 578 538 526 29 83 39 0 0 0 84 92 135 53 50 145 36 52 173 70 86 122 a54
431 450 450 418 432 450 294 315 321 334 338 324 350 392 370 328 397 378 1 0 0 14 0 0 114 110 104 74 70 101 82 58 80 104 35 72 md178
539 533 462 497 531 540 400 357 365 370 381 435 428 458 438 447 490 443 1 7 78 43 9 0 113 156 148 143 132 78 112 82 102 93 50 97 o434
914 1008 899 879 1008 1008 789 838 752 849 863 899 801 1003 1008 1044 1008 1008 94 0 109 165 0 0 247 198 284 224 173 137 207 5 0 0 0 0 jt87
849 785 945 915 924 945 792 752 867 806 802 862 814 771 712 725 733 706 96 139 0 30 0 0 108 128 33 94 78 38 131 153 233 220 191 239 s60
239 224 240 240 216 240 170 134 170 162 145 179 226 184 197 158 157 207 1 0 0 0 8 0 55 76 55 63 65 46 14 40 43 82 67 33 md140
494 522 471 308 530 484 423 350 329 309 366 430 457 453 540 513 540 540 46 18 69 205 10 56 117 190 211 204 174 110 83 87 0 0 0 0 jt192
235 231 242 209 199 225 121 139 137 153 191 172 217 221 239 235 242 225 7 11 0 33 43 17 99 81 83 67 29 48 25 21 3 7 0 17 ad293
321 336 322 322 328 322 288 236 243 212 285 225 277 280 278 245 253 253 1 0 0 0 8 0 34 100 79 110 51 97 45 56 44 77 83 69 md173
624 625 650 625 625 625 608 485 567 580 564 649 625 625 650 625 625 625 1 0 0 0 0 0 42 165 109 70 86 1 0 0 0 0 0 0 a82
291 378 345 378 378 378 306 280 204 313 353 300 369 297 318 247 267 301 87 0 47 0 0 0 99 125 216 92 52 105 9 81 74 131 111 77 f362
946 1020 1053 1053 1053 1053 910 779 826 853 922 841 984 1001 1053 1053 1080 1053 107 60 0 0 27 0 143 301 227 200 158 212 69 79 0 0 0 0 j36
498 506 506 528 412 506 370 393 300 346 404 362 528 506 423 528 528 506 30 0 0 0 116 0 134 90 183 158 100 121 0 0 83 0 0 0 ad377
735 752 733 736 710 736 580 529 577 549 455 483 680 622 600 662 659 657 1 0 3 0 42 0 110 176 113 141 250 207 56 130 136 74 93 79 n246
587 529 588 568 588 588 505 441 472 485 460 460 489 422 478 463 472 453 1 59 0 20 0 0 83 147 116 103 128 128 99 166 110 125 116 135 s321
438 444 466 469 475 443 347 384 340 300 271 420 413 448 437 470 427 454 56 50 28 38 19 51 109 72 116 168 185 36 81 46 57 37 67 40 d309
760 864 864 856 864 864 573 704 659 605 731 667 735 864 864 864 864 864 104 0 0 8 0 0 323 192 237 291 165 229 129 0 0 0 0 0 f112
295 364 347 346 353 350 288 271 249 244 283 254 326 285 237 251 283 340 55 0 3 4 11 0 87 119 126 131 107 121 24 79 113 99 81 10 f283
936 983 898 1004 1047 1081 797 883 826 857 753 902 890 992 953 841 837 824 145 98 160 77 34 0 284 198 232 224 328 179 191 89 105 240 244 257 o24
423 445 499 433 510 510 430 447 421 340 389 457 486 493 484 412 384 508 87 65 11 77 0 0 110 93 119 200 151 83 24 17 26 98 126 2 jt367
224 161 202 225 204 191 200 107 150 137 129 178 211 205 192 188 175 196 1 49 23 0 6 34 25 103 75 88 81 47 14 5 33 37 35 29 a318
653 760 724 741 751 741 576 629 590 608 518 598 628 579 633 589 596 578 88 0 17 0 9 0 126 91 112 94 202 104 113 181 108 152 164 163 o29
223 193 250 242 242 247 224 175 183 204 142 197 198 217 225 214 212 191 24 54 10 5 5 0 23 72 77 43 105 50 49 30 35 33 35 56 jt215
549 576 573 572 576 576 427 407 436 336 370 397 444 576 576 576 576 576 27 0 3 4 0 0 149 169 140 240 206 179 132 0 0 0 0 0 j151
1723 1755 1607 1594 1760 1760 1351 1444 1364 1347 1459 1662 1689 1663 1667 1662 1732 1734 37 5 153 166 0 0 354 261 341 358 246 43 71 97 93 98 28 26 o388
936 992 960 864 952 960 845 841 886 797 806 846 793 976 924 890 925 959 24 0 0 96 40 0 145 182 104 193 217 144 167 16 36 70 67 1 jd125
458 459 421 421 459 459 337 428 374 367 368 411 338 382 348 367 392 359 1 0 38 38 0 0 122 31 85 92 91 48 121 77 111 92 67 100 o353
496 537 547 546 549 533 432 527 545 475 508 535 486 620 620 600 600 620 104 83 73 54 51 87 198 124 106 155 122 116 114 0 0 0 0 0 j389
347 348 307 326 292 343 280 251 254 267 199 286 282 287 285 271 309 293 1 0 29 22 56 5 97 126 110 110 178 91 66 61 51 77 39 55 o258
434 440 361 412 434 335 357 349 240 325 362 327 356 332 350 357 346 376 6 0 79 8 6 105 83 91 200 95 78 113 84 108 90 63 94 64 a278
439 386 419 440 334 415 393 310 387 449 319 444 380 373 379 398 385 398 1 32 21 0 84 25 67 127 73 11 118 16 60 45 61 42 33 42 a44
512 508 418 513 506 388 440 434 365 450 486 384 430 407 371 434 371 433 1 5 68 0 7 125 92 98 139 82 46 148 83 106 115 79 142 80 a476
229 201 251 245 248 235 189 168 134 147 154 139 280 280 280 266 247 280 51 79 29 21 32 45 71 92 126 100 106 121 0 0 0 0 33 0 m303
461 485 509 521 616 573 623 623 468 450 596 518 601 534 609 609 638 609 148 153 100 88 22 36 7 37 162 180 64 112 8 104 0 0 0 0 md224
744 838 806 820 795 840 739 623 616 636 620 790 797 810 733 741 809 697 96 2 34 0 45 0 143 259 266 225 262 92 43 30 107 79 31 143 f190
549 608 608 548 608 608 469 424 471 496 486 458 608 575 571 589 608 593 59 0 0 41 0 0 171 216 169 124 154 182 0 33 37 0 0 15 d205
601 614 652 650 525 582 473 391 372 465 442 404 684 684 579 684 684 684 83 70 32 34 159 102 175 257 276 183 206 244 0 0 105 0 0 0 d368
365 384 362 368 384 301 342 297 238 282 335 256 306 285 254 326 318 312 3 0 6 0 0 67 3 63 107 63 25 89 62 99 114 42 66 56 a23
1263 1311 1296 1190 1250 1280 1029 1235 1299 1265 1276 1255 1153 1310 1400 1450 1400 1400 137 89 104 260 150 120 371 165 101 185 124 145 247 90 0 0 0 0 jd320
719 744 639 639 720 744 606 704 530 612 606 649 572 552 572 496 529 646 1 0 105 81 0 0 114 40 214 108 114 95 148 192 172 224 191 98 o413
537 638 638 550 573 638 349 394 378 416 433 441 586 526 583 560 558 618 79 0 0 66 43 0 267 244 260 200 183 197 30 112 55 56 58 20 d136
282 297 245 263 264 252 243 225 190 254 199 248 297 297 286 297 273 297 15 0 41 34 33 45 81 99 122 70 125 76 0 0 0 0 24 0 m177
536 615 616 522 579 630 543 395 365 427 452 517 638 581 580 638 638 638 102 23 0 116 59 8 95 243 251 211 186 121 0 57 36 0 0 0 ad367
629 572 648 627 630 630 518 526 622 590 575 587 534 517 433 468 475 486 1 58 0 3 0 0 147 139 62 75 90 78 96 113 215 162 155 144 s306
668 725 750 747 708 750 556 484 511 470 549 600 571 722 750 750 725 750 82 0 0 3 17 0 164 212 209 250 147 120 179 3 0 0 0 0 j348
431 418 432 450 396 432 405 335 268 316 310 340 386 363 396 410 348 296 1 14 0 0 36 0 3 73 140 109 98 68 46 69 36 40 84 136 jd22
479 456 456 480 356 450 374 344 239 278 275 319 480 445 318 480 480 453 1 0 0 0 124 6 106 112 217 202 205 137 0 11 138 0 0 3 ad381
525 608 606 550 600 603 380 418 451 385 465 398 508 630 609 609 630 609 84 22 3 59 30 6 200 182 129 195 135 182 101 0 0 0 0 0 j374
140 144 159 160 148 150 144 62 110 97 102 105 160 137 129 116 139 149 20 6 1 0 2 10 32 103 66 79 63 71 0 13 31 44 11 11 md110
274 284 300 290 273 300 280 216 243 216 234 222 264 215 268 267 228 237 26 1 0 10 12 0 20 69 57 84 51 78 36 70 32 33 57 63 jd290
284 270 285 285 242 285 174 133 204 211 186 188 285 219 285 285 270 285 1 0 0 0 28 0 92 119 62 55 66 78 0 51 0 0 0 0 ad232
355 377 416 416 375 416 305 281 267 301 245 279 413 387 336 395 394 392 61 23 0 0 25 0 111 119 149 115 155 137 3 13 80 21 6 24 ad312
520 542 525 597 582 575 507 465 482 526 519 575 576 575 575 590 557 473 78 33 50 1 16 0 91 110 93 72 79 0 22 0 0 8 41 102 jt95
828 930 900 892 731 890 704 766 624 658 697 629 900 895 729 900 930 900 72 0 0 8 199 10 226 195 306 272 264 301 0 35 171 0 0 0 ad477
665 660 702 640 576 693 595 468 570 536 491 498 575 638 702 676 676 702 11 42 0 36 100 9 55 207 105 114 159 177 101 64 0 0 0 0 jt199
712 713 682 713 628 713 596 568 421 571 640 609 713 644 609 713 713 713 1 0 0 0 85 0 140 168 283 165 96 127 0 69 73 0 0 0 ad49
1469 1470 1299 1447 1446 1470 1271 1454 1265 1275 1399 1414 1207 1288 1244 1289 1278 1256 1 0 141 23 24 0 199 16 175 195 71 56 263 182 196 181 192 214 o85
360 409 418 440 392 418 369 293 325 330 290 327 427 404 335 413 421 418 80 9 0 0 48 0 91 144 112 130 170 110 13 14 83 27 19 0 ad169
769 696 713 792 734 798 712 778 644 716 678 716 832 858 858 832 769 858 63 162 145 40 98 60 120 80 214 116 154 142 0 0 0 0 63 0 m487
340 334 332 333 338 322 357 358 238 297 257 307 396 396 396 396 349 396 56 62 64 63 58 74 61 60 180 121 161 111 0 0 0 0 47 0 m276
999 1040 875 741 906 1000 838 755 822 677 710 752 1000 789 1000 1000 1040 1000 1 0 125 259 134 0 162 285 178 323 330 248 0 251 0 0 0 0 jt270
191 192 192 192 192 192 156 129 160 178 129 146 170 173 175 184 179 177 1 0 0 12 0 0 52 79 48 43 79 62 22 19 17 20 13 15 md107
487 621 644 621 528 621 418 442 473 485 425 548 607 615 488 591 555 560 134 0 0 0 93 0 230 206 199 163 223 100 14 6 156 30 66 61 ad167
917 891 802 918 918 891 825 840 761 834 894 864 648 600 598 641 650 647 1 0 89 0 0 0 127 84 163 118 58 60 270 291 293 277 268 244 o35
620 665 620 534 647 625 543 525 447 533 568 536 690 690 690 667 643 690 70 25 70 133 43 65 177 195 273 163 152 184 0 0 0 0 47 0 m35
595 655 680 680 650 680 582 458 487 588 409 518 611 556 564 578 529 566 85 45 0 0 50 0 132 277 227 126 326 196 69 144 116 102 171 114 s385
265 264 217 235 266 266 185 197 184 175 201 223 212 217 195 197 207 215 1 2 49 31 0 0 81 69 82 91 65 43 54 49 71 69 59 51 o350
589 629 629 566 612 629 439 457 498 474 515 542 429 515 539 444 472 472 23 0 0 46 0 0 137 135 94 102 61 50 183 114 90 168 140 157 d18
923 790 924 946 863 924 792 687 797 837 680 807 749 730 731 796 772 707 1 134 0 0 61 0 132 237 127 109 244 117 175 194 193 150 152 217 s87
563 553 570 565 619 568 513 584 613 570 611 613 638 676 676 650 676 672 113 123 106 85 57 108 189 118 89 105 91 89 38 0 0 0 0 4 f434
357 358 367 368 361 336 293 272 260 291 325 323 290 323 311 345 351 336 11 10 17 0 7 32 98 119 148 100 66 68 78 45 73 23 17 32 a175
358 378 334 388 360 347 247 288 284 311 305 278 336 364 349 385 376 317 22 2 46 11 20 33 113 72 76 67 55 82 44 16 31 14 4 63 md26
348 363 367 352 319 362 243 203 263 279 276 264 331 333 305 309 286 322 4 5 1 0 33 6 109 165 105 73 76 104 21 35 63 43 66 46 md455
835 855 855 836 759 855 602 584 578 568 542 732 704 694 691 690 674 682 1 0 0 0 77 0 190 226 232 224 250 78 132 161 164 146 162 173 n197
548 519 526 528 493 491 389 488 467 397 367 394 576 548 535 605 552 584 76 105 98 96 131 133 235 136 157 227 257 230 48 76 89 19 72 40 d25
799 797 828 772 810 810 629 552 680 630 593 708 679 685 640 667 688 657 11 13 0 38 0 0 136 213 102 135 172 57 131 125 188 143 122 153 s122
695 672 704 670 704 704 628 508 503 486 561 535 600 702 686 631 656 659 9 32 0 12 0 0 76 196 201 196 143 169 104 2 18 51 48 45 j178
444 502 532 551 551 551 451 482 391 448 502 467 451 444 398 378 387 437 107 49 0 0 0 0 71 40 113 74 20 55 100 107 134 173 164 114 f10
190 167 170 158 178 162 148 115 99 165 138 109 190 168 153 162 195 150 8 20 17 40 20 25 50 72 88 33 60 78 8 19 34 36 3 37 md379
474 475 475 465 393 451 377 365 352 313 336 375 475 475 380 475 475 475 1 0 0 10 82 24 98 110 123 162 139 100 0 0 95 0 0 0 ad486
354 312 350 323 351 313 299 327 266 265 259 298 395 405 390 405 379 405 51 93 40 82 54 92 106 78 124 140 146 107 10 0 0 0 26 0 m363
794 803 840 795 759 724 558 524 595 586 610 712 840 730 840 819 840 840 46 37 0 24 81 116 242 276 205 194 190 88 0 110 0 0 0 0 d361
796 833 861 882 795 861 588 657 590 806 579 711 721 692 724 684 709 703 86 28 0 0 87 0 252 163 230 34 261 109 161 169 137 198 173 158 d87
1979 2117 2146 1907 2037 2117 1593 1663 1903 1797 1685 1823 2046 1936 2146 2117 2117 2117 138 0 0 210 80 0 524 454 243 320 432 294 71 181 0 0 0 0 d250
301 318 360 361 360 360 284 308 267 264 245 256 283 312 291 314 293 291 59 42 0 14 0 0 52 28 69 86 91 80 77 48 69 61 67 69 jd155
948 944 961 941 1054 1027 1060 1118 936 1024 943 1008 1120 1155 1022 1120 1114 1148 172 211 194 179 66 128 28 4 186 64 145 114 0 0 133 0 6 7 m224
749 775 677 750 750 775 692 676 676 750 732 764 644 710 713 575 698 618 1 0 98 0 0 0 58 99 99 0 18 11 106 65 62 175 52 157 md59
197 198 182 206 192 179 182 105 129 130 153 145 160 187 172 196 168 173 1 0 16 3 6 19 16 93 69 79 45 53 38 11 26 13 30 25 a159
240 240 234 247 213 247 113 151 149 148 231 153 223 221 150 221 203 181 7 7 0 0 34 0 153 115 103 118 35 113 24 26 84 26 44 66 md316
269 263 234 250 231 244 152 200 182 187 125 158 216 259 226 216 187 230 1 7 36 20 39 26 100 52 70 65 127 94 54 11 44 54 83 40 o289
564 507 567 567 488 534 430 352 421 412 358 343 471 477 567 567 546 567 3 39 0 0 58 33 110 168 119 128 162 197 96 69 0 0 0 0 jd133
299 300 300 298 298 278 228 204 243 232 238 241 266 274 201 195 210 226 1 0 0 2 2 22 72 96 57 68 62 59 34 26 99 105 90 74 md389
588 738 738 738 728 738 601 622 627 644 633 587 687 608 567 554 610 659 150 0 0 0 10 0 178 157 152 135 146 192 51 130 171 184 128 79 f193
734 696 757 740 730 697 630 629 648 610 672 615 678 816 816 816 816 816 82 120 59 76 86 119 152 153 134 172 110 167 138 0 0 0 0 0 j89
287 270 288 288 270 226 245 216 210 264 259 191 238 217 185 198 219 241 1 0 0 0 0 62 43 54 78 24 11 97 50 53 103 90 51 47 a362
835 711 830 793 856 836 691 632 657 637 638 663 705 636 667 701 684 692 1 147 6 43 2 0 107 187 141 161 181 135 131 222 169 135 174 144 s226
847 946 825 867 930 946 820 916 758 817 893 826 825 722 724 719 778 780 121 0 121 101 38 0 192 73 231 195 119 163 143 224 222 249 190 166 o411
536 542 563 588 504 567 415 294 313 343 299 388 572 534 486 575 588 552 52 25 4 0 84 0 145 246 227 217 261 152 16 33 81 13 0 15 d364
722 850 849 840 744 861 685 622 701 600 667 688 794 830 853 815 824 846 118 11 12 0 96 0 155 239 160 240 173 173 46 31 8 25 16 15 f399
1208 1209 1209 1209 1020 1209 880 891 1031 956 815 927 1153 1050 999 1123 1131 1108 1 0 0 0 189 0 290 279 139 214 355 243 56 159 210 86 78 101 d209
650 660 642 483 598 660 486 407 484 339 343 480 539 544 652 657 654 660 10 0 18 177 62 0 152 231 154 299 295 158 121 116 8 3 6 0 jt385
449 587 592 592 592 592 472 511 452 456 486 512 561 480 446 468 522 482 143 5 0 0 0 0 120 81 140 136 106 80 31 112 146 124 70 110 f122
344 377 309 352 353 339 386 352 329 322 336 358 442 425 425 389 442 425 98 48 116 90 89 86 56 73 96 120 106 67 0 0 0 53 0 0 m210
646 735 735 735 721 735 613 550 510 591 545 525 624 626 707 685 702 672 89 0 0 0 14 0 87 150 190 109 155 175 111 109 28 50 33 63 j328
1538 1518 1452 1357 1518 1564 1422 1359 1330 1326 1310 1394 1349 1487 1564 1564 1518 1564 26 0 112 207 0 0 176 192 268 272 241 204 215 31 0 0 0 0 jt115
178 198 185 187 191 171 132 126 121 116 158 161 158 196 149 164 178 158 9 0 2 0 7 16 72 90 83 88 58 43 29 2 38 23 20 29 md19
270 301 360 378 360 360 288 238 297 295 347 280 316 317 299 301 303 293 90 59 0 0 0 0 72 122 63 83 13 80 44 43 61 77 57 67 md311
1005 968 996 740 947 1001 830 671 797 697 717 704 836 949 1020 990 1020 1020 15 52 24 250 73 19 156 315 189 260 269 282 184 71 0 0 0 0 jt454
653 660 704 629 672 672 505 447 526 423 502 534 506 672 704 665 672 672 19 12 0 43 0 0 167 225 178 249 170 138 166 0 0 7 0 0 jd34
551 609 583 574 596 567 428 399 351 371 401 357 550 579 563 590 605 587 43 3 11 20 16 27 133 179 210 190 177 204 44 33 31 4 7 7 f22
905 858 950 975 869 946 683 579 630 750 595 730 938 859 875 968 950 938 45 92 0 0 81 4 229 333 282 186 317 182 12 91 75 7 0 12 d485
756 726 727 665 623 650 712 521 661 728 726 759 667 585 759 759 726 759 3 0 32 94 103 109 47 205 98 31 0 0 92 141 0 0 0 0 j68
367 399 400 400 368 400 292 328 291 315 281 273 311 390 400 400 420 400 33 21 0 0 52 0 108 92 109 85 139 127 89 30 0 0 0 0 jd188
815 850 816 816 765 816 719 726 670 703 671 720 816 817 706 816 850 816 1 0 0 0 85 0 121 149 170 137 204 120 0 33 110 0 0 0 ad177
494 487 557 527 522 536 341 291 347 275 309 336 418 540 560 540 540 540 46 53 3 13 18 4 172 222 185 238 204 177 122 0 0 0 0 0 j327
314 290 357 340 333 301 226 194 308 269 312 253 297 300 302 285 258 293 26 67 0 0 7 56 114 163 49 71 28 104 43 57 55 55 82 64 a53
637 638 527 615 582 638 624 621 442 534 495 599 452 515 604 560 531 487 1 0 111 23 56 0 14 17 196 104 143 39 186 123 34 78 107 151 o148
239 238 236 208 216 240 238 143 158 152 169 206 212 185 237 237 229 208 1 2 4 32 24 0 17 112 97 103 86 49 28 55 3 3 11 32 jt468
599 593 599 597 521 597 454 472 435 460 474 473 600 563 549 600 600 600 1 7 1 3 79 3 122 104 141 116 102 103 0 37 51 0 0 0 ad205
454 441 406 407 455 455 324 435 407 358 368 406 359 353 359 356 403 356 1 14 62 48 0 0 166 55 97 132 122 84 96 102 109 99 52 99 o79
935 962 814 780 923 962 744 876 701 780 709 829 705 732 808 716 791 744 1 0 148 156 13 0 156 49 224 120 191 96 231 230 154 220 145 218 o245
415 377 419 414 357 424 367 246 248 234 247 321 391 414 389 416 403 394 1 55 13 2 59 8 49 186 184 182 169 111 25 18 43 0 13 38 ad102
799 800 800 761 754 800 721 707 757 780 624 701 639 596 633 674 625 682 1 0 0 19 46 0 79 93 43 0 176 99 161 204 167 106 175 118 n399
559 560 544 560 471 544 422 438 351 448 349 306 509 390 444 458 469 489 1 0 0 0 89 16 103 87 159 77 176 219 51 170 100 102 91 71 n285
460 506 401 410 484 506 346 337 310 263 378 404 399 430 493 482 479 487 24 0 105 74 0 0 138 169 196 221 106 102 85 76 13 2 5 19 jt348
601 661 713 687 691 709 444 478 551 494 515 531 592 713 713 713 713 713 112 52 0 26 22 4 238 204 131 188 167 151 121 0 0 0 0 0 j132
699 799 777 782 787 743 739 702 668 620 733 632 735 692 663 639 741 642 83 0 5 0 12 39 89 144 160 208 113 196 47 107 119 143 58 140 f335
783 680 804 793 782 805 711 595 711 617 728 705 547 614 607 592 652 589 22 102 1 12 0 0 129 221 129 223 88 135 258 168 198 213 130 216 o488
388 343 373 342 356 397 319 275 316 336 306 350 344 410 400 425 425 425 37 82 27 83 69 28 89 133 68 72 102 58 81 15 0 0 0 0 jd402
245 287 286 286 288 286 283 232 202 205 247 238 234 212 241 205 253 237 41 12 0 0 11 0 25 90 106 103 75 70 52 87 45 81 46 49 j229
233 234 234 247 228 234 170 149 179 180 170 149 204 192 171 170 161 222 1 0 0 0 6 0 46 67 37 48 46 67 30 42 63 77 73 12 md287
878 789 924 924 914 924 823 765 828 928 799 878 773 782 764 837 784 809 46 135 0 0 10 0 143 201 138 38 167 88 151 142 160 87 140 115 s167
898 937 962 944 988 962 769 743 783 746 829 724 812 988 962 962 988 962 64 51 0 18 0 0 193 245 179 216 159 238 150 0 0 0 0 0 j116
282 261 280 284 275 297 215 281 191 208 179 191 342 350 353 364 303 337 82 89 84 80 75 67 123 44 147 130 146 147 22 0 11 0 47 27 m338
677 649 687 652 614 597 597 574 634 619 651 603 654 720 754 754 754 754 77 105 67 102 140 157 131 154 94 109 77 125 100 34 0 0 0 0 j469
595 480 580 609 475 578 491 420 344 392 432 455 598 567 457 609 609 609 14 129 0 0 134 31 97 168 216 196 156 133 11 42 123 0 0 0 ad147
399 400 336 359 400 400 298 316 306 283 291 278 312 352 291 288 335 341 1 0 48 41 0 0 77 59 54 92 84 97 88 48 93 112 65 59 o464
684 733 759 759 728 759 604 423 523 462 510 440 585 725 749 757 721 753 75 3 0 0 8 0 155 313 236 297 226 319 174 11 10 2 15 6 j209
697 811 688 772 792 814 676 693 677 701 700 766 648 618 651 695 651 661 95 3 126 20 0 0 152 158 174 127 128 85 144 196 163 97 141 153 o186
459 504 504 522 504 504 431 470 456 450 428 417 409 434 467 475 452 410 45 0 0 0 0 0 101 62 76 101 104 115 95 70 37 47 52 94 jd328
352 309 321 343 362 311 282 258 250 298 264 308 400 379 384 400 357 400 48 91 63 57 38 89 118 142 134 102 136 92 0 21 0 0 43 0 m198
278 215 275 300 285 300 296 236 285 276 220 268 255 226 264 256 219 223 22 70 25 0 0 0 24 68 35 44 84 52 45 59 36 44 66 77 jd299
549 658 690 667 623 667 561 443 473 492 486 456 622 667 690 667 630 667 118 9 0 0 44 0 106 224 217 175 181 211 45 0 0 0 37 0 m31
851 845 883 653 876 928 784 635 723 589 665 737 804 829 928 928 960 928 77 115 45 275 84 0 173 355 234 368 325 220 124 131 0 0 0 0 jt164
430 518 518 517 516 518 480 474 448 512 512 456 465 393 429 370 427 411 88 0 0 1 2 0 75 81 107 43 43 99 53 125 89 148 91 107 f312
1373 1415 1452 1410 1263 1452 1162 1104 1189 1261 1040 1148 1445 1225 1447 1429 1381 1420 79 4 0 42 156 0 290 315 263 191 379 304 7 194 5 23 38 32 d478
252 286 299 288 286 299 219 175 147 203 220 230 270 187 204 235 222 229 47 0 0 11 0 0 57 89 129 73 44 46 29 99 95 64 64 70 f55
735 726 710 646 622 736 530 506 554 540 544 542 652 594 554 603 625 659 1 10 26 74 114 0 206 230 182 180 192 194 84 142 182 117 111 77 n190
449 401 409 450 441 450 450 247 357 376 388 380 386 372 345 353 334 367 1 49 41 0 9 0 0 203 93 74 62 70 64 78 105 97 116 83 md452
399 506 513 506 513 513 450 397 476 450 441 398 424 513 513 507 513 491 114 7 0 7 0 0 90 143 64 90 99 142 89 0 0 6 0 22 jd52
511 540 539 497 488 425 374 374 377 354 412 472 497 442 491 466 471 496 9 0 1 23 32 115 120 139 136 140 82 41 23 98 49 54 49 44 md170
476 544 544 544 507 544 412 534 473 503 447 496 447 443 469 412 432 490 68 0 0 0 37 0 164 42 103 73 129 80 97 101 75 132 112 54 n417
268 299 275 322 300 282 239 260 216 272 228 239 350 350 330 350 320 350 82 51 61 28 50 68 86 65 96 53 97 86 0 0 6 0 30 0 m307
424 426 409 429 405 389 311 258 252 345 232 356 374 395 407 409 356 395 5 3 7 0 24 40 151 204 196 117 230 106 55 34 9 20 73 34 n174
524 466 422 525 523 436 494 385 267 391 408 377 458 461 398 371 402 397 1 59 82 0 2 89 31 140 237 134 117 148 67 64 106 154 123 128 a97
355 357 368 368 286 340 270 257 219 221 226 275 350 353 305 352 349 348 13 11 0 0 82 28 98 111 149 147 142 93 18 15 63 16 19 20 ad255
449 475 415 415 450 475 400 407 412 398 403 406 413 415 475 450 450 475 1 0 60 35 0 0 68 87 82 70 65 88 37 60 0 0 0 0 jt107
240 268 266 243 278 254 168 143 168 200 227 141 238 248 170 190 190 224 26 12 0 23 2 12 79 117 79 47 33 106 28 32 96 76 90 42 md326
753 783 783 681 509 783 566 635 536 535 475 540 564 757 783 754 754 783 1 0 0 73 245 0 162 121 220 193 253 216 190 26 0 0 0 0 jt439
569 550 578 580 575 572 559 534 481 483 497 516 625 600 547 625 600 625 56 50 47 45 25 53 66 66 144 142 103 109 0 0 78 0 0 0 md203
1389 1488 1474 1485 1463 1485 1171 1316 1267 1303 1201 1221 1378 1551 1551 1518 1518 1551 129 63 77 33 55 66 393 282 331 261 363 377 140 0 0 0 0 0 j197
501 606 600 615 569 593 538 473 510 520 396 469 509 479 513 524 482 526 114 9 30 0 46 22 118 183 162 136 260 187 106 136 117 91 133 89 s410
351 368 368 352 327 364 220 241 302 247 284 213 288 331 297 305 314 309 1 0 0 0 25 4 110 104 43 83 46 132 64 37 71 47 38 59 md63
197 186 177 198 151 198 193 105 135 146 154 120 158 174 151 130 113 146 1 1 21 0 36 0 23 99 81 70 50 96 40 13 47 68 74 52 md497
187 218 228 240 224 228 196 149 140 178 214 151 217 211 174 176 167 152 53 10 0 0 16 0 44 79 88 62 26 77 23 17 54 64 73 76 md40
613 627 646 608 627 627 473 432 518 467 513 414 534 627 646 627 627 627 14 0 0 19 0 0 187 228 162 193 147 246 93 0 0 0 0 0 j321
148 145 130 139 156 133 108 84 77 96 95 81 165 165 165 165 148 165 17 20 35 26 9 32 42 66 73 54 55 69 0 0 0 0 17 0 m384
749 708 644 750 764 750 720 590 441 553 691 579 683 720 646 675 641 636 1 67 106 0 11 0 0 154 279 167 53 141 67 55 104 75 134 114 a101
566 495 521 376 509 567 482 333 396 327 359 369 483 429 567 567 540 567 1 45 46 191 31 0 64 187 150 219 161 177 84 111 0 0 0 0 jt364
1363 1440 1464 1397 1271 1449 1137 1246 1230 1280 1294 1080 1464 1294 1464 1464 1440 1464 101 0 0 67 169 15 388 254 295 245 206 445 0 146 0 0 0 0 d461
647 648 584 596 648 648 516 574 455 478 433 532 529 486 502 481 533 519 1 0 64 34 0 0 96 38 157 117 179 80 119 162 146 149 115 129 o369
433 436 416 456 445 486 352 314 349 332 278 378 352 373 395 415 404 354 35 50 70 12 23 0 90 145 110 110 164 81 116 113 91 53 64 132 s296
645 523 663 646 646 663 543 513 566 535 499 536 553 511 543 534 521 583 1 140 0 0 0 0 103 150 97 111 147 127 93 152 120 112 125 80 s361
354 362 319 316 322 318 290 258 220 307 235 261 366 360 327 368 317 368 14 6 33 52 46 50 101 133 154 84 156 130 2 8 25 0 51 0 m351
463 570 525 570 589 570 486 466 384 414 468 428 528 584 519 565 523 446 107 19 45 0 0 0 114 154 216 186 152 172 42 5 51 5 66 124 d155
492 551 532 508 532 505 372 365 344 355 346 395 432 488 504 445 533 456 40 0 0 24 19 27 132 157 160 149 176 109 100 63 28 87 18 76 md408
927 928 845 903 928 928 870 938 839 817 944 946 721 732 763 713 741 728 1 0 83 25 0 0 90 22 121 143 16 14 207 196 165 215 187 200 o455
395 396 380 396 347 356 300 299 261 341 268 327 325 262 234 270 277 331 1 0 16 0 49 40 74 75 113 33 106 47 71 134 162 126 119 65 a146
487 458 560 560 529 560 552 501 506 487 386 513 509 482 469 522 477 483 73 86 0 0 15 0 43 77 89 108 192 82 51 62 91 38 67 77 jd117
852 1062 1034 865 1052 1021 814 783 860 702 852 887 951 1088 1054 1054 1088 1054 202 26 20 189 36 33 209 273 163 321 204 136 103 0 0 0 0 0 jd197
1428 1450 1452 1412 1313 1452 1190 1330 1332 1186 945 1225 1350 1208 1244 1377 1344 1334 24 2 0 7 139 0 262 122 120 233 507 227 102 244 208 42 108 118 d226
1328 1480 1480 1517 1471 1480 1122 1199 1138 1253 1274 1173 1216 1398 1457 1386 1411 1330 152 0 0 0 9 0 318 241 302 223 166 267 264 82 23 131 69 150 f347
572 568 578 586 482 571 474 420 520 485 423 492 490 562 600 600 575 600 28 7 22 14 93 29 150 178 104 139 175 132 110 13 0 0 0 0 jd151
1367 1368 1368 1368 1199 1368 1187 1243 1185 1218 1061 1025 1277 1009 1154 1181 1126 1219 1 0 0 0 169 0 238 182 240 207 364 400 91 359 214 187 242 149 n164
815 804 789 816 775 816 685 649 557 670 632 680 674 726 816 774 748 676 1 12 27 0 41 0 131 167 259 146 184 136 142 90 0 42 68 140 n65
532 540 601 637 596 589 551 437 521 513 553 567 514 583 616 644 616 616 84 76 15 7 20 27 87 201 117 154 85 71 102 33 0 0 0 0 j16
293 294 305 287 285 290 230 203 220 192 212 200 239 254 245 205 215 270 1 0 3 7 9 4 64 91 88 102 82 94 55 40 63 89 79 24 md112
278 257 285 250 250 244 205 126 169 161 166 203 249 251 280 285 300 285 7 43 0 35 50 41 80 174 116 124 134 82 36 49 5 0 0 0 jd497
579 580 608 627 608 608 481 456 512 542 577 493 530 509 457 508 443 494 29 28 0 0 0 0 127 152 96 85 31 115 78 99 151 119 165 114 a436
652 722 674 719 792 768 512 623 623 632 630 768 752 792 768 768 792 767 116 70 94 49 0 0 256 169 145 136 162 0 16 0 0 0 0 1 f380
637 660 589 579 660 638 573 572 436 516 567 532 396 466 441 418 471 443 1 0 49 59 0 0 36 58 173 93 63 77 242 194 197 220 189 195 o182
486 478 494 509 508 513 360 268 330 322 365 351 436 509 494 513 513 513 27 35 0 4 5 0 126 218 138 164 121 135 77 4 0 0 0 0 j314
623 593 600 520 495 624 527 464 471 449 352 476 586 449 528 513 553 516 1 31 24 104 129 0 73 136 129 151 248 124 38 175 96 111 71 108 jt415
378 392 392 401 363 349 267 234 208 238 220 240 385 385 365 400 361 388 14 0 0 5 29 43 97 130 156 139 144 124 7 7 27 6 31 4 m255
322 236 259 323 323 246 285 170 210 263 295 204 252 277 248 287 237 255 1 87 64 0 0 77 57 172 132 79 47 138 71 46 75 36 86 68 a15
367 404 399 310 406 338 324 274 289 283 302 328 373 377 408 391 408 408 41 4 9 81 2 70 84 134 119 108 106 80 35 31 0 0 0 0 jd342
778 771 747 792 745 748 514 685 672 650 692 691 731 918 891 891 918 891 113 147 144 99 173 143 344 199 186 208 192 167 160 0 0 0 0 0 j131
1007 970 1008 1008 882 1008 885 811 972 951 837 943 937 908 907 937 961 882 1 38 0 0 126 0 165 239 78 99 213 107 71 100 101 71 47 126 s113
753 788 810 810 667 798 627 555 630 655 560 612 810 726 750 810 792 810 57 4 0 0 125 12 228 281 225 200 276 243 0 66 60 0 0 0 d305
1615 1723 1752 1791 1815 1815 1795 1794 1759 1751 1650 1651 1620 1575 1666 1670 1378 1673 200 92 118 24 0 0 20 21 111 64 165 164 195 240 204 145 437 142 jt213
347 336 335 352 352 254 350 272 279 323 335 231 313 231 239 282 273 298 5 16 17 0 0 98 18 96 89 45 33 137 39 121 113 70 79 54 a230
284 300 278 277 295 281 193 248 279 254 236 247 239 300 300 315 300 300 16 0 22 38 5 19 127 72 41 82 84 73 61 0 0 0 0 0 jt82
1022 1005 1155 1155 962 1068 945 881 884 873 817 890 1063 1136 1155 1155 1155 1155 133 150 0 0 193 87 175 239 236 247 303 230 92 19 0 0 0 0 jd7
391 392 392 378 379 357 269 251 320 249 321 270 380 332 298 249 284 312 1 0 0 0 13 35 95 113 44 102 43 94 12 60 94 129 108 80 md346
700 616 756 722 738 738 609 511 634 561 535 492 555 545 574 568 549 701 38 122 0 16 0 0 88 186 80 136 162 205 183 193 182 170 189 37 s191
475 437 474 459 476 476 412 391 444 444 353 368 371 368 402 308 356 375 1 39 2 0 0 0 92 113 60 42 151 136 105 108 74 151 120 101 s396
285 273 286 286 250 286 261 212 188 204 207 207 261 207 256 224 213 240 1 0 0 0 23 0 47 82 120 104 87 101 25 66 30 62 60 46 md453
329 316 338 326 277 315 284 262 290 313 308 303 301 328 357 357 378 357 28 62 19 31 101 42 56 98 50 27 52 37 56 50 0 0 0 0 jd257
645 584 665 605 628 665 602 521 629 531 574 623 516 546 526 543 552 542 1 81 0 41 18 0 44 144 36 115 72 42 130 119 139 103 94 123 s81
647 557 595 648 530 621 549 429 471 454 376 390 583 474 597 632 609 602 1 64 26 0 118 0 75 169 127 170 248 208 65 147 24 16 39 19 jd415
644 614 642 645 589 645 548 463 478 617 455 521 578 544 604 509 546 542 1 31 3 0 56 0 97 182 167 28 190 124 67 101 41 136 99 103 n438
606 627 584 615 595 627 451 392 383 407 424 475 526 539 547 530 561 531 21 0 43 12 32 0 143 202 211 187 170 119 101 88 80 97 66 96 n89
410 424 460 445 463 464 409 393 368 397 339 431 413 362 392 371 360 388 54 40 20 19 1 0 84 100 142 96 154 62 51 102 88 93 104 76 o10
227 195 173 223 173 184 216 211 168 188 181 221 260 260 260 273 237 260 33 65 87 50 87 76 64 69 112 106 99 59 0 0 0 0 23 0 m237
297 311 316 307 327 348 249 263 235 231 220 254 320 321 303 301 303 305 51 37 32 41 21 0 70 56 84 88 99 65 28 27 45 47 45 43 f360
530 491 571 550 566 538 551 494 488 507 489 489 646 627 646 646 596 646 116 136 75 96 61 108 61 100 124 105 105 123 0 0 0 0 31 0 m197
749 714 704 674 739 725 633 549 519 614 628 679 651 513 524 506 462 523 1 11 21 76 11 0 87 147 177 106 92 17 99 212 201 244 288 202 s473
735 630 632 664 759 736 620 636 726 604 745 668 622 570 568 584 666 602 1 129 104 72 0 0 148 156 42 164 47 100 114 189 168 152 93 134 o393
987 817 929 988 934 901 850 840 762 899 779 943 900 805 807 804 809 836 1 145 59 0 28 87 176 159 264 127 220 83 88 157 181 184 153 152 a267
373 391 373 316 359 374 340 384 355 249 339 318 300 339 309 286 316 265 1 0 1 58 32 0 56 30 41 147 75 78 74 52 65 88 75 109 jt22
475 451 367 447 462 476 301 388 339 353 368 308 347 349 342 336 349 405 1 11 109 29 0 0 141 41 103 89 61 134 129 113 134 140 113 71 o305
356 351 325 318 371 343 370 397 360 338 341 339 459 442 459 459 380 456 103 91 134 141 71 116 116 71 126 148 127 147 0 0 0 0 62 3 m356
804 884 910 905 876 910 696 738 762 693 767 724 837 884 910 910 884 910 106 0 0 5 8 0 249 180 183 252 151 221 73 0 0 0 0 0 f440
494 560 461 564 561 560 470 462 493 564 387 439 436 443 417 435 461 450 82 0 99 12 15 0 106 98 67 12 189 121 140 117 143 141 115 110 o133
803 812 776 610 812 801 630 700 700 623 714 610 746 730 784 812 812 812 9 0 8 202 0 11 182 112 84 189 98 202 66 82 0 0 0 0 jt403
688 681 691 648 555 671 687 628 650 646 632 653 634 706 744 713 744 744 56 63 53 65 189 73 57 116 94 67 112 91 110 38 0 0 0 0 jd86
979 980 980 981 817 950 746 817 619 792 703 784 980 882 860 1015 980 980 1 0 0 34 163 30 234 163 361 223 277 196 0 98 120 0 0 0 ad449
262 252 252 259 235 189 197 166 173 150 131 195 239 225 228 248 217 252 2 0 0 5 29 63 67 86 79 114 133 57 25 27 24 16 47 0 m383
275 296 300 311 295 292 285 251 222 230 197 250 255 256 253 302 267 246 25 4 0 4 5 8 35 69 98 106 123 70 45 44 47 13 33 54 jd252
453 425 421 441 406 390 378 438 456 424 487 438 449 540 540 540 540 540 87 115 119 99 134 150 189 129 111 143 80 129 91 0 0 0 0 0 j281
583 685 684 678 702 684 515 457 515 462 484 431 546 700 684 656 702 684 101 17 0 6 0 0 169 245 169 222 218 253 138 2 0 28 0 0 j352
424 391 419 425 401 372 409 285 304 264 330 315 389 416 425 425 425 425 1 34 6 0 24 53 41 165 146 186 120 135 36 9 0 0 0 0 md89
195 181 238 238 238 238 133 126 176 193 216 199 207 231 173 191 158 203 43 57 0 0 0 0 91 98 48 31 8 25 31 7 65 47 80 35 m418
889 951 935 936 821 885 712 641 794 784 686 715 855 857 865 878 838 834 47 3 19 0 115 69 224 313 160 152 250 239 81 97 89 58 98 120 n335
564 652 660 638 656 660 522 486 427 459 505 436 660 660 660 638 660 658 96 8 0 0 4 0 138 174 233 179 155 224 0 0 0 0 0 2 f228
311 287 302 301 276 295 219 184 215 245 197 280 245 257 279 263 284 250 1 13 10 11 24 17 67 91 71 41 78 6 67 43 33 49 16 62 a492
728 756 729 720 651 729 526 616 533 569 640 512 729 681 634 729 756 729 1 0 0 9 105 0 176 112 169 133 88 190 0 75 95 0 0 0 ad467
307 422 437 407 414 437 279 319 296 267 301 315 414 437 437 414 356 437 107 15 0 7 0 0 117 99 122 129 95 103 0 0 0 0 58 0 m395
498 468 494 513 503 513 450 441 474 451 452 468 437 440 399 431 395 413 15 45 0 0 10 0 90 99 46 89 88 72 76 73 95 82 118 100 md60
353 420 435 435 409 435 350 376 404 334 367 402 361 304 289 342 334 355 82 0 0 0 11 0 114 72 60 130 81 62 74 116 146 93 86 80 f366
1264 1260 1295 1233 1184 1295 1143 1119 1156 1089 1049 1024 1077 1260 1295 1295 1260 1295 31 0 0 62 76 0 189 177 176 243 247 308 218 0 0 0 0 0 jd51
473 483 504 483 483 483 366 291 361 336 361 340 404 483 504 483 483 483 10 0 0 0 0 0 94 169 119 124 99 120 79 0 0 0 0 0 j159
1673 1753 1692 1712 1668 1787 1444 1671 1399 1554 1459 1379 1606 1950 1883 1920 1890 1920 247 197 228 208 282 133 476 279 521 366 491 541 314 0 37 0 60 0 d24
322 314 385 387 391 391 335 240 302 310 312 311 347 294 311 273 328 313 69 77 6 4 0 0 33 128 66 58 56 57 44 97 80 118 63 78 j299
307 308 308 274 288 259 230 225 200 187 218 271 274 283 292 238 288 280 1 0 0 20 20 49 78 83 108 107 90 37 34 25 16 56 20 28 md475
408 456 456 454 416 456 329 315 233 244 200 304 412 401 337 437 426 403 48 0 0 2 40 0 103 117 199 188 232 128 44 55 119 19 30 53 ad326
1967 1940 1742 1915 1968 1968 1817 1707 1639 1474 1579 1755 1818 1947 1757 1683 1788 1965 1 28 226 12 0 0 103 213 281 406 341 165 150 21 211 244 180 3 m349
1007 1147 1117 1149 1139 1163 968 878 1051 886 916 918 972 1147 1178 1129 1147 1178 171 0 61 29 8 15 210 269 127 292 231 260 206 0 0 49 0 0 j262
653 689 700 725 586 698 493 464 404 527 500 506 725 687 621 725 725 725 72 36 0 0 139 27 203 232 268 169 196 190 0 38 79 0 0 0 d378
455 480 437 464 446 480 397 417 339 393 389 419 395 413 389 342 350 387 25 0 43 0 34 0 113 93 171 100 121 91 85 67 91 122 130 93 s317
463 398 444 419 384 483 370 323 235 331 348 306 483 483 374 483 483 483 20 85 16 64 99 0 113 160 225 152 135 177 0 0 86 0 0 0 ad73
445 398 480 480 480 480 323 312 338 334 285 321 478 469 463 480 398 480 35 82 0 0 0 0 133 144 118 122 171 135 2 11 17 0 82 0 m207
1327 1448 1452 1393 1450 1421 970 1119 948 1029 1162 1095 1452 1238 1452 1483 1452 1452 125 4 0 92 2 31 482 333 504 456 290 357 0 214 0 2 0 0 d126
363 364 364 340 346 364 258 269 261 248 208 253 334 251 257 304 269 311 1 0 0 24 18 0 106 95 103 116 156 111 30 113 107 60 95 53 n110
383 478 460 460 480 460 337 375 375 347 390 350 421 406 401 428 430 416 77 2 0 0 0 0 123 105 85 113 90 110 39 74 59 32 50 44 ad252
177 177 189 200 204 199 185 162 134 124 160 132 204 204 192 204 202 204 27 27 3 4 0 5 36 59 74 97 61 89 0 0 0 0 2 0 m259
387 407 420 385 418 437 304 335 328 262 302 305 361 394 411 405 349 345 50 11 17 52 0 0 110 61 86 152 94 109 76 24 26 32 69 92 jt341
446 467 462 460 440 462 441 233 313 337 281 367 362 358 353 380 366 364 16 9 0 2 36 0 21 243 149 125 195 95 100 118 109 82 110 98 n366
470 540 520 520 485 520 352 444 362 370 301 386 520 515 438 520 540 505 50 0 0 0 55 0 194 123 184 176 266 160 0 25 82 0 0 15 d405
399 473 523 552 549 421 385 361 472 513 483 372 549 546 522 521 507 472 153 79 29 0 3 131 190 214 103 62 92 203 3 6 30 31 45 80 a167
790 800 756 804 800 825 628 685 637 697 659 662 708 659 609 625 700 754 35 0 69 21 0 0 164 83 155 95 109 130 117 141 216 200 100 71 o43
444 468 481 481 437 481 346 330 319 410 330 342 459 438 434 417 415 469 37 0 0 0 31 0 135 138 162 71 138 139 22 30 47 64 53 12 n310
609 630 622 615 600 630 498 521 502 454 463 462 561 531 521 552 488 548 21 0 8 0 30 0 174 151 170 202 209 210 69 99 109 63 142 82 n100
594 672 672 672 668 672 500 518 481 484 481 551 598 636 650 630 650 663 78 0 0 0 4 0 204 186 223 220 223 153 74 36 22 42 22 9 f173
538 608 608 589 568 608 445 404 363 414 377 414 508 505 497 490 439 548 70 0 0 0 40 0 131 172 213 144 199 162 100 103 111 99 169 60 d46
624 477 625 572 515 625 559 349 473 321 371 413 557 500 576 598 567 576 1 123 0 53 85 0 41 227 127 279 205 187 68 100 49 27 33 49 jt154
417 415 470 504 481 465 414 412 330 418 315 432 500 475 398 425 395 436 93 95 40 23 29 45 66 68 150 78 165 48 10 35 112 102 115 74 md197
400 446 450 473 437 420 308 271 297 363 344 377 480 446 441 496 480 480 80 34 30 23 43 60 202 239 213 164 166 133 0 34 39 0 0 0 d174
335 379 366 372 363 372 263 208 191 199 204 251 358 300 320 344 326 302 37 5 6 0 21 0 78 144 150 142 148 90 14 84 52 28 58 70 n314
1462 1536 1610 1510 1570 1610 1229 1214 1259 1265 1302 1417 1609 1524 1316 1436 1503 1552 148 74 0 65 40 0 335 350 305 265 262 147 1 86 294 139 107 58 d463
282 278 283 277 283 282 255 207 213 213 215 202 243 285 285 300 300 285 18 7 2 23 17 3 45 78 72 87 85 83 57 0 0 0 0 0 jd45
571 572 572 516 428 539 370 386 267 353 389 321 572 484 504 569 572 567 1 0 0 56 144 33 180 164 283 197 161 229 0 88 68 3 0 5 ad182
364 337 380 380 360 380 296 270 273 327 295 300 358 345 345 317 325 328 16 23 0 0 0 0 84 90 107 53 65 80 22 15 35 63 35 52 jt360
496 490 509 329 504 501 360 382 375 292 318 337 402 488 528 504 504 504 8 14 19 175 0 3 144 122 153 212 186 167 102 16 0 0 0 0 jt363
161 144 149 125 159 158 104 103 110 60 117 138 137 133 125 154 153 131 4 21 5 40 6 7 61 62 44 105 48 27 28 32 29 11 12 34 a225
687 728 700 583 660 700 473 559 504 496 474 518 602 623 700 700 728 700 13 0 0 117 68 0 202 143 171 179 228 157 98 105 0 0 0 0 jd439
529 588 552 535 556 567 404 362 399 410 404 371 567 543 515 567 588 567 38 0 15 32 32 0 163 226 168 157 184 196 0 45 52 0 0 0 d129
718 868 936 912 898 936 803 719 817 728 717 750 771 765 874 789 776 819 194 68 0 0 14 0 71 178 80 146 157 147 141 171 62 123 136 117 j286
1994 1989 1927 2028 1989 2028 1788 1929 1908 2028 1945 2028 1888 1892 1779 1851 1857 1808 34 0 101 0 0 0 240 60 120 0 44 0 140 97 249 177 132 220 s94
387 390 374 326 269 325 294 279 277 280 260 243 326 382 369 406 355 385 5 2 18 80 123 67 126 141 143 155 160 177 66 10 23 0 37 7 m157
602 587 624 624 596 624 511 402 488 432 455 461 520 568 624 624 600 624 22 13 0 0 4 0 113 198 136 192 145 163 104 32 0 0 0 0 j129
624 680 680 680 629 672 441 528 471 529 392 429 680 634 612 680 680 680 56 0 0 0 51 8 273 186 243 185 322 285 0 46 68 0 0 0 d264
322 295 338 308 324 354 385 314 261 234 272 271 408 391 408 408 334 402 86 96 70 100 67 54 47 100 171 198 142 161 0 0 0 0 57 6 m329
599 624 600 600 521 545 461 476 437 492 465 480 600 554 509 600 624 600 1 0 0 0 103 55 164 174 188 133 185 145 0 70 91 0 0 0 ad188
587 588 575 503 588 588 483 519 448 442 522 556 430 420 386 449 478 457 1 0 13 85 0 0 105 69 140 146 66 32 158 168 202 139 110 131 o3
637 614 502 579 638 638 479 421 454 459 433 412 537 539 515 517 545 538 1 24 136 59 0 0 130 188 155 150 176 197 101 99 123 121 93 100 o276
649 599 650 636 522 650 633 522 484 509 499 525 603 528 650 650 625 650 1 26 0 14 103 0 43 128 192 167 151 151 47 97 0 0 0 0 jd89
441 422 439 455 381 442 398 306 170 364 272 344 371 358 378 377 376 362 1 20 3 0 61 0 78 170 306 126 204 132 71 84 64 78 66 80 n457
621 656 690 690 690 686 621 456 476 497 512 471 690 690 690 690 670 690 69 34 0 0 0 4 39 204 184 163 148 189 0 0 0 0 20 0 m160
336 416 435 435 398 404 300 291 239 284 283 297 390 363 371 322 383 390 99 19 0 0 37 31 135 144 196 151 152 138 45 72 64 113 52 45 j446
619 602 570 586 553 620 501 490 426 441 413 508 518 429 419 464 410 464 1 18 50 34 67 0 88 99 163 148 176 81 102 191 201 156 210 156 s103
1051 1100 1125 1084 1099 1125 908 919 939 961 870 1007 912 894 836 910 899 871 74 0 0 41 1 0 262 225 231 209 274 163 213 206 289 215 201 254 n9
531 518 532 510 546 532 435 478 451 478 466 472 395 483 532 479 509 450 1 28 0 22 0 0 135 107 119 92 119 98 137 63 0 53 37 82 o52
779 769 792 701 792 792 511 580 596 522 639 615 719 628 711 722 732 711 13 23 0 91 0 0 248 179 163 237 120 144 73 164 81 70 60 81 d330
435 404 432 442 395 442 310 306 400 355 322 308 428 358 333 380 369 384 7 38 10 0 47 0 166 170 76 121 154 168 14 84 109 62 73 58 s168
539 558 540 528 558 540 415 449 497 433 416 441 445 422 402 376 453 384 1 0 0 12 0 0 95 78 13 77 111 69 95 136 138 164 105 156 j445
1502 1504 1504 1504 1484 1418 1405 1264 1351 1215 1259 1239 1494 1206 1327 1401 1487 1504 2 0 0 0 20 86 146 287 200 336 292 312 10 298 177 103 17 0 md163
599 600 554 583 600 600 452 589 494 501 510 566 445 460 475 467 529 476 1 0 46 37 0 0 148 11 106 119 90 34 155 140 125 153 71 124 o111
647 621 621 597 530 621 529 493 458 419 427 412 467 605 574 638 596 612 1 0 0 51 118 0 119 128 163 229 221 209 181 16 47 10 52 9 jd209
896 706 909 866 909 803 980 683 840 869 898 888 952 754 952 952 952 952 56 246 43 86 43 149 0 297 140 111 82 92 0 198 0 0 0 0 j419
618 593 633 493 638 672 587 446 494 403 446 450 569 611 672 672 700 672 54 107 39 179 62 0 61 229 154 245 229 198 103 89 0 0 0 0 jt221
359 375 360 360 368 354 311 300 275 251 280 265 317 303 315 275 312 309 1 0 0 0 7 6 25 50 61 85 70 71 43 72 45 85 63 51 md48
550 681 702 666 720 702 585 443 500 518 497 576 659 618 647 702 720 690 152 39 0 36 0 0 156 317 241 223 263 165 43 102 55 0 0 12 d412
780 838 913 857 806 867 758 736 707 802 672 764 769 899 930 930 899 930 150 61 17 73 93 63 172 163 223 128 227 166 161 0 0 0 0 0 jd487
350 338 351 351 328 351 299 268 290 264 338 220 351 304 284 228 254 288 1 0 0 0 10 0 79 96 88 114 26 158 0 34 67 123 84 63 md79
393 375 419 412 432 420 339 360 385 378 392 408 430 480 480 480 480 480 87 105 61 68 48 60 141 120 95 102 88 72 50 0 0 0 0 0 j434
321 271 322 290 302 322 237 205 231 189 251 228 308 292 322 296 306 287 1 65 0 32 34 0 85 131 91 133 85 94 14 44 0 26 30 35 jt314
709 832 832 846 681 832 598 561 565 663 608 566 832 665 832 858 832 832 123 0 0 12 151 0 202 239 235 162 192 234 0 167 0 0 0 0 ad447
959 948 894 880 980 960 830 964 809 843 892 885 704 760 683 775 766 751 1 32 66 80 0 0 178 65 199 165 137 123 256 220 277 185 214 209 o454
321 322 308 306 299 296 276 217 223 264 237 250 310 289 253 216 237 307 1 0 0 16 23 26 69 128 107 81 108 95 12 33 55 106 85 15 md191
719 665 720 720 676 720 627 543 642 706 510 592 603 589 525 570 631 622 1 73 0 0 62 0 93 195 78 14 228 128 117 149 195 150 107 98 s433
531 667 644 644 667 644 380 436 391 369 442 385 578 667 641 631 667 642 113 0 0 0 0 0 236 202 225 247 196 231 66 0 3 13 0 2 f427
719 702 720 720 621 720 596 561 555 595 453 596 649 509 559 583 599 577 1 0 0 0 81 0 84 102 125 85 210 84 71 193 161 137 103 143 n39
648 717 720 720 720 720 568 568 529 543 642 604 622 720 720 720 720 713 72 3 0 0 0 0 182 182 221 207 108 146 98 0 0 0 0 7 f414
603 644 616 486 644 616 424 412 480 409 440 480 488 644 616 616 644 616 13 0 0 130 0 0 170 209 114 185 181 114 128 0 0 0 0 0 jd437
747 768 821 825 833 850 742 563 605 631 553 666 848 726 703 640 627 688 103 82 29 0 17 0 74 253 211 161 263 150 2 124 147 185 223 162 md370
391 357 384 410 405 373 332 366 417 404 416 409 384 462 462 484 484 462 93 105 78 74 79 89 152 96 45 80 68 53 100 0 0 0 0 0 j110
895 910 936 886 863 936 708 616 634 696 592 673 907 841 870 936 896 936 41 0 0 50 47 0 192 259 266 204 283 227 29 69 66 0 14 0 d271
974 950 975 975 832 975 950 895 818 926 828 918 810 778 870 901 819 864 1 0 0 0 118 0 64 93 196 88 160 96 165 172 105 74 131 111 n90
1151 1170 1152 1133 1064 1152 965 963 1015 1034 963 965 988 945 963 947 1003 900 1 0 0 19 106 0 187 207 137 118 207 187 164 225 189 205 167 252 n268
372 345 358 360 375 376 254 290 329 307 313 320 362 406 406 406 406 406 34 61 48 46 31 30 152 116 77 99 93 86 44 0 0 0 0 0 j492
416 417 391 399 333 385 301 337 299 291 276 354 393 349 386 356 363 372 4 3 29 21 87 35 154 118 156 164 179 101 27 71 34 64 57 48 n80
1972 1905 1934 1884 1775 1962 1843 1930 1956 2006 1981 1945 2071 2056 2052 2102 2106 2106 134 201 118 222 331 144 224 137 58 61 86 122 35 50 0 4 0 0 jt448
1107 1200 1225 1225 1188 1225 1013 1075 998 1020 1089 992 1031 1066 994 959 1049 1048 118 0 0 0 12 0 212 125 227 205 111 233 194 134 231 266 151 177 f58
1076 987 1075 1080 1016 1057 861 821 828 834 849 747 957 890 973 1004 875 870 4 93 5 0 64 23 165 205 198 192 177 279 123 190 107 76 205 210 s335
637 638 638 638 629 638 655 663 601 600 632 605 545 479 493 512 501 513 1 0 0 0 9 0 12 4 66 67 35 62 93 159 145 126 137 125 md376
360 352 264 361 361 361 323 245 274 345 369 330 265 314 244 224 252 298 1 9 97 0 0 0 57 135 106 35 11 50 96 47 117 137 109 63 md412
711 710 736 692 654 736 662 693 746 652 627 708 647 581 621 616 589 549 25 26 0 44 82 0 106 75 22 116 141 60 89 155 115 120 147 187 jt54
369 378 346 378 358 310 337 298 223 347 347 268 245 273 257 301 288 315 9 0 14 0 20 68 20 59 117 10 10 89 133 105 103 77 90 63 a66
427 413 438 423 400 384 351 313 309 306 282 346 368 376 366 400 363 409 15 16 4 19 29 58 91 116 133 136 147 96 74 53 76 42 66 33 s309
1368 1361 1410 1216 1221 1380 1340 1175 1296 1344 1309 1283 1255 1315 1410 1457 1457 1457 89 96 0 241 236 77 148 313 144 144 179 205 202 142 0 0 0 0 jt31
340 391 448 448 417 448 424 362 393 409 334 390 386 381 429 432 406 355 108 43 0 0 17 0 56 103 87 71 131 90 62 53 19 16 28 93 jd361
960 1074 1065 1098 1037 1091 951 764 818 927 782 876 1011 899 905 912 898 960 184 44 53 46 107 27 193 354 300 217 362 242 133 219 213 232 246 158 o370
686 706 744 642 622 734 595 520 568 530 470 520 711 662 730 735 744 722 58 38 0 102 122 10 118 193 145 183 243 193 33 82 14 9 0 22 jt36
296 286 244 208 297 286 178 220 223 226 213 212 272 253 288 306 306 306 10 20 44 98 9 20 128 86 65 80 93 94 34 53 0 0 0 0 jt77
874 867 719 666 900 875 691 731 621 585 700 673 690 703 651 650 728 644 1 33 156 209 0 0 184 169 254 290 200 202 185 197 224 225 172 231 o171
2119 2160 2277 2277 2244 2277 2117 2029 2127 1901 1762 2291 2121 1917 2003 1796 1836 1866 158 84 0 0 0 0 229 283 219 445 550 55 156 327 274 481 408 411 n349
309 375 404 371 386 379 201 260 274 231 266 277 324 391 408 408 391 408 99 16 4 37 5 29 183 108 110 153 102 107 84 0 0 0 0 0 j340
839 817 838 815 841 840 698 623 682 628 736 652 703 672 674 687 711 684 1 51 2 25 27 0 112 214 128 182 101 158 137 196 166 153 157 156 s200
375 396 404 414 381 414 350 284 313 353 263 280 372 338 380 360 348 356 39 0 10 0 15 0 41 90 78 38 111 111 42 58 34 54 48 58 jt290
345 402 369 424 417 432 278 314 341 283 347 405 365 413 363 384 424 350 87 46 63 8 31 0 154 134 91 149 101 27 67 35 69 48 24 82 a25
1275 1280 1267 1258 1304 1276 1317 1217 1320 1214 1348 1320 1044 1107 1086 1120 1060 1070 1 25 9 18 1 0 3 133 0 106 2 0 232 198 190 156 245 206 s184
536 577 565 582 533 561 440 505 498 462 549 535 666 563 639 672 651 672 136 74 107 90 118 111 232 146 174 210 102 137 6 88 33 0 0 0 ad294
436 490 482 490 470 425 411 413 444 388 462 402 422 378 388 342 379 402 54 0 22 0 20 65 114 112 96 137 63 123 68 112 116 148 111 88 f477
459 474 460 411 462 462 327 377 364 266 302 312 386 436 424 420 479 430 3 10 2 51 22 0 114 85 77 175 160 129 76 48 38 42 5 32 jt371
336 361 342 342 346 253 267 299 225 312 263 255 288 286 224 256 256 342 6 0 0 0 15 89 57 43 99 12 79 69 54 75 118 86 105 0 a303
717 748 800 760 800 800 636 565 491 522 570 552 800 800 800 775 800 796 83 52 0 15 0 0 132 203 277 222 198 216 0 0 0 0 0 4 f251
1056 1169 1133 1100 1176 1174 764 840 839 808 937 873 1067 1176 1176 1148 1176 1176 120 7 43 48 0 2 412 336 337 340 239 303 109 0 0 0 0 0 f245
546 625 684 665 645 665 604 517 552 560 436 551 535 592 489 563 516 535 119 40 0 0 20 0 96 183 168 140 264 149 130 73 195 102 149 130 j294
341 366 351 330 351 311 352 317 297 292 295 328 390 390 390 405 341 390 49 24 39 75 39 79 64 99 119 140 121 88 0 0 0 0 49 0 m342
693 685 742 728 731 749 582 523 620 576 605 585 637 756 784 784 756 784 91 71 42 56 25 35 202 233 164 208 151 199 147 0 0 0 0 0 j34
1142 1140 1170 1109 1123 1139 882 820 871 810 831 927 1011 1140 1170 1170 1140 1170 28 0 0 61 17 31 249 282 260 321 271 204 159 0 0 0 0 0 j332
696 733 699 706 646 543 561 548 465 495 537 623 673 700 683 735 685 735 39 2 15 29 89 192 139 152 215 205 163 77 62 35 31 0 50 0 m51
996 1080 1100 1100 1069 1085 986 926 976 953 942 869 1006 969 1033 1040 977 961 104 0 0 0 11 15 59 100 69 92 84 176 94 111 67 60 103 139 f94
1010 1080 1091 1102 1018 1106 909 1019 1042 884 848 954 1128 1071 1151 1193 988 1074 208 117 127 116 179 112 367 235 234 392 406 322 90 126 67 25 209 144 n24
253 324 336 336 324 336 259 303 248 213 189 238 258 268 283 292 254 256 83 26 0 0 26 0 53 22 64 99 136 74 78 82 53 44 96 80 jd453
824 772 798 803 620 755 607 507 495 465 485 599 820 806 683 832 806 832 8 34 34 29 186 77 193 268 305 335 290 201 12 0 149 0 0 0 ad279
791 792 702 792 763 792 770 789 616 792 718 792 604 636 647 652 628 609 1 0 66 0 29 0 22 3 152 0 74 0 188 156 121 140 164 183 o49
413 430 315 406 399 401 329 299 238 265 258 366 412 437 437 414 414 361 1 7 122 8 15 36 103 157 218 167 174 90 2 0 0 0 0 76 a103
902 946 960 948 942 882 676 748 753 770 732 714 781 960 960 992 960 960 58 14 0 44 18 78 284 212 207 222 228 246 179 0 0 0 0 0 j192
594 690 720 591 688 677 517 421 437 426 480 576 558 690 720 720 690 720 126 0 0 129 2 43 179 246 259 270 187 120 162 0 0 0 0 0 jd488
917 888 767 808 865 777 647 611 807 549 668 619 792 943 943 943 943 943 26 55 176 135 78 166 296 332 136 394 275 324 151 0 0 0 0 0 j392
500 575 598 598 568 593 400 415 403 385 457 382 539 575 598 598 575 598 98 0 0 0 7 5 198 160 195 213 118 216 59 0 0 0 0 0 f129
269 285 270 270 265 270 195 155 139 129 173 183 270 285 208 270 285 270 1 0 0 0 20 0 57 111 113 123 93 69 0 0 62 0 0 0 ad240
335 336 352 336 330 336 322 313 318 284 311 199 319 257 302 276 294 332 1 0 0 0 6 0 35 44 56 73 46 158 17 79 50 60 42 4 md130
554 516 584 582 592 592 471 429 465 467 446 500 490 441 477 510 462 470 38 76 24 10 0 0 121 163 143 125 146 92 102 151 131 82 130 122 s369
696 782 816 840 808 810 621 704 651 648 678 634 706 816 816 840 812 816 120 34 0 0 8 6 229 146 199 227 172 216 110 0 0 0 4 0 f23
424 442 329 425 396 353 425 360 262 283 244 386 365 303 346 342 316 346 1 0 96 0 46 72 0 82 163 142 198 39 60 139 79 83 126 79 a192
767 660 725 768 792 768 715 407 539 535 567 541 644 697 681 739 714 722 1 132 43 0 0 0 21 352 197 201 192 195 124 95 87 29 78 46 m451
280 277 246 293 289 308 222 225 217 247 250 219 274 308 308 322 308 302 28 31 62 29 19 0 86 83 91 75 58 89 34 0 0 0 0 6 f384
456 390 494 475 480 494 419 321 397 497 443 520 434 419 476 396 382 397 38 104 0 0 14 0 101 199 123 3 77 0 60 75 18 79 112 97 jd21
539 467 575 526 580 580 418 369 444 395 428 383 505 449 530 475 462 451 41 113 25 54 0 0 133 182 126 156 123 168 75 131 70 105 118 129 s276
758 759 759 741 638 759 529 555 443 581 532 585 759 647 699 759 759 759 1 0 0 18 121 0 253 227 339 201 250 197 0 112 60 0 0 0 ad355
1851 1890 1890 1845 1687 1842 1522 1492 1477 1397 1620 1509 1883 1740 1796 1827 1890 1890 39 0 0 0 203 48 326 356 371 407 228 339 7 150 94 18 0 0 ad58
551 531 621 612 577 621 531 315 451 416 447 468 518 574 621 621 594 621 70 63 0 9 17 0 90 279 170 205 147 153 103 20 0 0 0 0 j208
395 371 334 299 361 372 470 482 390 371 405 374 494 494 494 475 457 494 99 123 160 176 133 122 50 38 130 129 115 146 0 0 0 0 37 0 m495
284 292 304 320 259 304 279 237 267 262 185 270 312 243 212 240 177 240 36 12 0 0 61 0 21 48 18 38 115 15 8 61 92 80 143 64 jd230
771 893 874 874 864 874 593 646 633 735 640 707 702 775 713 671 706 684 103 0 0 0 29 0 235 200 195 93 206 121 172 118 161 203 187 190 n118
645 629 629 646 576 629 571 511 405 509 436 521 563 511 514 583 520 522 1 0 0 0 70 0 113 155 261 175 248 145 83 118 115 63 126 107 n363
1128 1121 1248 1248 1209 1248 981 986 1070 1156 1092 1160 1006 1111 1188 1051 1121 1069 120 88 0 0 0 0 235 192 146 60 86 56 242 98 60 197 88 179 j494
858 864 863 786 688 863 751 633 476 614 660 655 888 888 679 851 888 888 30 24 25 65 200 25 137 255 412 237 228 233 0 0 209 0 0 0 ad460
517 547 521 525 468 453 485 464 422 494 450 499 560 580 560 560 543 560 43 33 39 35 112 107 103 145 166 94 159 89 0 0 0 0 37 0 m393
799 825 728 721 800 825 728 769 604 673 663 698 597 685 647 640 684 702 1 0 97 79 0 0 104 89 254 159 169 160 203 140 178 160 116 123 o162
1823 2141 2117 2200 2034 2120 1726 1900 1712 1903 1768 1843 2200 2167 1964 2200 2200 2200 377 59 43 0 166 80 474 300 448 297 432 357 0 33 196 0 0 0 d183
321 351 327 374 374 294 282 244 242 290 337 257 319 301 306 318 316 324 53 23 47 0 0 80 70 108 110 62 15 95 55 73 68 56 58 50 a284
428 475 517 504 528 528 446 341 344 360 344 402 528 528 528 504 483 528 100 53 11 0 0 0 104 209 206 165 206 148 0 0 0 0 45 0 m147
801 832 780 770 748 793 656 641 640 653 727 694 738 858 858 858 858 858 57 26 78 88 110 65 202 217 218 205 131 164 120 0 0 0 0 0 f263
284 259 365 341 324 348 261 176 211 226 222 238 357 357 374 353 313 357 73 98 9 16 33 9 75 160 141 110 114 98 0 0 0 4 44 0 m340
436 364 402 434 400 409 460 240 261 404 355 360 382 304 327 371 333 354 1 54 35 3 18 28 0 200 199 56 85 100 55 114 110 66 85 83 a452
791 584 756 744 768 792 628 591 706 615 661 663 667 702 707 724 737 741 1 184 36 48 0 0 197 209 119 210 139 162 125 66 85 68 31 51 s120
492 592 592 576 576 592 508 467 524 518 434 486 503 498 497 516 466 499 84 0 0 0 0 0 104 162 105 94 178 143 73 94 95 60 110 93 d252
718 746 759 841 841 841 719 561 550 554 420 649 801 791 775 693 743 706 123 95 53 0 0 0 93 251 234 258 392 163 40 50 37 148 98 135 ad172
526 544 527 527 509 527 479 493 439 462 414 497 421 420 477 487 436 449 1 0 0 0 35 0 79 83 119 96 162 61 106 124 50 40 108 78 n19
440 441 395 321 434 392 385 250 296 296 260 325 441 310 409 440 436 414 1 0 25 120 7 49 77 212 144 166 202 137 0 131 11 1 5 27 jt356
552 554 536 596 578 458 517 509 442 476 463 528 624 648 624 624 592 624 72 94 88 28 70 166 81 112 156 122 158 70 0 0 0 0 56 0 m477
801 971 951 961 1012 889 836 874 892 827 889 850 854 1023 992 992 1023 992 191 52 41 31 11 103 156 149 100 165 134 142 138 0 0 0 0 0 j160
195 156 207 201 186 207 147 128 106 168 188 122 229 220 225 209 220 229 36 64 24 30 34 24 63 72 104 42 12 88 2 0 6 22 0 2 m357
636 874 851 851 854 848 564 761 584 598 623 635 838 834 714 851 874 849 215 0 0 0 20 3 250 75 230 216 213 179 13 40 137 0 0 2 ad498
1123 1332 1296 1296 1295 1296 972 1065 1024 1120 987 1048 1296 1255 1157 1296 1332 1296 173 0 0 0 37 0 324 267 272 176 345 248 0 77 139 0 0 0 d139
725 704 690 718 693 726 652 690 626 719 647 726 623 640 613 648 572 625 1 0 36 8 11 0 74 14 100 7 57 0 103 64 113 78 132 101 o95
387 419 442 462 416 413 370 351 324 370 395 375 480 447 397 480 480 460 93 41 18 18 64 47 110 109 136 110 85 85 0 13 63 0 0 0 d257
300 367 374 377 382 377 277 328 283 247 301 279 343 341 306 341 334 332 77 23 3 0 8 0 100 62 94 130 89 98 34 49 71 36 56 45 f260
483 484 482 462 484 484 385 309 313 341 309 352 482 423 479 462 421 484 1 0 2 0 0 0 99 175 171 121 175 132 2 61 5 0 63 0 m251
612 580 614 621 608 453 489 418 500 456 581 386 540 530 562 523 596 512 9 68 7 0 40 168 109 206 98 142 43 212 81 118 59 98 52 109 a429
682 577 756 756 693 756 545 436 528 598 439 642 603 618 594 574 619 591 74 158 0 0 42 0 175 264 192 122 261 78 153 117 162 182 116 165 n172
865 846 817 705 884 884 766 686 780 670 747 709 828 798 884 918 884 884 19 38 67 213 0 0 118 198 104 248 137 175 56 86 0 0 0 0 jt160
600 792 767 768 753 720 532 480 451 420 455 480 649 779 792 768 768 786 168 0 25 0 15 72 204 279 308 316 281 279 119 13 0 0 0 6 f339
543 508 400 544 544 544 556 444 324 433 459 467 542 544 512 544 544 544 1 36 112 0 0 0 5 117 204 128 102 94 2 0 0 0 0 0 jt500
436 600 575 575 458 575 420 411 395 485 414 498 575 584 470 575 600 575 139 0 0 0 142 0 178 213 203 113 210 100 0 16 105 0 0 0 ad207
342 438 448 434 449 448 280 334 346 368 349 365 418 400 367 408 421 371 106 26 0 14 15 0 196 159 130 108 144 111 30 64 81 40 43 77 ad25
482 506 483 483 396 483 399 384 331 396 345 382 483 451 428 483 506 483 1 0 0 0 110 0 105 144 173 108 183 122 0 55 55 0 0 0 ad81
207 226 199 184 207 191 148 185 171 212 191 164 240 240 240 228 219 240 33 14 41 44 33 49 112 75 89 35 69 96 0 0 0 0 21 0 m19
282 330 340 340 323 340 308 326 295 300 262 313 306 298 286 311 284 270 58 27 0 0 34 0 32 31 45 40 95 27 34 59 54 29 73 70 jd417
351 352 352 342 298 352 297 336 374 324 276 310 282 269 262 232 254 258 1 0 0 10 54 0 77 38 0 50 98 64 70 83 90 120 98 94 jd365
1480 1239 1517 1517 1411 1517 1282 1163 1212 1254 1215 1244 1517 1480 1515 1517 1415 1517 37 241 0 0 69 0 235 317 305 263 265 273 0 0 2 0 65 0 m180
501 477 506 431 466 506 426 427 412 343 331 448 379 442 506 500 469 472 5 6 0 75 17 0 102 77 116 185 173 80 127 41 0 6 14 34 jd441
310 272 342 294 306 306 287 235 237 257 216 263 265 286 342 323 323 323 13 51 0 29 17 17 53 105 123 83 124 77 58 37 0 0 0 0 jd318
499 525 451 444 525 500 424 463 383 272 486 480 359 483 472 415 434 407 1 0 49 56 0 0 56 41 97 208 18 0 141 42 28 85 91 93 jt441
666 665 521 645 667 667 551 600 539 536 569 661 548 526 485 498 535 490 1 2 123 22 0 0 145 96 133 160 127 35 119 141 159 169 132 177 o437
666 638 667 667 537 667 558 549 534 491 453 570 630 567 569 655 619 617 1 0 0 0 101 0 86 67 110 153 163 74 37 71 98 12 19 50 ad432
355 436 436 426 433 412 275 219 250 225 235 308 435 459 459 442 442 459 87 23 23 16 9 47 167 240 209 217 207 151 7 0 0 0 0 0 f237
270 279 289 258 251 289 211 159 146 122 116 188 212 272 288 283 281 265 19 10 0 31 38 0 78 130 143 167 173 101 77 17 1 6 8 24 jd273
1053 1019 903 1018 985 1023 972 915 724 882 780 926 802 771 749 772 840 756 1 4 120 36 69 0 48 75 266 138 240 64 252 252 274 282 214 267 o56
239 253 218 240 238 253 144 199 206 169 186 183 212 184 188 222 226 210 14 0 46 13 15 0 109 54 58 84 67 70 41 69 76 31 27 43 o159
373 391 391 374 360 391 396 364 305 354 387 325 318 301 304 267 252 299 1 0 0 0 14 0 0 50 109 42 9 89 56 90 87 107 122 92 a366
407 444 422 416 434 406 304 328 356 340 391 301 357 480 460 460 480 460 53 36 38 44 46 54 133 128 81 97 65 136 103 0 0 0 0 0 j39
725 726 569 655 695 726 620 646 611 624 589 569 538 616 634 602 621 658 1 0 179 71 31 0 106 80 137 102 137 157 188 110 114 124 105 68 o44
523 542 485 454 506 436 467 425 382 465 430 505 546 546 546 567 500 546 23 4 61 113 40 110 105 147 190 129 142 67 0 0 0 0 46 0 m437
1039 1040 976 1066 1025 1040 816 903 785 1025 877 950 852 855 784 884 823 821 1 0 64 0 15 0 184 97 215 0 123 50 188 185 256 182 217 219 s67
338 437 465 465 447 465 349 288 294 282 346 326 429 347 395 378 352 392 127 13 0 0 3 0 85 132 140 152 74 108 36 103 70 87 98 73 f96
637 638 605 450 638 638 490 522 508 509 517 494 514 630 638 667 638 638 1 0 33 217 0 0 148 116 130 158 121 144 124 8 0 0 0 0 jt435
713 725 725 720 608 725 503 560 574 650 570 519 608 725 725 750 750 725 37 0 0 30 142 0 247 165 151 100 180 206 142 0 0 0 0 0 jd114
209 134 207 252 242 235 202 113 168 140 137 136 239 191 176 155 167 178 43 104 31 0 10 3 32 108 53 94 97 85 13 47 62 97 85 60 md182
563 688 672 672 682 672 532 609 564 622 627 625 604 617 580 565 599 511 109 0 0 0 6 0 182 122 150 92 104 89 68 71 92 107 89 161 f284
734 852 781 816 871 770 646 596 618 561 722 666 762 900 875 875 900 875 141 48 94 59 29 105 229 304 257 314 178 209 113 0 0 0 0 0 f278
296 233 310 261 283 320 315 245 163 158 239 232 283 245 300 250 240 233 24 71 10 59 21 0 5 59 157 162 65 88 37 59 20 70 64 87 jt73
275 276 288 276 247 276 249 239 268 265 252 230 240 249 222 207 207 231 1 0 0 0 29 0 50 60 44 34 47 69 36 27 66 69 69 45 md401
249 279 286 226 308 259 197 143 128 200 202 165 294 287 293 213 298 294 45 29 8 68 0 35 97 165 166 94 106 129 0 21 1 81 10 0 ad17
275 276 264 270 267 260 246 214 227 212 206 194 225 251 194 197 193 251 1 0 0 6 9 16 30 62 37 64 70 82 51 25 70 79 83 25 md231
565 611 537 570 627 646 594 604 585 546 552 623 532 499 510 497 555 530 81 16 109 76 0 0 86 56 95 134 108 57 114 128 136 149 72 116 o207
354 403 403 403 383 403 300 261 253 251 243 293 384 308 291 340 318 317 49 0 0 0 20 0 72 111 119 121 129 79 19 95 112 63 85 86 n402
422 475 494 475 394 462 319 303 296 274 305 276 475 464 375 473 467 470 53 0 0 0 81 13 131 147 172 176 145 174 0 11 119 2 8 5 ad344
2160 1845 2123 2171 1996 2079 1901 1910 1751 1713 1692 1732 2220 2220 2003 2220 2191 2220 60 375 97 49 224 141 319 310 469 507 528 488 0 0 217 0 29 0 ad163
452 530 547 493 537 558 397 418 455 445 393 459 530 553 545 481 526 523 88 28 11 47 3 0 143 140 103 95 147 99 10 5 13 59 14 35 o20
830 875 887 585 772 872 647 691 707 719 698 682 691 875 910 875 875 875 45 0 23 290 103 3 228 184 203 156 177 193 184 0 0 0 0 0 jt156
412 325 420 420 394 420 264 310 324 331 302 306 367 399 405 420 353 420 8 74 0 0 5 0 156 89 96 89 97 114 53 0 15 0 46 0 m484
255 285 243 236 265 258 240 200 207 200 220 223 276 235 270 285 285 285 30 0 27 49 20 27 64 104 81 104 84 81 9 50 0 0 0 0 jt83
1142 1344 1344 1330 1344 1344 1097 1066 1156 1038 1078 1071 1096 1344 1341 1327 1344 1344 202 0 0 14 0 0 247 278 188 306 266 273 248 0 3 17 0 0 j443
557 540 558 491 528 558 364 434 406 393 338 436 502 462 458 498 470 465 1 0 0 67 12 0 163 76 121 134 172 91 56 78 100 60 70 93 n63
281 303 280 289 306 247 220 261 201 246 266 219 235 266 189 217 284 248 8 3 9 0 0 42 52 27 71 26 22 53 54 40 100 72 22 41 a19
791 770 705 721 790 770 734 760 636 740 785 757 652 656 610 684 667 597 1 0 65 71 2 0 94 45 169 88 43 48 140 114 160 108 125 173 o121
355 439 400 468 468 392 322 391 281 380 410 276 395 435 321 404 422 346 113 11 50 0 0 58 120 34 144 62 32 149 73 15 129 64 46 104 a498
2543 2505 2728 2736 2784 2784 2842 2673 2495 2479 2497 2664 2781 2769 2692 2537 2725 2618 241 279 56 0 0 0 0 169 347 314 345 178 3 15 92 199 59 166 d213
831 800 832 830 570 787 586 574 543 584 571 629 832 709 702 832 800 832 1 0 0 2 230 45 220 201 263 222 204 177 0 91 130 0 0 0 ad210
399 346 400 411 292 373 324 237 195 253 250 320 400 400 320 420 400 400 1 54 0 9 108 27 76 163 205 167 150 80 0 0 80 0 0 0 ad499
378 358 335 351 312 331 300 241 188 266 220 302 384 368 377 384 297 377 6 10 49 33 56 53 84 127 196 118 148 82 0 0 7 0 71 7 m152
539 437 540 513 540 488 452 373 472 408 470 387 462 454 500 457 448 442 1 103 0 0 0 52 68 147 48 86 50 133 78 86 40 56 92 98 a162
310 347 374 374 357 374 325 335 344 336 300 370 320 324 324 311 299 287 64 10 0 0 0 0 49 22 30 38 57 4 54 33 50 63 58 87 jd484
575 632 608 622 629 632 505 523 563 529 531 539 599 682 660 682 682 682 107 50 52 60 53 50 177 159 97 153 151 143 83 0 0 0 0 0 f38
935 835 930 927 910 936 879 766 932 797 910 936 705 761 748 789 731 789 1 75 6 9 0 0 57 144 4 139 0 0 231 149 188 147 179 147 o64
283 345 280 345 312 345 260 280 235 265 171 308 289 284 278 307 283 257 62 15 65 0 48 0 85 80 110 80 189 37 56 76 67 38 77 88 s125
1120 1113 1216 1111 1178 1178 938 975 964 925 989 1011 962 1159 1216 1178 1178 1178 58 65 0 67 0 0 240 203 252 253 189 167 216 19 0 0 0 0 jd87
980 1075 1100 1100 1002 1093 824 817 814 852 698 875 1022 982 1056 1100 1073 1050 120 0 0 0 73 7 276 258 286 248 377 225 78 93 44 0 2 50 d101
404 386 341 329 400 420 308 321 261 324 312 313 353 380 420 420 400 420 16 14 79 91 0 0 133 99 180 117 108 128 67 20 0 0 0 0 jt376
662 704 704 682 579 613 520 493 499 467 555 574 704 618 616 682 704 704 42 0 0 0 125 91 184 211 205 215 149 130 0 86 88 0 0 0 ad298
571 512 497 572 550 541 543 462 377 491 514 467 474 473 459 467 448 472 1 38 75 0 0 31 29 88 195 81 36 105 98 77 113 105 102 100 a496
893 975 1000 975 923 975 727 825 831 901 818 904 966 896 867 962 932 900 82 0 0 0 52 0 287 189 209 113 196 110 9 79 133 13 43 75 d90
799 761 855 819 865 833 595 535 517 571 654 594 880 814 804 880 880 858 81 97 3 61 15 25 245 284 302 269 186 225 0 44 54 0 0 0 d376
645 628 576 645 701 695 566 643 626 645 619 561 750 725 725 750 750 721 105 97 149 105 49 30 184 82 99 105 131 164 0 0 0 0 0 4 f236
764 755 727 733 722 742 651 635 720 645 660 676 748 852 858 836 836 854 72 103 131 103 114 116 147 184 99 153 138 143 88 6 0 0 0 4 f389
412 435 442 442 455 355 314 359 318 376 384 404 373 385 348 363 393 362 30 24 0 0 4 87 128 100 124 66 75 38 69 74 94 79 66 80 a187
532 682 720 720 726 720 557 580 567 502 571 578 669 587 600 599 629 561 188 56 0 0 12 0 123 117 113 178 126 102 51 151 120 121 109 159 f211
359 360 360 378 332 360 308 300 299 297 306 238 290 288 299 280 269 287 1 0 0 0 28 0 52 60 61 81 54 122 70 72 61 98 91 73 md11
479 492 436 470 429 475 379 333 271 358 278 279 375 347 396 376 396 351 1 3 44 10 66 5 101 162 209 122 217 201 105 148 84 104 99 129 o495
395 414 396 393 414 394 313 308 344 402 346 362 348 342 268 284 316 396 1 0 0 3 0 2 105 129 74 16 91 56 48 72 128 112 98 0 md108
260 285 289 259 276 277 255 160 233 225 242 217 277 218 289 289 289 289 29 4 0 30 13 12 51 146 73 81 64 89 12 71 0 0 0 0 jd55
377 342 393 378 378 287 308 355 301 334 368 257 334 330 256 317 285 308 1 36 3 0 0 91 91 44 117 65 31 142 44 48 140 61 93 70 a31
713 693 571 679 693 714 530 615 494 569 555 634 569 518 535 514 527 495 1 0 143 35 0 0 150 45 186 111 105 46 145 175 179 200 166 219 o75
1403 1365 1404 1383 1365 1404 1260 1206 1368 1212 1330 1368 957 1082 1159 1053 1101 1127 1 0 0 21 0 0 108 124 0 156 0 0 447 283 245 351 264 277 s422
835 830 870 710 792 841 710 590 767 620 610 661 594 829 870 841 841 841 6 11 0 131 49 0 160 280 133 250 260 209 247 12 0 0 0 0 jd331
279 286 323 323 273 313 264 247 243 268 215 294 275 240 224 250 218 269 44 37 0 0 50 10 59 76 80 55 108 29 48 83 99 73 105 54 a10
907 1015 1050 900 941 1016 812 680 793 821 798 925 1050 903 1050 1050 1050 1050 143 35 0 150 109 34 196 328 215 187 210 83 0 147 0 0 0 0 d98
575 576 576 600 492 576 469 456 442 480 400 461 562 482 517 581 566 558 1 0 0 0 84 0 131 144 158 145 200 139 14 94 59 19 10 18 ad127
475 471 459 506 481 392 420 414 321 432 456 336 420 383 363 429 381 403 9 13 25 0 3 92 64 70 163 74 28 148 64 101 121 77 103 81 a404
581 669 700 718 727 634 536 528 532 572 549 608 582 700 700 728 728 700 147 31 0 10 1 66 192 172 168 156 179 92 146 0 0 0 0 0 j210
1172 1025 1091 1034 1150 1173 993 1086 1020 938 953 1052 883 968 1001 963 959 903 1 125 82 139 0 0 129 14 102 184 147 70 290 182 172 210 191 270 o479
168 155 155 167 146 136 133 89 107 125 106 117 127 90 107 137 114 132 1 1 14 2 10 33 23 55 49 31 38 39 42 66 62 32 42 37 a55
364 483 483 458 462 483 336 327 302 336 361 361 411 483 483 462 462 479 98 0 0 4 0 0 126 156 181 126 101 122 51 0 0 0 0 4 f219
360 367 333 306 289 308 231 229 246 185 200 224 326 367 356 305 347 357 4 10 31 58 88 56 161 177 146 207 206 168 38 10 8 59 30 7 n17
359 360 360 375 353 360 281 292 249 252 293 244 325 288 291 273 288 280 1 0 0 0 7 0 55 44 87 98 43 92 35 72 69 102 72 80 md263
575 557 554 600 532 500 514 509 386 574 495 538 467 449 478 504 565 510 1 19 22 0 44 76 86 91 214 51 105 62 109 127 98 96 11 66 a132
474 475 494 475 419 424 382 425 400 369 379 387 402 433 491 475 475 475 1 0 0 0 56 51 118 75 120 131 121 113 73 42 3 0 0 0 jd255
750 759 746 755 560 674 657 583 579 705 715 663 782 636 759 782 782 759 32 0 13 27 222 85 159 209 213 111 101 129 0 123 0 0 0 0 ad461
405 329 424 403 389 379 467 394 354 410 318 399 504 522 522 504 451 519 99 193 98 101 115 143 37 128 168 94 186 123 0 0 0 0 53 3 m209
824 825 858 825 730 825 818 703 751 683 611 689 775 748 858 825 825 825 1 0 0 0 95 0 7 122 107 142 214 136 50 77 0 0 0 0 jd475
377 368 365 341 361 286 310 240 241 291 286 243 380 324 348 322 384 368 7 0 3 43 23 82 50 105 104 69 74 102 4 44 20 62 0 0 md341
319 327 277 301 311 295 224 214 156 212 220 220 265 308 282 266 288 291 3 9 45 21 25 27 75 98 143 87 92 79 57 28 40 56 48 31 m155
551 657 697 680 662 689 594 473 476 472 473 461 626 690 637 675 680 682 129 40 0 0 18 8 86 224 221 208 207 236 54 7 60 5 0 15 d102
837 900 817 742 750 807 592 568 638 616 538 691 876 808 900 878 880 900 43 0 83 138 130 93 288 332 262 264 342 209 4 92 0 2 0 0 d337
571 674 740 740 641 740 655 505 605 587 477 533 701 628 514 680 542 652 169 46 0 0 79 0 122 251 172 190 279 244 39 92 226 60 178 88 d385
448 483 506 431 455 506 370 376 399 316 369 423 396 469 496 506 477 488 58 0 0 75 28 0 158 128 129 212 135 105 110 14 10 0 6 18 jd30
475 555 494 527 531 555 408 458 381 408 383 437 414 434 449 452 464 438 80 0 61 28 24 0 110 60 137 110 135 81 141 121 106 103 91 117 o134
559 507 472 556 506 560 455 474 418 498 352 481 437 435 449 391 351 422 1 37 88 4 38 0 105 70 142 62 192 79 123 109 111 169 193 138 s387
142 155 156 143 150 135 154 147 113 163 148 130 171 180 171 171 167 171 29 25 15 28 30 36 36 53 77 27 52 60 0 0 0 0 13 0 m232
469 388 406 372 424 429 410 359 400 431 374 410 494 513 513 494 451 513 25 125 107 122 70 84 58 127 86 37 94 76 0 0 0 0 43 0 m89
286 326 307 276 292 280 222 224 254 236 246 233 250 342 323 323 342 323 37 16 16 47 50 43 118 136 86 104 114 107 73 0 0 0 0 0 jd239
1064 761 1091 1014 1075 1075 1026 727 1011 909 1093 1067 848 758 775 807 786 783 11 314 9 61 0 0 92 391 133 209 25 51 227 317 325 268 289 292 s331
448 427 455 436 465 377 401 397 342 331 359 414 504 504 504 486 431 504 56 77 49 50 39 127 103 107 162 155 145 90 0 0 0 0 73 0 m191
423 368 361 364 396 366 351 380 303 366 320 347 435 435 420 435 406 435 12 67 59 71 39 69 113 84 145 98 144 117 0 0 0 0 29 0 m153
658 644 667 634 618 657 544 505 554 524 486 456 566 626 667 667 644 667 9 0 0 33 26 10 152 167 142 172 186 240 101 18 0 0 0 0 jd321
292 322 330 328 323 341 229 241 241 205 210 256 323 283 321 308 312 313 49 19 0 13 18 0 143 131 119 167 162 116 18 58 9 33 29 28 d225
752 677 790 517 687 792 613 584 550 470 526 556 638 752 792 820 767 758 40 115 2 308 105 0 155 184 218 330 242 212 154 40 0 5 25 34 jt126
391 331 392 392 420 324 386 267 298 348 342 308 322 303 320 280 286 346 1 89 0 0 0 68 6 153 94 44 78 84 70 117 72 112 134 46 a473
475 480 490 466 455 470 362 368 334 369 338 389 408 401 426 460 366 468 1 10 0 10 21 20 148 157 191 141 172 136 68 89 64 16 110 22 n307
486 455 444 525 489 379 352 353 256 385 401 315 479 463 467 492 408 428 14 45 56 0 11 121 148 147 244 140 99 185 21 37 33 33 92 72 a460
436 371 460 404 440 437 422 300 373 392 352 394 367 412 462 462 440 462 26 69 2 58 0 25 40 140 89 70 88 68 95 28 0 0 0 0 jd153
791 713 780 792 816 792 747 614 664 566 765 654 778 717 767 715 759 679 1 103 12 0 0 0 45 202 128 226 51 138 14 99 25 77 57 113 ad26
1142 1112 1089 1133 1087 1013 1073 1113 1009 1071 1041 1045 1218 1218 1218 1218 1160 1218 76 106 129 85 131 205 203 163 267 205 235 231 0 0 0 0 58 0 m323
998 1072 1065 1049 1037 1085 781 849 829 771 788 950 969 1085 1085 1054 1054 1085 56 13 20 5 17 0 307 271 291 317 300 170 85 0 0 0 0 0 f437
489 528 535 476 471 527 451 414 403 369 379 452 459 519 529 552 527 530 63 0 17 76 57 25 101 114 149 183 149 100 93 9 23 0 1 22 jt53
276 296 307 322 322 298 237 169 160 208 265 256 316 266 251 243 286 278 46 26 1 0 0 24 85 153 148 114 57 66 6 56 57 79 36 44 md37
514 518 504 508 476 518 415 415 418 450 365 458 477 443 426 446 466 429 4 0 0 10 42 0 140 140 122 105 190 97 41 75 78 72 52 89 n204
695 664 696 653 696 696 713 622 595 574 694 634 626 645 625 609 642 584 1 32 0 14 0 0 7 98 125 116 26 86 70 51 71 58 54 112 jt334
475 459 459 439 476 459 399 359 302 334 352 361 409 308 336 392 279 357 1 0 0 37 0 0 105 127 184 170 152 125 67 151 123 84 197 102 n119
628 629 646 629 561 629 508 574 600 630 490 531 557 452 511 502 463 531 1 0 0 0 68 0 158 92 84 36 176 135 72 177 135 127 166 98 n40
629 648 630 630 638 602 502 514 555 512 589 538 554 603 542 467 542 522 1 0 0 0 10 28 128 134 75 118 59 92 76 45 88 163 106 108 md85
573 535 594 425 543 593 482 360 442 326 388 365 492 505 594 621 594 594 21 59 0 196 51 1 112 234 152 295 206 229 102 89 0 0 0 0 jt329
815 792 700 762 785 792 606 621 505 600 663 671 655 664 642 650 694 664 1 0 92 54 31 0 176 138 254 182 119 88 161 128 150 166 122 128 o197
1115 1057 1190 1156 935 1169 960 890 861 852 869 887 1154 1139 1067 1151 1156 1190 41 133 0 0 221 21 162 265 294 270 253 268 2 51 123 5 0 0 ad78
560 538 590 650 563 652 512 538 566 434 443 570 603 654 554 642 487 538 112 118 82 22 93 20 202 159 148 280 254 144 69 2 118 30 169 134 s25
559 544 450 507 544 560 422 397 408 436 352 414 484 475 487 496 489 488 1 0 110 53 0 0 138 147 152 124 192 146 76 69 73 64 55 72 o376
1602 1671 1700 1725 1700 1700 1528 1739 1729 1747 1668 1628 1476 1282 1302 1349 1465 1304 98 29 0 0 0 0 240 29 39 47 100 140 224 418 398 376 235 396 f354
440 441 419 441 441 392 377 379 306 372 396 360 354 346 360 348 397 397 1 0 43 0 0 49 43 41 134 48 24 60 87 95 102 93 44 44 a67
511 588 588 588 588 588 508 573 564 544 566 570 465 457 512 467 488 491 77 0 0 0 0 0 108 43 52 72 50 46 123 131 76 121 100 97 f484
597 596 458 497 542 598 534 562 388 565 470 593 469 494 422 504 380 474 1 28 140 101 82 0 64 62 210 33 154 5 129 130 176 94 244 124 o21
695 672 696 696 503 664 488 492 446 493 525 558 696 672 553 696 672 696 1 0 0 0 169 32 237 208 279 232 175 167 0 0 143 0 0 0 ad428
411 400 430 494 454 464 362 355 336 321 331 414 422 426 311 426 363 431 83 68 64 0 14 30 132 113 158 173 137 80 72 42 183 68 105 63 a295
390 391 408 391 391 389 333 337 326 337 369 334 277 282 313 272 292 318 1 0 0 0 0 2 58 54 82 54 22 57 114 109 95 119 99 73 o383
350 389 400 376 400 400 231 245 230 258 234 255 400 347 388 400 400 394 50 11 0 24 0 0 169 155 170 142 166 145 0 53 12 0 0 6 d141
529 505 490 474 486 475 547 513 552 561 528 598 624 585 567 600 624 624 95 119 134 126 138 149 51 85 46 14 70 0 0 39 57 0 0 0 m490
719 735 735 720 688 735 564 542 570 544 505 598 647 551 627 653 609 520 1 0 0 0 32 0 108 144 116 128 167 88 73 184 108 67 111 215 n321
795 857 920 920 880 920 617 701 641 691 692 740 829 880 920 920 856 920 125 23 0 0 0 0 280 157 256 206 166 157 91 0 0 0 24 0 f466
299 276 302 292 273 300 248 202 262 228 168 254 246 217 234 257 248 262 1 24 10 8 27 0 52 98 50 72 132 46 54 83 78 43 52 38 s257
346 341 338 339 343 312 393 367 345 353 374 397 405 405 390 405 370 405 59 64 52 66 62 93 39 65 71 79 58 35 0 0 0 0 35 0 m401
522 622 579 583 605 592 416 491 464 470 499 453 578 667 644 644 667 644 122 45 65 61 62 52 200 147 152 146 139 163 66 0 0 0 0 0 f152
791 845 860 864 822 864 685 694 625 765 639 668 864 824 770 864 864 864 73 19 4 0 42 0 215 206 275 135 261 232 0 40 94 0 0 0 d456
123 107 123 156 142 141 97 53 92 113 125 113 138 146 146 152 137 147 31 47 31 9 12 13 57 101 62 52 29 41 16 8 8 13 17 7 md304
522 540 560 560 521 560 386 361 375 376 387 344 455 540 560 551 540 543 38 0 0 0 19 0 202 206 213 212 180 244 105 0 0 9 0 17 f41
1118 1006 1122 1122 1088 994 915 924 1000 997 994 889 1122 1081 1070 1089 1045 999 4 82 0 0 0 128 207 164 122 125 94 233 0 7 52 33 43 123 a85
492 543 487 524 511 527 372 343 325 439 350 416 466 466 459 447 335 429 35 1 40 3 33 0 124 169 171 57 162 80 61 78 68 80 209 98 s158
608 580 609 609 508 609 559 442 507 541 387 531 519 445 581 600 563 567 1 0 0 0 72 0 29 118 81 47 173 57 90 135 28 9 17 42 jd471
279 240 253 280 243 272 227 199 199 252 195 292 235 213 242 247 217 237 1 26 27 0 23 8 73 86 101 48 90 8 45 53 38 33 49 43 a377
357 380 406 406 394 406 292 242 229 264 322 270 328 326 341 312 320 315 49 26 0 0 12 0 85 135 148 113 55 107 78 80 65 94 86 91 f40
781 748 782 694 739 745 573 563 608 572 531 589 604 748 782 782 748 782 1 0 0 88 9 37 209 185 174 210 217 193 178 0 0 0 0 0 jd162
258 203 280 283 277 294 291 207 198 221 160 223 243 223 197 249 241 266 36 91 0 11 17 0 3 87 82 73 134 71 51 71 83 45 53 28 jd96
373 347 378 361 360 337 303 317 278 296 283 293 421 425 442 425 383 425 52 78 64 64 65 88 147 133 190 154 167 157 4 0 0 0 42 0 m460
593 594 548 535 552 594 568 611 417 480 570 559 410 446 448 434 441 425 1 0 68 59 42 0 53 10 227 141 51 62 184 148 168 160 153 169 o41
190 186 188 193 198 198 117 103 109 104 100 162 184 144 164 154 156 164 8 12 10 5 0 0 81 95 89 94 98 36 14 54 34 44 42 34 s240
505 506 506 506 506 446 350 374 414 458 396 453 464 329 461 424 443 390 1 0 0 0 0 60 133 109 69 25 87 30 42 177 45 82 63 116 ad471
724 683 701 646 648 621 670 664 609 647 614 642 798 798 798 777 704 798 74 115 97 131 150 177 90 96 151 93 146 118 0 0 0 0 94 0 m115
606 574 672 672 672 672 514 506 533 554 495 519 672 660 651 652 569 656 66 98 0 0 0 0 186 194 167 146 205 181 0 12 21 20 103 16 m463
679 663 663 598 680 663 594 556 625 571 601 542 510 511 461 497 558 514 1 0 0 82 0 0 86 107 38 109 79 121 170 152 202 183 122 149 n210
592 598 578 584 607 624 530 446 532 553 457 488 516 463 454 515 515 523 32 42 46 40 33 0 133 234 131 110 223 175 108 177 170 109 125 101 s367
351 336 336 342 346 336 308 266 305 312 306 256 341 281 250 244 239 292 1 0 0 10 6 0 66 91 52 62 68 101 11 55 86 108 113 44 md449
1709 1722 1676 1800 1800 1845 1747 1741 1676 1800 1798 1845 1656 1674 1639 1548 1636 1722 91 123 169 0 0 0 53 104 169 0 2 0 144 171 206 252 164 123 j213
471 561 539 566 576 561 427 377 387 403 386 461 483 480 477 484 517 399 107 0 22 12 2 0 117 151 141 141 158 67 95 81 84 94 61 162 f480
463 480 434 464 443 464 388 445 400 431 361 403 346 362 352 336 368 335 1 0 30 0 37 0 76 35 64 33 119 61 118 118 112 128 112 129 o465
362 339 346 369 366 340 278 213 195 248 240 252 362 316 275 272 278 334 12 18 11 5 8 17 74 123 141 104 112 84 12 41 82 102 96 23 md278
1209 1277 1364 1392 1361 1365 1101 1124 1256 1061 1179 1164 1285 1161 1082 1135 1231 1210 183 91 4 0 31 3 291 244 112 331 213 204 107 207 286 257 161 158 f442
1243 1356 1341 1062 1153 1292 1216 1159 1216 1182 1256 1249 1231 1330 1386 1386 1386 1386 143 30 45 324 233 94 203 260 203 237 163 170 155 56 0 0 0 0 jt170
1275 1276 1276 1254 1212 1276 1155 1115 1119 1112 1098 1130 1071 1105 984 1062 1113 1036 1 0 0 51 64 0 165 205 201 238 222 190 205 171 292 243 163 240 n423
313 370 360 360 374 349 316 220 292 254 244 246 325 326 269 250 259 319 47 8 0 0 4 11 64 179 88 126 155 134 35 52 91 110 119 41 md315
1242 1173 1140 1254 1254 1028 1008 1094 962 1017 1090 952 1172 1137 1136 1182 1201 1109 12 48 81 0 0 193 208 90 222 199 126 232 82 84 85 72 53 112 a170
744 780 754 754 768 754 557 549 588 551 593 530 646 780 754 754 780 754 10 0 0 0 12 0 168 201 137 174 157 195 108 0 0 0 0 0 j23
361 358 414 439 441 398 392 377 307 344 355 347 462 441 441 462 421 441 101 83 27 23 21 43 48 43 113 96 85 73 0 0 0 0 41 0 m169
720 703 722 658 703 717 513 480 480 523 539 581 649 523 597 578 531 697 2 0 0 64 0 5 171 186 204 161 127 103 73 180 125 144 172 25 n108
284 236 258 285 262 241 232 169 180 197 223 202 225 198 232 240 202 214 1 34 27 0 8 44 53 101 105 88 47 83 60 72 53 45 68 71 a272
1035 1024 946 902 917 980 1037 1040 1021 1068 959 1007 1120 1148 1148 1120 967 1148 85 124 202 218 203 168 123 149 168 92 201 182 0 0 0 0 153 0 m394
879 880 831 880 869 880 856 753 803 900 859 921 760 863 828 706 778 725 1 0 49 0 11 0 68 171 121 24 65 3 120 17 52 174 102 155 s95
480 488 512 496 469 435 337 416 273 357 363 428 448 512 512 496 489 512 32 24 0 0 43 77 175 96 239 139 149 84 64 0 0 0 23 0 m62
587 600 504 474 577 600 445 467 424 443 483 485 509 514 515 502 490 412 13 0 72 126 23 0 180 158 176 182 142 140 91 86 61 98 110 188 jt84
930 889 1008 1004 988 1008 758 846 815 872 842 846 863 815 774 881 840 738 78 143 0 4 44 0 250 186 193 136 190 162 145 217 234 127 192 270 s400
710 858 836 836 831 836 670 636 730 723 624 786 702 789 614 715 744 642 126 0 0 0 27 0 204 261 144 151 273 88 134 69 222 121 114 194 d172
923 890 946 1011 976 988 881 884 757 874 865 950 876 844 787 808 800 739 65 98 42 3 12 0 69 66 193 101 85 0 112 144 201 206 188 249 o160
580 608 571 573 648 665 492 525 519 487 503 484 665 665 681 665 655 665 85 57 113 92 17 0 138 105 129 143 127 146 0 0 3 0 10 0 m117
576 630 658 620 626 684 499 425 460 462 490 445 684 600 684 684 684 665 108 54 26 64 58 0 185 259 224 222 194 239 0 84 0 0 0 19 d480
412 399 347 405 403 363 319 309 251 345 316 303 398 403 403 416 393 403 4 4 56 11 13 40 129 125 183 103 132 131 18 0 0 0 23 0 m70
1199 1063 1213 1177 1200 1230 1033 937 1073 964 1031 1095 890 974 933 886 1035 960 1 167 17 23 0 0 167 293 157 236 169 135 310 256 297 314 165 270 o131
571 546 572 572 426 532 443 395 299 425 374 486 548 452 495 552 476 549 1 0 0 0 120 40 151 172 295 169 193 108 24 94 77 20 70 23 ad373
459 426 416 455 422 379 420 440 314 414 437 384 348 314 326 385 324 351 1 34 24 5 38 81 63 43 148 69 46 99 112 146 114 75 136 109 a282
424 405 391 368 408 425 317 359 332 273 290 355 346 345 336 386 382 313 1 3 34 57 0 0 83 25 68 127 94 45 79 63 89 39 26 112 o205
2186 2192 2296 2352 2352 2296 2169 2072 2291 2215 2352 2296 2013 2125 2129 2240 2139 2158 166 104 0 0 0 0 183 224 5 137 0 0 339 171 167 112 213 138 s213
618 571 617 629 510 660 572 442 502 557 550 570 682 528 666 682 660 682 64 89 65 53 150 22 141 248 211 156 140 143 0 132 16 0 0 0 ad14
576 684 666 666 681 653 506 622 570 594 638 546 583 511 534 496 539 559 90 0 0 0 3 13 160 62 96 72 46 120 83 173 132 170 145 107 f98
1368 1447 1452 1452 1329 1437 1179 1129 1089 1319 1051 1110 1452 1369 1339 1391 1427 1452 84 5 0 0 123 15 273 323 363 133 401 342 0 83 113 61 25 0 d347
467 465 461 428 481 481 227 357 291 325 294 272 375 359 355 356 399 399 14 16 20 53 0 0 217 87 153 119 150 172 106 122 126 125 82 82 o280
469 448 459 466 461 441 407 426 443 443 455 440 455 513 513 532 532 513 63 65 54 66 71 72 125 87 70 89 77 73 77 0 0 0 0 0 j401
323 292 324 324 312 324 259 214 280 277 283 283 250 252 239 244 212 254 1 20 0 0 0 0 65 98 44 47 29 41 74 60 85 80 100 70 s45
633 595 499 638 621 487 650 424 442 489 508 481 569 565 638 638 638 638 5 43 139 0 17 151 10 236 218 171 152 179 69 73 0 0 0 0 a444
826 839 844 826 708 851 675 706 722 795 700 734 736 864 896 896 864 896 70 25 52 70 156 45 193 131 146 73 137 134 160 0 0 0 0 0 jd29
569 570 570 570 511 570 519 500 483 545 397 497 497 391 371 427 448 411 1 0 0 0 59 0 51 70 87 25 173 73 73 179 199 143 122 159 n381
150 208 207 210 210 191 153 173 165 171 166 176 168 174 178 186 196 182 60 2 3 0 0 19 57 37 45 39 44 34 42 36 32 24 14 28 jt293
428 422 411 385 418 463 417 358 323 373 320 374 497 476 506 495 467 520 92 98 109 115 102 57 103 162 197 127 200 146 23 44 14 5 53 0 m315
1709 1738 1856 1834 1760 1856 1533 1703 1753 1720 1643 1853 1551 1417 1430 1481 1554 1428 147 118 0 22 96 0 323 153 103 136 213 3 305 439 426 375 302 428 n180
503 505 443 549 570 519 375 382 347 431 369 294 563 551 513 410 527 536 67 46 108 21 0 32 195 169 204 139 201 257 7 0 38 160 43 15 o372
816 716 804 725 817 817 742 553 669 679 670 659 695 642 674 652 671 667 1 101 32 92 0 0 118 307 211 181 190 201 122 175 162 165 146 150 s333
1055 1032 1056 1056 964 1056 1058 1068 1038 1019 931 1002 913 816 849 869 859 873 1 0 0 0 68 0 42 7 62 81 144 98 143 216 207 187 173 183 n475
341 300 352 340 352 352 236 273 287 344 329 305 316 280 275 270 274 300 11 52 0 12 0 0 116 79 65 8 23 47 36 72 77 82 78 52 md207
715 705 704 720 672 744 591 675 643 701 590 740 581 545 541 555 525 533 5 39 40 0 48 0 129 69 101 19 130 4 139 199 203 165 195 211 s425
916 1125 1053 1100 1121 1100 919 1046 1054 1102 987 1144 935 967 962 949 956 906 184 0 47 0 4 0 225 124 90 42 183 0 165 158 138 151 169 194 d489
477 525 483 426 450 525 367 416 323 286 332 378 424 481 504 525 525 525 48 0 21 99 75 0 158 109 181 239 193 147 101 44 0 0 0 0 jt146
259 232 245 218 240 246 200 201 184 174 197 211 288 288 288 288 270 288 29 56 43 70 48 42 70 69 86 96 73 59 0 0 0 0 18 0 m283
832 935 896 906 987 881 806 923 908 847 919 880 932 1014 988 988 1014 988 156 79 92 82 27 107 182 91 80 141 95 108 56 0 0 0 0 0 f184
568 564 569 550 491 572 407 458 393 443 381 415 518 540 572 550 572 572 4 8 3 0 81 0 165 114 179 107 191 157 54 32 0 0 0 0 jd100
223 228 216 226 218 212 163 153 180 142 215 155 221 195 177 174 209 193 5 0 0 2 10 16 84 94 54 105 32 92 7 33 39 54 19 35 md227
627 676 702 683 653 702 519 423 489 534 452 515 702 608 655 702 676 702 75 0 0 19 23 0 183 253 213 168 224 187 0 68 47 0 0 0 d110
431 434 420 402 404 354 311 305 234 272 317 273 432 434 414 434 407 434 3 0 0 32 30 80 92 98 156 131 86 130 2 0 6 0 27 0 m403
227 228 228 228 226 227 188 149 186 179 139 225 204 202 181 164 162 228 1 0 0 0 2 1 40 79 42 49 89 3 24 26 47 64 66 0 md233
538 694 700 672 616 700 482 483 433 478 412 513 665 664 594 643 644 700 134 6 0 0 56 0 166 192 242 170 236 162 7 36 106 29 28 0 ad46
412 389 468 462 480 468 436 254 355 389 441 401 380 367 380 368 359 350 56 97 0 6 6 0 32 232 113 79 45 67 88 119 88 100 127 118 md496
624 623 663 680 672 663 590 627 536 585 659 609 639 511 497 495 532 501 56 40 0 0 8 0 130 75 166 135 61 93 41 152 166 185 148 162 f496
735 736 736 720 638 673 612 555 503 525 459 592 605 510 583 568 576 588 1 0 0 0 98 63 124 181 233 195 277 144 131 226 153 152 160 148 n192
550 619 577 570 495 628 440 340 378 376 445 410 621 491 615 641 608 620 80 11 53 81 135 2 160 260 222 244 155 190 9 139 15 10 22 10 ad187
399 364 400 245 400 389 380 269 348 258 307 309 332 320 400 420 400 400 1 36 0 175 0 11 40 151 72 183 113 111 68 80 0 0 0 0 jt188
1120 1121 1102 1121 1038 1121 1121 1086 1075 1101 984 971 960 845 896 905 857 919 1 0 0 0 83 0 0 35 27 20 137 150 161 276 206 216 264 202 n66
486 482 448 437 463 485 421 381 520 363 442 392 467 572 572 594 572 572 86 90 124 157 109 87 151 191 52 231 130 180 105 0 0 0 0 0 j315
449 435 440 450 418 445 364 292 332 357 310 353 415 402 405 404 408 420 1 15 0 0 32 5 131 203 152 138 185 142 35 48 35 46 42 30 n492
502 624 588 619 604 624 281 437 364 335 404 379 506 624 624 624 624 624 122 0 36 5 20 0 317 161 234 263 194 219 118 0 0 0 0 0 f136
548 558 481 523 558 558 351 431 332 407 405 453 426 418 390 403 382 428 10 0 59 35 0 0 176 96 178 120 122 74 132 140 150 155 176 130 o446
652 736 736 736 730 736 569 671 657 661 672 678 602 592 591 573 600 574 84 0 0 0 6 0 121 19 33 29 18 12 134 144 145 163 136 162 f447
597 730 775 750 732 775 628 563 666 577 594 649 612 588 642 499 461 503 153 45 0 0 18 0 92 181 78 143 126 95 138 187 133 251 289 272 d74
479 415 480 421 464 480 392 354 399 338 380 392 407 398 318 387 395 362 1 49 0 59 0 0 58 81 51 112 55 58 73 66 162 93 69 118 s357
1072 1120 1120 1148 1101 1120 889 906 965 942 961 888 1001 1120 1120 1148 1120 1120 48 0 0 0 19 0 271 254 195 247 199 272 119 0 0 0 0 0 f113
261 252 266 257 237 224 211 186 174 204 164 181 219 215 200 212 216 257 5 0 0 9 15 42 36 48 73 43 70 66 47 37 66 54 36 9 md44
507 493 512 528 458 512 442 355 449 515 397 483 431 338 422 421 364 356 5 19 0 0 54 0 102 189 95 46 147 61 81 174 90 107 148 156 s40
1289 1236 1396 1400 1435 1400 1309 1255 1342 1277 1339 1400 1263 1088 1149 1027 1030 1154 111 199 4 0 0 0 91 180 58 123 96 0 137 347 251 373 405 246 j349
1137 1102 1140 1140 964 998 977 908 894 908 924 981 1140 1062 1015 1140 1102 1140 3 0 0 0 138 142 133 165 216 202 149 129 0 40 125 0 0 0 ad121
833 819 826 886 830 904 677 637 769 658 714 628 774 868 884 910 906 910 77 91 58 24 80 6 268 308 149 287 231 317 136 42 0 0 4 0 f429
546 558 554 549 578 578 416 473 440 454 434 468 485 494 506 525 509 495 32 20 24 46 0 0 162 105 138 141 144 110 93 84 72 70 69 83 o341
550 532 510 532 532 551 564 555 514 520 543 575 458 494 445 509 447 481 1 0 41 19 0 0 16 5 66 60 17 5 93 38 106 42 85 70 o124
453 437 473 474 421 480 332 318 226 326 259 333 444 420 445 450 465 430 27 43 7 6 59 0 148 162 254 154 221 147 36 60 35 30 15 50 d457
587 567 588 588 426 588 495 405 449 399 383 421 529 465 489 547 536 537 1 0 0 0 141 0 65 135 111 161 157 139 59 102 99 41 31 51 ad361
1457 1485 1485 1455 1413 1485 1379 1343 1303 1416 1217 1461 1275 1329 1301 1268 1289 1181 1 0 0 3 45 0 79 142 182 42 241 24 183 156 184 190 169 304 n448
895 896 896 896 752 838 736 673 708 770 801 808 896 896 806 896 896 896 1 0 0 0 144 58 188 251 216 154 123 116 0 0 90 0 0 0 ad64
332 296 352 352 342 352 360 259 326 326 316 261 289 224 261 241 243 260 20 56 0 0 10 0 14 115 48 48 58 113 63 128 91 111 109 92 j206
504 468 559 521 527 580 581 521 470 455 430 489 547 469 509 470 432 496 76 112 1 59 53 0 28 88 118 154 179 120 33 111 51 110 148 84 jt167
319 313 374 361 360 374 339 214 210 194 308 239 298 363 374 367 312 303 55 61 0 30 14 0 35 160 164 197 66 135 76 11 0 24 62 71 jd482
353 298 326 360 348 342 259 220 250 275 272 221 307 274 238 251 252 294 7 44 16 0 12 0 81 103 73 65 68 102 53 68 104 109 108 48 md435
640 728 728 756 676 728 627 754 754 783 595 754 602 563 656 660 521 614 88 0 0 0 52 0 127 0 0 0 159 0 126 165 72 96 207 114 jd311
1203 979 1058 1204 1204 1161 1010 732 1027 1043 1098 1010 1070 1054 1161 1204 1204 1161 1 182 103 0 0 0 194 429 134 161 106 151 134 107 0 0 0 0 j27
272 241 279 203 274 254 255 247 221 221 224 246 237 238 288 288 288 288 16 47 9 85 14 34 49 57 83 83 80 58 51 50 0 0 0 0 jt318
303 364 350 350 356 350 206 250 178 209 239 278 292 287 263 293 275 288 47 0 0 0 8 0 119 88 147 116 99 47 58 77 87 57 89 62 f304
599 554 600 586 557 600 626 342 503 373 432 440 600 487 512 527 493 478 1 46 0 34 43 0 4 288 127 278 198 190 0 113 88 93 107 122 jd84
218 167 182 201 197 200 204 196 177 184 150 195 240 228 240 240 211 240 22 61 58 39 31 40 36 32 63 56 78 45 0 0 0 0 17 0 m45
207 184 182 208 158 194 194 133 127 146 140 195 178 138 139 156 153 177 1 8 26 0 34 14 27 71 94 75 64 26 30 54 69 52 39 31 a110
485 436 402 451 486 486 422 438 399 400 410 417 403 386 383 354 409 413 1 50 84 35 0 0 37 21 60 59 49 42 83 100 103 132 77 73 o107
649 583 627 650 638 629 589 437 481 470 497 477 643 675 547 650 675 650 1 92 23 0 37 21 87 265 195 206 205 199 7 0 103 0 0 0 ad91
386 378 378 378 386 378 289 284 257 269 282 265 336 347 312 360 368 331 6 0 0 14 6 0 75 67 94 95 82 86 56 31 66 32 24 47 md493
280 271 304 262 277 304 218 185 203 187 179 236 220 304 304 323 304 304 24 33 0 61 27 0 86 119 101 136 125 68 84 0 0 0 0 0 jd499
368 383 384 408 378 362 255 205 238 245 292 211 344 345 332 374 391 366 40 8 24 0 13 46 129 163 146 139 76 173 64 46 76 34 0 42 md132
532 489 559 588 555 532 434 401 348 426 418 405 594 585 612 594 531 594 62 105 53 6 39 62 127 160 230 135 143 156 0 9 0 0 63 0 m284
549 548 438 550 544 436 448 462 356 382 403 437 456 426 372 479 355 463 1 2 90 0 6 114 77 63 148 143 122 88 94 124 156 71 195 87 a143
475 379 417 476 462 476 365 328 408 409 322 374 363 362 356 380 325 374 1 83 59 0 0 0 111 134 68 67 140 102 113 100 120 96 137 102 o361
671 693 672 672 598 672 590 571 600 643 494 575 553 490 490 513 506 523 1 0 0 0 95 0 82 122 72 29 199 97 119 203 182 159 187 149 n301
744 726 690 582 711 759 642 500 533 473 545 616 645 673 759 759 726 759 15 0 69 177 15 0 94 204 203 263 159 120 114 53 0 0 0 0 jt153
320 316 304 316 317 264 239 194 215 263 280 282 303 295 271 292 319 287 2 20 18 6 19 58 83 142 107 59 56 40 19 41 51 30 17 35 m309
228 220 228 223 210 225 213 162 144 159 134 181 273 273 273 270 232 273 45 53 45 50 63 48 39 90 108 93 118 71 0 0 0 3 41 0 m325
609 614 665 632 516 608 536 410 542 461 552 599 594 614 665 646 646 665 37 51 0 14 130 57 144 290 158 219 128 101 52 51 0 0 0 0 j231
630 720 720 744 608 720 483 486 412 556 432 476 720 692 628 744 720 720 90 0 0 0 112 0 207 204 278 157 258 214 0 28 92 0 0 0 d285
556 630 610 609 586 594 475 482 418 524 469 445 630 630 630 609 548 630 74 0 20 0 44 36 185 178 242 114 191 215 0 0 0 0 82 0 m419
223 218 199 224 195 174 179 166 131 182 193 159 162 162 108 151 145 184 1 6 25 0 29 50 45 58 93 42 31 65 62 62 116 73 79 40 a119
374 336 360 356 375 375 339 170 239 248 249 251 290 304 277 290 269 296 1 39 0 19 0 0 11 180 97 102 101 99 85 71 83 85 106 79 j17
248 226 234 221 231 224 180 148 155 145 157 147 264 253 253 264 248 253 16 27 19 43 33 29 60 82 75 95 83 83 0 0 0 0 16 0 m72
683 654 672 630 684 684 640 653 682 607 656 681 513 547 589 556 585 498 1 30 12 54 0 0 82 69 40 115 66 41 171 137 95 128 99 186 o403
938 893 950 925 932 950 951 900 904 921 795 932 812 755 751 739 765 771 12 57 0 0 18 0 37 88 84 41 193 56 138 195 199 186 185 179 jd436
525 546 560 528 535 525 378 415 479 396 405 428 470 431 456 470 448 526 21 0 0 18 11 21 207 170 121 189 180 157 76 115 104 76 98 20 d255
262 251 300 289 300 300 264 178 190 217 229 205 286 238 266 262 234 232 38 49 0 11 0 0 11 97 85 58 46 70 14 62 34 38 66 68 j324
712 682 713 713 621 713 606 522 585 649 462 630 566 490 570 577 574 582 1 54 0 0 115 0 76 182 97 33 242 52 147 246 143 136 162 131 s277
853 988 962 930 913 962 758 845 772 740 728 816 855 812 903 916 926 872 109 0 0 32 75 0 204 143 190 222 260 146 107 176 59 46 62 90 d135
619 640 620 600 640 620 511 559 589 571 564 524 499 543 497 520 505 520 1 0 0 20 0 0 78 49 0 18 44 65 121 97 123 100 135 100 a52
551 528 412 532 526 552 431 415 377 356 515 381 552 522 497 547 466 466 1 0 140 20 2 0 144 135 198 219 35 194 0 6 55 5 62 86 a348
609 629 650 602 603 642 528 552 558 542 592 601 545 676 676 650 676 676 67 47 26 48 73 34 174 150 144 133 110 101 131 0 0 0 0 0 j38
332 340 291 264 309 340 231 210 219 220 226 239 244 340 320 340 340 340 8 0 29 76 31 0 92 113 85 103 97 84 96 0 0 0 0 0 jt350
890 891 812 861 877 891 807 871 740 872 793 851 826 705 700 728 807 696 28 0 79 57 41 0 145 53 184 80 159 73 92 186 191 190 111 195 o490
383 354 310 384 305 384 395 286 306 346 248 323 325 320 336 384 360 384 1 6 74 0 55 0 5 89 94 54 127 77 59 40 48 0 0 0 jd266
1967 2142 2100 2100 2142 2100 1896 1825 1898 1865 1924 1743 1848 2050 2027 1992 2044 1992 133 0 0 0 0 0 154 266 152 185 167 307 252 92 73 108 98 108 j458
343 328 396 399 383 334 315 277 242 270 227 276 399 399 399 399 325 399 56 71 3 0 16 65 84 122 157 129 172 123 0 0 0 0 74 0 m241
419 420 420 420 391 420 362 351 322 390 260 337 329 357 375 402 333 359 1 0 0 0 29 0 86 97 126 58 188 111 91 63 45 18 87 61 n380
554 595 581 582 557 598 510 494 503 554 499 459 544 598 598 598 598 598 44 3 17 16 41 0 111 127 118 67 122 162 54 0 0 0 0 0 jd334
551 529 535 522 553 534 537 392 442 411 482 453 440 575 580 580 600 580 29 71 45 58 47 46 43 208 138 169 118 127 140 25 0 0 0 0 j306
989 960 893 990 950 990 808 858 728 957 741 925 829 703 747 794 595 697 1 0 97 0 10 0 149 70 229 0 187 32 161 257 243 196 365 293 s415
649 625 650 645 473 650 499 486 470 453 474 463 650 625 522 650 625 650 1 0 0 5 152 0 125 114 154 171 126 161 0 0 128 0 0 0 ad403
366 388 403 447 424 406 326 314 248 291 302 293 442 442 441 453 391 428 76 54 39 12 18 36 116 128 194 168 140 149 0 0 1 6 51 14 m369
1375 1429 1472 1472 1339 1472 1333 1253 1332 1341 1174 1261 1330 1347 1237 1425 1366 1365 97 43 0 0 133 0 139 219 140 131 298 211 142 125 235 47 106 107 d51
900 1029 978 1052 1038 1003 779 911 930 902 935 881 914 1040 1040 1062 1040 1040 140 11 62 14 2 37 301 169 150 205 145 199 126 0 0 4 0 0 f438
301 299 319 306 249 320 256 225 144 121 160 180 323 283 263 323 306 290 22 7 4 17 57 3 86 99 198 221 164 162 0 23 60 0 0 33 ad273
236 197 230 236 257 211 249 158 175 205 146 177 286 271 286 278 278 286 50 89 56 50 29 75 15 106 89 59 118 87 0 15 0 8 8 0 m362
549 544 528 544 435 550 410 316 303 344 310 351 550 550 414 550 550 546 1 6 0 6 115 0 140 234 225 206 240 199 0 0 114 0 0 4 ad272
458 489 452 467 412 411 433 394 343 365 327 334 504 522 522 504 459 522 46 33 70 37 92 111 71 128 179 139 177 188 0 0 0 0 45 0 m226
500 500 495 410 561 528 436 438 435 429 371 434 572 572 572 598 572 568 72 72 77 188 11 44 114 112 115 146 179 116 0 0 0 0 0 4 jt482
577 602 611 637 669 641 552 474 514 519 541 430 585 667 702 728 728 702 151 100 91 91 59 61 176 228 188 209 187 272 143 35 0 0 0 0 j245
275 391 363 283 373 346 297 265 271 225 271 274 300 352 368 368 391 368 93 0 5 85 18 22 87 143 113 159 137 110 68 39 0 0 0 0 jd206
341 315 319 342 295 318 289 238 204 246 252 293 281 261 238 269 245 286 1 27 23 0 47 24 34 85 119 77 71 30 61 81 104 73 97 56 a244
585 651 630 544 631 607 421 410 463 408 432 483 628 545 596 651 625 638 66 0 0 107 20 44 199 210 137 212 188 137 23 106 34 0 26 13 d1
860 767 824 807 829 861 819 614 697 732 582 697 735 622 640 672 713 719 1 94 16 54 32 0 83 288 183 170 320 205 126 239 200 189 148 142 s234
536 528 544 516 490 537 476 439 422 503 467 475 630 564 589 630 630 630 94 102 86 114 140 93 124 161 178 97 133 125 0 66 41 0 0 0 ad175
1679 1623 1755 1794 1726 1755 1554 1491 1596 1620 1408 1498 1770 1755 1512 1779 1787 1738 115 132 0 0 68 0 286 309 204 220 432 302 24 0 243 15 7 17 d160
726 840 840 815 824 840 591 707 673 570 712 608 721 753 782 770 730 748 114 0 0 46 16 0 209 93 127 250 88 192 119 87 58 91 110 92 f26
480 465 397 474 418 481 354 347 323 322 297 390 430 413 400 478 473 385 1 29 84 7 76 0 127 147 158 159 197 91 51 81 81 3 21 96 n216
582 654 599 598 662 646 423 500 424 409 480 373 593 665 646 646 665 646 64 11 47 48 3 0 189 130 188 203 150 239 53 0 0 0 0 0 f321
745 810 810 722 598 810 581 575 605 563 635 605 780 702 786 780 780 810 35 0 0 58 182 0 199 235 205 217 145 205 0 108 24 0 0 0 ad149
487 443 506 498 361 498 371 292 373 398 287 331 414 445 506 506 483 506 19 40 0 8 122 8 157 212 155 130 217 197 92 38 0 0 0 0 jd181
449 489 463 443 357 421 438 397 326 377 382 408 484 506 389 484 506 484 35 17 21 41 149 63 68 132 180 129 147 98 0 0 95 0 0 0 ad130
356 338 307 317 357 357 275 303 255 237 262 266 271 277 268 255 293 273 1 19 50 40 0 0 61 33 81 99 74 70 86 80 89 102 64 84 o57
273 276 285 304 225 272 209 246 131 191 207 236 304 262 244 304 304 285 31 9 0 0 79 13 111 54 169 129 113 64 0 23 41 0 0 0 ad125
539 540 560 540 486 540 439 442 476 421 485 463 472 423 450 379 411 424 1 0 0 0 54 0 74 71 56 92 28 50 68 117 110 161 129 116 md87
439 418 418 440 363 403 372 298 236 305 256 362 414 399 314 421 431 389 1 0 0 0 77 15 88 139 201 155 204 75 26 19 104 19 9 29 ad208
1328 1326 1370 1237 1374 1392 1078 1207 1212 1115 1221 1182 1216 1400 1400 1365 1400 1400 72 74 30 128 26 8 362 233 228 289 219 258 184 0 0 0 0 0 j85
599 432 541 522 620 600 473 518 488 414 591 508 450 447 437 372 469 442 1 188 59 78 0 0 127 102 112 186 29 92 150 173 163 228 151 158 o422
642 739 760 708 740 580 500 605 528 520 718 570 645 780 760 760 780 760 118 41 0 52 40 180 222 136 194 202 23 152 115 0 0 0 0 0 md458
549 678 676 650 645 676 582 475 493 516 534 516 607 652 676 676 702 676 127 24 0 26 57 0 68 200 157 134 141 134 69 50 0 0 0 0 jd111
445 462 437 439 373 462 322 287 139 293 267 314 462 397 336 462 462 462 17 0 3 23 89 0 140 175 301 169 195 148 0 65 104 0 0 0 ad138
312 342 342 322 316 342 228 219 196 219 240 281 263 287 250 219 241 301 12 0 0 2 8 0 96 123 146 105 84 61 61 55 92 105 83 41 md34
481 538 562 523 526 534 439 405 334 333 408 386 456 559 567 544 546 567 65 29 5 23 20 33 81 135 206 187 112 154 90 8 0 2 0 0 j379
486 456 520 520 476 520 368 359 458 490 345 432 449 435 441 447 387 458 34 44 0 0 24 0 126 116 36 4 130 62 71 65 79 73 113 62 n398
181 196 169 177 187 182 154 166 99 125 156 141 141 147 152 171 174 156 1 0 13 5 9 0 41 44 96 70 54 54 41 49 30 11 22 26 md215
417 396 457 458 480 472 502 465 425 448 382 416 520 472 488 520 502 520 103 124 63 62 40 48 44 81 121 98 164 130 0 48 32 0 18 0 m203
444 485 461 517 547 521 421 344 346 332 357 341 543 551 532 551 510 551 107 66 71 34 4 30 101 178 158 190 165 181 8 0 0 0 41 0 m156
199 229 234 234 231 234 147 126 150 155 138 137 201 227 234 234 247 234 35 18 0 0 16 0 69 102 66 61 90 79 33 20 0 0 0 0 jd235
359 296 360 360 353 360 251 201 273 245 186 228 297 261 290 309 263 280 1 64 0 15 7 0 85 135 63 105 150 108 63 99 70 66 97 80 s239
297 301 323 285 281 311 196 194 178 198 265 219 315 329 332 348 318 336 39 35 13 63 55 25 112 114 130 121 43 89 21 7 4 0 18 0 m80
344 345 291 345 331 272 282 279 184 161 279 251 242 233 242 319 236 278 1 0 39 0 14 73 63 66 146 184 66 94 103 112 88 26 109 67 a346
714 743 750 720 720 750 511 567 617 529 573 593 570 743 744 705 715 737 6 7 0 0 0 0 185 158 108 167 123 132 150 7 6 15 5 13 j130
363 357 378 288 357 378 269 254 288 251 263 305 290 357 378 378 357 378 15 0 0 90 0 0 127 120 108 145 111 91 88 0 0 0 0 0 jd253
452 475 450 424 431 473 310 312 345 350 329 301 370 475 450 475 475 475 23 0 0 51 44 2 146 144 87 106 127 155 105 0 0 0 0 0 jd285
182 208 205 202 216 216 111 163 124 185 163 164 203 152 144 177 193 171 34 8 11 14 0 0 105 53 92 31 53 52 13 64 72 39 23 45 md441
363 350 350 339 364 350 213 169 225 204 259 267 286 242 282 300 300 300 1 0 0 25 0 0 125 156 100 134 79 58 78 108 68 64 64 50 n468
663 643 703 684 648 703 424 475 412 504 438 430 670 697 645 684 667 698 21 60 0 0 36 0 260 228 291 180 246 273 14 6 58 0 17 5 d274
343 437 442 459 459 459 321 393 374 389 402 382 335 352 352 346 384 378 116 22 0 0 0 0 165 93 94 97 84 104 124 107 90 113 75 81 f299
569 570 570 570 515 570 531 463 529 570 444 436 490 431 431 436 428 455 1 0 0 0 55 0 39 107 41 0 126 134 80 139 139 134 142 115 n409
514 594 603 612 523 607 454 469 456 384 380 523 605 591 536 587 499 494 98 0 9 0 71 5 124 92 122 194 181 55 7 3 76 25 95 118 ad36
285 271 270 187 255 257 235 206 225 207 212 178 246 242 288 288 272 288 3 1 18 101 17 31 53 66 63 81 60 110 42 30 0 0 0 0 jt233
374 276 371 375 360 363 338 193 296 308 339 301 368 321 341 322 305 311 1 84 4 0 0 12 62 191 104 92 45 99 7 39 34 53 55 64 a260
153 150 150 160 156 150 110 99 100 96 129 107 131 121 110 105 128 124 7 0 0 0 4 0 34 36 35 48 15 28 29 29 40 55 32 26 md45
431 441 406 432 386 376 324 290 246 293 243 284 406 379 389 394 409 428 1 3 26 0 58 56 108 154 186 139 201 148 26 65 43 38 35 4 n297
549 550 528 533 418 550 356 327 280 383 289 365 550 529 400 517 536 550 1 0 0 17 132 0 169 198 224 142 236 160 0 21 128 33 14 0 ad345
863 1001 955 975 921 954 764 621 617 627 654 713 984 991 892 1016 1055 1003 160 55 68 48 135 69 228 403 375 365 370 279 39 65 131 7 1 20 ad370
411 453 440 379 487 464 360 339 433 357 385 386 408 506 506 506 506 506 95 53 66 127 19 42 124 145 51 127 99 98 98 0 0 0 0 0 jd376
341 360 375 375 335 375 319 246 285 353 328 335 371 350 259 261 241 292 34 0 0 0 25 0 81 138 115 47 56 65 4 10 116 114 119 83 md114
322 316 306 323 281 323 306 188 235 282 215 311 257 272 292 298 205 278 1 7 0 0 42 0 17 135 71 41 108 12 66 51 14 25 118 45 jd324
279 280 280 263 274 275 238 192 169 198 218 218 266 240 221 199 203 225 1 0 0 3 6 5 42 88 111 68 62 62 14 40 59 67 77 55 md152
1448 1449 1426 1421 1338 1449 1385 1349 1324 1384 1246 1324 1190 1175 1188 1266 1110 1177 1 0 0 28 111 0 127 163 164 128 266 188 259 274 238 183 339 272 n479
263 280 295 292 239 266 266 205 182 206 246 266 304 280 242 304 304 304 41 24 9 12 65 38 57 118 141 117 77 57 0 24 62 0 0 0 ad383
706 732 701 653 587 667 662 586 468 588 554 580 768 768 656 753 768 768 62 36 67 147 181 101 82 158 276 187 190 164 0 0 112 47 0 0 ad157
773 756 774 774 709 774 732 637 628 733 663 670 702 627 643 651 645 599 1 0 0 0 47 0 85 161 189 84 135 147 72 129 131 123 111 175 n228
405 412 388 438 420 398 385 334 348 349 356 370 448 448 440 464 410 448 43 36 60 26 28 50 91 142 128 144 120 106 0 0 8 0 38 0 m92
187 158 182 160 183 170 182 191 140 160 137 156 216 216 216 204 197 216 29 58 34 44 33 46 34 25 76 44 79 60 0 0 0 0 19 0 m350
1221 1222 1222 1147 1013 1195 963 1018 826 934 883 1009 1222 1222 953 1175 1222 1222 1 0 0 28 209 27 233 178 370 216 313 187 0 0 269 0 0 0 ad423
597 575 499 564 598 575 543 559 449 499 443 534 424 422 387 431 355 467 1 0 76 34 0 0 81 41 151 125 181 66 174 153 188 167 243 108 o470
449 435 341 436 450 435 375 367 343 358 359 369 343 322 318 337 352 332 1 0 94 14 0 0 75 68 92 92 91 66 107 113 117 113 98 103 o173
1023 920 953 1050 975 953 876 799 793 823 765 924 1056 1056 1024 991 1056 1056 33 136 71 6 81 103 147 224 199 200 258 99 0 0 0 65 0 0 m167
616 675 675 702 700 675 653 485 472 492 548 457 599 619 675 702 702 675 86 0 0 0 2 0 49 190 203 210 154 218 103 56 0 0 0 0 j382
316 348 418 393 399 399 323 294 316 231 265 307 335 305 341 379 373 360 83 51 0 6 0 0 55 84 80 147 113 71 64 94 77 20 26 39 jd366
366 399 356 278 399 380 330 267 255 246 301 301 377 331 380 399 399 399 33 0 24 121 0 19 69 132 125 153 98 98 22 68 0 0 0 0 jt342
682 591 660 520 776 676 644 567 551 532 552 612 699 655 748 748 782 748 66 191 88 228 6 72 82 192 175 194 207 114 49 127 0 0 0 0 jt97
228 247 260 247 221 240 174 144 146 193 151 172 247 239 173 204 221 227 19 0 0 0 26 7 54 84 94 35 77 56 0 8 87 43 26 20 md365
175 190 194 216 193 205 161 171 132 161 99 167 165 186 195 170 201 184 56 41 26 15 38 26 49 39 68 49 111 43 66 45 25 61 30 47 jt258
283 321 313 345 330 330 253 238 215 235 230 217 289 327 274 339 263 326 47 9 17 0 0 0 77 92 115 110 100 113 41 3 56 6 67 4 m310
139 130 140 140 106 140 96 85 103 90 99 100 127 128 117 117 118 111 1 0 0 0 24 0 44 45 37 50 31 40 13 2 23 23 12 29 md266
294 310 297 296 280 300 227 236 224 201 221 258 270 248 288 291 284 250 6 0 3 4 30 0 103 105 106 129 120 72 30 62 12 9 26 50 n159
1133 1134 992 1094 1134 1134 785 981 988 939 901 982 1013 947 973 912 997 969 1 0 142 61 0 0 295 99 92 161 179 98 121 187 161 243 137 165 o436
317 400 380 380 398 380 250 152 145 190 204 234 307 383 380 380 400 380 63 0 0 0 2 0 111 228 216 171 176 127 73 17 0 0 0 0 f119
593 485 548 642 620 644 549 397 383 341 429 435 558 620 633 633 557 616 51 136 96 2 1 0 95 224 261 303 192 209 86 1 11 11 64 28 m172
747 603 724 669 748 726 725 500 712 593 652 710 608 484 484 522 567 525 1 123 2 79 0 0 23 226 14 155 96 16 140 242 242 226 181 201 s322
956 780 871 957 816 957 951 729 842 891 611 891 768 737 596 716 687 747 1 177 57 0 141 0 39 261 118 99 379 99 189 220 332 241 270 210 s32
466 463 422 444 451 414 344 359 310 373 315 364 486 486 468 486 456 486 20 23 46 42 35 72 115 100 132 86 144 95 0 0 0 0 30 0 m271
1251 1258 1260 1260 1260 1260 1040 1071 1060 1095 1013 1108 1175 1157 1038 1165 1119 1150 9 2 0 0 0 0 265 234 245 210 292 197 85 103 222 95 141 110 d118
512 513 513 497 513 513 431 439 413 430 426 415 453 443 449 459 482 453 1 0 0 16 0 0 55 47 73 56 60 71 60 70 64 54 31 60 md121
639 646 646 660 571 646 594 586 619 668 517 645 580 445 498 536 513 471 7 0 0 3 75 0 90 98 65 34 167 39 66 201 148 127 133 175 n120
321 312 322 322 303 287 275 253 291 291 269 294 259 234 257 275 271 269 1 10 0 0 19 35 70 92 54 54 76 51 63 88 65 47 51 53 a142
670 754 775 750 750 775 534 609 555 503 609 632 633 665 729 695 644 640 80 21 0 0 0 0 216 166 220 247 141 143 117 110 46 55 106 135 f71
390 374 391 391 366 391 309 254 316 271 278 261 348 331 330 328 333 337 1 0 0 0 8 0 82 120 75 120 96 130 43 43 61 63 41 54 md363
767 659 756 716 723 768 689 521 602 628 625 622 556 525 561 528 518 546 1 109 12 52 45 0 79 247 166 140 143 146 212 243 207 240 250 222 s329
551 529 552 457 529 552 451 373 417 359 377 400 411 497 527 531 514 509 1 0 0 95 0 0 77 133 111 169 129 128 141 32 25 21 15 43 jd210
757 823 851 797 836 854 595 500 518 499 620 543 880 728 858 880 880 837 123 35 7 83 44 4 245 319 301 341 220 276 0 130 0 0 0 21 d47
359 318 360 342 322 360 373 321 375 355 299 355 286 293 240 263 319 272 1 42 0 0 38 0 7 59 5 6 81 25 74 67 120 79 41 88 jd398
647 569 562 613 630 648 391 463 552 510 495 450 559 521 506 482 528 608 1 61 86 35 0 0 221 132 60 102 100 162 89 109 142 166 102 40 o98
482 606 600 475 549 501 502 505 480 532 541 497 531 533 609 638 638 609 156 3 9 163 89 108 114 83 108 84 75 91 107 76 0 0 0 0 jt128
1221 1252 1289 1258 1258 1295 1234 921 1256 1112 1127 1238 1063 1271 1207 1225 1209 1229 37 43 6 0 0 0 58 409 74 180 165 92 195 24 88 33 49 66 j200
359 360 330 296 349 360 308 316 257 295 300 284 270 290 277 265 278 304 1 0 30 49 11 0 76 68 127 73 84 100 90 70 83 80 82 56 o129
186 187 198 181 184 179 153 147 148 113 121 116 176 156 172 183 160 168 1 0 0 6 3 8 34 40 50 74 66 71 11 31 26 4 27 19 md81
599 620 558 600 620 600 497 553 455 501 591 582 427 495 449 446 490 466 1 0 42 0 0 0 103 67 145 99 29 18 173 125 151 154 130 134 o308
478 484 471 422 484 506 461 358 396 388 393 365 421 465 506 506 484 506 28 0 35 84 0 0 68 148 133 141 113 164 85 19 0 0 0 0 jt306
748 756 753 719 619 726 577 626 444 562 621 639 756 732 636 729 756 756 8 0 3 10 137 30 207 158 340 194 163 145 0 24 120 0 0 0 ad389
1274 1326 1300 1326 1198 1326 1122 1078 1073 1154 1027 1040 1326 1326 1147 1326 1326 1326 52 0 0 0 128 0 204 248 227 172 299 286 0 0 153 0 0 0 d66
461 462 387 402 462 462 319 297 329 334 338 265 374 370 322 346 389 392 1 0 61 60 0 0 110 132 87 95 91 164 88 92 126 116 73 70 o168
562 464 552 444 489 552 496 409 371 353 268 391 535 460 549 565 561 547 14 88 0 132 87 0 80 143 181 223 308 161 41 92 3 11 15 5 jt190
798 799 816 799 718 799 658 677 633 712 573 632 673 604 656 681 682 642 1 0 0 0 81 0 94 75 135 40 179 120 126 195 160 118 117 157 n298
1175 1055 1176 1176 1200 1176 982 1041 1072 1030 1051 985 1092 967 1001 1018 1044 999 1 145 0 0 0 0 145 109 55 97 99 142 84 233 175 158 156 177 s498
381 418 350 396 418 305 370 377 237 345 383 248 318 284 254 281 311 266 15 0 46 0 0 91 8 22 141 33 16 130 78 134 142 115 107 130 a322
540 638 616 616 580 616 385 407 399 473 391 437 616 519 616 581 608 616 76 0 0 0 58 0 231 231 217 143 247 179 0 119 0 35 30 0 d427
640 738 756 756 703 756 637 531 535 552 551 555 735 599 642 709 620 582 116 0 0 0 35 0 77 166 179 162 146 159 21 139 114 47 118 174 n133
300 310 267 310 304 322 280 257 270 281 167 284 265 242 263 266 266 244 22 12 41 12 18 0 65 88 60 64 178 61 57 80 45 56 56 78 o247
335 279 329 336 278 311 277 192 167 173 159 189 325 318 285 298 299 319 1 41 7 0 42 25 38 108 148 142 141 126 11 2 51 38 21 17 ad77
303 288 304 266 268 273 232 184 212 211 136 251 266 241 193 205 184 212 1 0 0 38 20 31 91 122 111 112 170 72 38 47 111 99 104 92 md32
1295 1252 1330 1330 1230 1225 1167 1141 1073 1004 1186 1150 1330 1365 1119 1330 1365 1330 35 113 0 0 135 105 201 263 295 364 218 218 0 0 211 0 0 0 ad436
1154 1143 1104 1155 1056 1155 945 1027 807 1024 826 1050 960 788 887 863 906 949 1 45 51 0 132 0 175 125 313 96 326 70 195 400 268 292 282 206 s459
199 181 205 226 187 193 222 165 137 148 135 178 240 240 240 236 217 240 41 59 35 14 53 47 34 91 119 108 121 78 0 0 0 4 23 0 m119
475 476 465 449 474 476 349 382 365 359 338 426 359 368 347 361 384 389 1 0 11 10 2 0 155 122 139 127 166 78 117 108 129 98 92 87 o327
608 609 609 609 463 582 488 427 428 412 383 436 609 609 516 609 609 609 1 0 0 0 146 27 121 182 181 197 226 173 0 0 93 0 0 0 ad305
620 598 579 621 588 558 516 485 417 489 545 483 568 584 571 593 514 555 1 0 42 0 10 63 78 87 177 105 27 111 53 14 50 28 84 66 a121
1177 1113 1209 1155 1174 1209 1096 1126 1234 1192 1104 1230 1009 864 991 915 902 961 1 96 0 23 4 0 120 122 14 24 112 18 169 345 218 263 276 248 s455
377 378 354 360 378 378 314 355 296 268 300 349 310 327 361 327 331 283 1 0 38 18 0 0 91 50 124 137 105 56 68 51 31 51 47 95 o261
1354 1428 1386 1273 1309 1386 1152 1127 1131 1069 1086 1142 1189 1360 1386 1386 1428 1386 32 0 0 113 119 0 201 267 222 284 308 211 197 68 0 0 0 0 jd394
239 228 228 240 230 228 180 157 154 192 150 141 226 217 183 162 158 153 1 0 0 0 10 0 80 90 93 68 110 106 14 11 45 78 82 75 md264
3037 3157 3190 2794 3116 3157 2792 2578 2588 2859 2505 2711 2849 2912 2801 2981 2812 2840 120 0 8 363 41 0 288 502 532 221 575 369 308 245 397 176 345 317 j12
484 532 532 546 485 532 378 403 414 467 354 424 449 457 423 479 470 434 48 0 0 0 47 0 154 129 118 79 178 108 83 75 109 67 62 98 d195
979 980 960 841 895 980 804 828 766 609 785 807 929 829 959 933 941 934 1 0 20 104 85 0 148 124 186 309 167 145 51 151 21 12 39 46 jt66
547 611 587 621 594 557 471 464 470 456 473 509 588 646 642 665 646 646 99 35 59 44 52 89 175 182 176 209 173 137 58 0 4 0 0 0 f433
891 900 1026 1026 1026 1011 755 827 736 760 767 948 1024 1018 1026 943 1015 1026 135 126 0 0 0 15 309 237 328 304 297 116 2 8 0 83 11 0 m286
255 293 287 308 308 308 233 205 199 214 208 217 244 240 240 236 255 227 53 15 21 14 0 0 53 81 87 85 78 69 64 68 68 86 53 81 o299
695 672 696 696 654 696 652 591 541 607 519 605 649 545 561 549 540 603 1 0 0 0 18 0 73 109 184 118 181 120 47 127 135 147 132 93 md320
702 642 636 607 703 703 532 500 649 557 507 519 523 504 516 537 606 567 1 61 67 96 0 0 208 240 91 183 233 221 180 199 187 166 97 136 o143
346 434 433 409 390 434 295 309 300 256 252 352 404 363 335 333 344 360 74 0 1 11 30 0 95 94 103 134 138 51 16 71 99 87 76 74 f395
299 300 300 270 300 300 225 204 219 238 261 215 269 243 248 194 206 230 1 0 0 15 0 0 75 96 81 47 39 85 31 57 52 91 94 70 md407
629 600 568 587 501 589 534 454 418 456 415 506 630 630 576 630 630 630 1 30 62 43 129 41 96 176 212 174 215 124 0 0 54 0 0 0 ad79
947 969 802 833 921 975 764 789 782 804 686 797 803 800 788 760 779 817 3 6 173 117 29 0 148 147 154 108 226 139 147 175 187 190 171 158 o444
517 532 518 518 465 518 412 382 389 420 408 354 439 413 434 410 414 453 1 0 0 0 67 0 143 188 166 135 162 201 79 119 84 108 118 65 n76
611 612 509 577 612 612 476 489 417 381 445 459 439 492 475 489 433 483 1 0 103 53 0 0 102 89 161 214 133 119 173 120 137 141 179 129 o345
527 528 483 491 528 528 472 494 413 409 465 484 431 383 421 425 376 425 1 0 61 37 0 0 56 34 131 119 63 44 97 145 123 103 152 103 o401
326 320 360 368 361 352 278 239 238 247 209 262 378 378 396 378 335 378 52 58 36 10 17 26 79 118 136 110 148 95 0 0 0 0 43 0 m96
827 860 837 860 812 860 659 677 697 758 726 672 815 693 660 737 737 793 33 0 3 0 48 0 244 226 185 145 177 231 45 167 180 123 123 67 n67
279 203 306 306 289 306 251 193 261 237 242 279 187 217 261 215 184 232 27 86 0 0 0 0 73 113 63 87 64 45 119 72 45 91 105 74 j500
990 1146 1195 1196 1173 1196 910 820 998 796 895 1004 1122 967 1107 976 1005 960 206 27 1 0 0 0 286 353 198 400 278 192 74 206 89 220 168 236 f24
1781 1671 1571 1782 1757 1782 1553 1391 1628 1431 1409 1671 1526 1486 1500 1371 1368 1422 1 111 211 0 25 0 283 445 208 405 427 165 256 296 282 411 414 360 s88
1576 1643 1662 1390 1619 1635 1471 1543 1554 1314 1432 1471 1603 1759 1804 1804 1804 1804 228 161 142 414 185 169 377 305 294 534 416 377 201 45 0 0 0 0 j171
594 541 589 558 591 595 464 397 514 498 408 439 492 414 458 424 494 459 1 71 6 37 21 0 96 179 46 62 168 121 103 198 137 171 118 136 s271
391 338 363 379 324 344 249 233 270 211 254 236 340 389 379 395 382 397 15 68 43 27 82 62 128 144 107 166 123 141 66 17 27 11 24 9 n155
574 567 442 575 575 575 532 538 459 443 551 531 412 438 446 419 462 478 1 8 133 0 0 0 68 62 141 157 49 69 163 137 129 156 113 97 o373
518 519 532 485 525 532 377 250 329 289 329 362 433 431 476 476 437 400 14 13 0 61 7 0 117 244 165 218 165 132 99 101 56 70 95 132 s453
336 341 332 334 303 352 288 245 263 295 264 306 281 317 352 309 314 295 16 0 20 18 38 0 96 127 121 89 108 78 71 24 0 43 27 57 j293
332 384 385 329 353 343 293 267 298 282 281 292 331 391 408 408 391 408 76 7 23 79 38 65 115 124 110 126 110 116 77 0 0 0 0 0 jd168
623 621 650 500 561 650 567 493 515 339 424 485 586 547 650 624 622 648 1 29 0 124 63 0 33 132 110 261 176 140 38 103 0 0 2 2 jt89
598 589 618 610 496 620 487 409 349 395 401 399 627 608 518 627 608 627 29 19 9 17 112 7 173 231 311 265 239 261 0 0 109 0 0 0 ad280
441 403 442 453 440 442 321 344 323 361 383 409 325 359 391 382 321 384 1 39 0 6 2 0 147 124 145 125 85 59 117 83 51 77 121 58 s468
462 450 491 503 467 520 414 412 440 369 401 417 490 471 463 444 465 440 58 57 29 17 40 0 146 134 120 191 145 143 30 36 57 76 42 80 s13
344 345 282 345 345 326 294 290 224 278 308 216 279 268 253 259 275 278 1 0 63 0 0 19 28 32 98 44 14 106 66 77 92 86 70 67 a401
464 375 476 493 476 476 383 278 339 282 299 283 448 455 423 493 408 451 12 101 0 0 0 0 65 170 109 182 149 165 28 21 53 0 68 25 m133
649 539 609 650 650 601 606 468 453 540 594 455 538 580 495 543 539 535 1 86 16 0 0 24 18 132 147 84 30 145 112 45 130 107 111 90 a29
385 432 416 416 391 416 250 302 267 295 240 242 408 414 366 416 432 413 31 0 0 0 41 0 166 130 149 121 192 174 8 18 50 0 0 3 d259
544 571 586 557 583 503 406 307 389 341 362 428 516 612 594 594 612 587 50 41 8 37 29 91 155 271 172 220 216 133 78 0 0 0 0 7 f194
1089 1044 1024 1031 951 1118 973 978 1003 1089 984 1001 1118 1112 1106 1099 1057 1118 29 74 94 87 167 0 188 183 158 72 177 160 0 6 12 19 61 0 m94
416 469 510 447 468 489 383 281 254 356 289 353 532 437 502 532 532 513 116 44 3 85 64 24 121 205 232 148 215 133 0 76 11 0 0 0 d247
276 350 336 350 350 350 237 271 260 281 315 286 322 249 231 254 246 264 74 0 0 0 0 0 88 54 52 44 10 39 28 101 105 96 104 86 f144
436 460 437 373 427 437 373 350 342 297 307 326 362 387 437 437 446 428 1 0 0 64 33 0 45 90 76 121 133 92 75 73 0 0 14 9 jd81
755 742 586 664 709 756 702 792 636 677 608 746 545 602 610 575 617 583 1 14 170 74 47 0 96 6 162 102 190 52 211 154 146 163 139 173 o298
458 522 532 414 373 532 395 380 427 405 398 398 426 468 532 504 504 532 46 10 0 90 131 0 109 152 105 99 106 134 78 64 0 0 0 0 jt465
703 720 740 725 715 740 614 538 527 578 539 564 625 649 695 674 692 717 37 0 0 15 5 0 126 182 213 162 181 176 115 71 45 66 28 23 j436
497 564 587 561 526 577 419 336 320 299 376 360 503 567 560 570 543 542 73 25 2 9 44 12 121 222 238 241 164 198 67 22 29 0 27 47 f345
433 403 423 414 378 385 443 298 355 344 414 366 353 415 429 442 442 429 9 26 6 28 64 44 33 164 107 132 62 96 89 14 0 0 0 0 j82
260 300 315 315 300 315 251 282 272 259 280 289 264 210 209 219 247 252 55 0 0 0 0 0 85 38 64 77 40 47 51 90 106 96 53 63 f217
367 391 408 425 394 408 280 256 222 310 301 231 402 408 408 425 372 408 41 17 0 0 14 0 104 128 162 90 83 153 6 0 0 0 36 0 m90
234 255 228 238 239 176 208 234 166 180 251 167 201 224 174 215 208 191 4 0 10 0 16 62 44 36 86 72 19 85 37 31 64 23 47 47 a464
390 429 486 486 465 439 441 414 388 403 280 395 390 406 373 397 406 396 96 57 0 0 21 47 45 72 98 83 206 91 96 80 113 89 80 90 jd294
419 467 439 432 468 486 334 422 371 358 371 400 381 413 416 358 426 382 49 19 47 36 0 0 108 37 88 84 71 59 87 73 70 110 42 104 o417
611 672 693 693 667 693 470 495 476 544 490 571 596 627 666 638 619 616 82 0 0 0 5 0 190 145 184 116 150 89 97 45 27 55 53 77 f353
711 814 828 721 823 747 587 633 517 591 672 647 828 735 828 828 851 828 117 37 0 107 28 81 205 181 275 201 142 145 0 116 0 0 0 0 d86
227 289 187 222 259 223 215 234 194 239 190 233 285 300 285 285 260 285 58 11 98 63 41 62 70 66 91 46 110 52 0 0 0 0 40 0 m158
505 622 637 648 604 640 448 395 400 349 403 346 574 561 510 515 546 627 143 8 11 0 26 8 164 200 212 263 192 266 74 69 138 133 84 21 n128
388 448 448 428 448 448 380 307 336 302 273 420 446 448 448 432 448 445 60 0 0 4 0 0 68 141 112 130 175 28 2 0 0 0 0 3 f235
794 792 771 772 786 795 581 556 544 672 571 565 684 612 631 610 618 628 1 3 24 23 9 0 161 186 198 70 171 177 111 183 164 185 177 167 n104
832 769 858 858 858 858 711 682 647 708 667 649 835 856 837 855 785 815 26 89 0 0 0 0 114 143 178 117 158 176 23 2 21 3 73 43 m54
431 441 432 424 448 432 353 244 327 282 294 316 410 395 429 432 442 426 1 9 0 8 2 0 103 231 129 174 181 140 22 55 3 0 8 6 j236
749 750 646 725 720 750 681 706 517 694 541 684 551 551 621 544 551 538 1 0 104 0 30 0 39 14 203 2 179 36 199 199 129 181 199 212 o33
430 445 413 451 487 477 467 392 238 331 359 379 544 484 544 528 544 544 114 99 131 77 57 67 77 152 306 197 185 165 0 60 0 0 0 0 m454
515 552 469 378 535 469 391 458 446 433 494 442 445 543 532 532 560 532 17 8 63 154 25 63 141 102 86 99 66 90 87 17 0 0 0 0 jt137
1386 1548 1512 1502 1548 1512 1169 1195 1302 1168 1224 1143 1258 1520 1512 1512 1548 1497 126 0 0 10 0 0 385 396 252 386 367 411 254 28 0 0 0 15 j386
484 609 593 593 569 604 324 365 321 363 331 411 609 543 527 609 609 609 125 0 16 16 40 5 256 215 259 217 249 169 0 66 82 0 0 0 d218
1132 1312 1312 1280 1165 1312 1023 1098 1116 1098 982 1052 1243 1304 1131 1280 1255 1288 148 0 0 0 115 0 297 255 237 222 338 301 37 8 181 0 25 24 d166
791 679 768 755 713 770 667 564 670 622 672 674 668 644 643 740 678 683 1 91 2 37 79 0 89 171 65 134 84 61 124 126 127 52 114 87 s90
457 506 484 484 506 484 417 443 432 411 467 449 416 450 459 454 487 449 27 0 0 0 0 0 89 86 74 95 62 57 68 56 25 30 19 35 jd474
306 325 256 289 327 298 159 283 231 218 233 228 269 243 230 241 288 267 13 5 63 30 3 21 160 47 88 101 97 91 50 87 89 78 42 52 o288
736 707 752 774 748 774 576 575 606 608 559 527 647 700 645 613 608 660 38 67 4 0 26 0 155 156 108 123 172 204 127 74 111 161 166 114 n43
2027 2027 2057 2055 1990 2106 1687 1618 1776 1676 1753 1741 2097 1872 2106 2067 2065 2106 79 79 49 12 116 0 419 488 330 391 353 365 9 234 0 0 41 0 d85
223 234 252 234 234 172 202 170 100 188 223 137 203 187 121 164 158 185 11 0 0 0 0 62 32 64 152 46 11 97 31 47 131 70 76 49 a301
282 271 267 226 267 250 237 189 168 203 188 201 306 312 312 299 274 312 30 41 45 73 45 62 75 123 144 96 124 111 6 0 0 0 38 0 m306
216 208 240 248 262 244 200 188 142 155 165 186 285 299 283 285 256 285 69 92 45 37 38 41 66 92 124 111 115 80 0 1 2 0 44 0 m17
311 288 304 352 345 334 294 273 244 253 268 284 368 384 368 368 371 368 57 96 64 16 39 34 74 111 124 115 116 84 0 0 0 0 13 0 m165
591 611 623 605 582 575 634 450 530 435 530 480 560 580 630 630 630 630 39 19 7 25 48 55 26 210 130 225 130 180 70 50 0 0 0 0 j496
271 319 336 336 352 336 183 256 297 277 272 317 285 271 257 266 218 273 65 33 0 0 0 0 174 118 60 80 102 40 51 81 79 70 134 63 n500
477 491 501 428 472 413 387 363 447 428 468 379 437 522 496 540 540 536 63 49 39 112 68 127 180 204 120 139 99 188 103 18 44 0 0 4 md24
515 520 576 459 523 481 421 342 391 363 370 442 457 505 576 552 552 552 37 32 0 93 29 71 108 187 161 166 159 87 95 47 0 0 0 0 jd244
426 426 414 429 374 415 263 183 233 263 221 299 378 361 338 383 364 352 3 3 2 0 55 14 133 213 151 133 175 97 51 68 78 46 65 77 n327
724 600 637 635 725 725 624 490 608 609 630 631 584 479 506 500 470 568 1 125 113 90 0 0 72 206 112 87 66 65 141 246 244 225 255 157 s413
644 563 651 614 543 651 620 413 520 465 421 516 579 508 651 611 603 615 7 57 0 37 77 0 52 227 152 207 219 156 72 112 0 40 17 36 jt200
709 705 756 735 690 735 648 577 681 738 591 701 588 546 646 643 536 611 26 30 0 0 45 0 122 193 111 32 179 69 147 189 110 92 199 124 s203
815 934 932 897 824 960 549 676 636 632 673 647 966 760 966 956 943 955 151 9 34 69 119 6 375 226 288 292 229 277 0 183 0 10 0 11 d365
297 310 333 357 336 357 296 286 251 279 273 311 343 241 305 263 201 283 60 30 24 0 4 0 61 54 106 78 67 46 14 99 52 94 139 74 s4
159 169 176 187 187 187 140 149 147 114 188 167 157 137 141 140 148 153 28 18 0 0 0 0 64 55 45 90 16 37 30 50 35 47 39 34 jd256
373 325 418 408 419 396 409 294 295 252 312 337 386 371 327 366 367 347 47 95 2 12 1 24 11 126 125 168 108 83 34 49 93 54 53 73 j215
458 442 459 459 424 459 424 351 359 378 382 384 410 342 376 340 358 367 1 0 0 0 18 0 35 91 100 81 60 75 49 100 83 119 84 92 md185
1172 1240 1240 1240 1240 1240 974 1017 1039 886 960 1052 1240 1110 1183 1228 1240 1237 68 0 0 0 0 0 306 263 241 394 320 228 0 130 57 12 0 3 d128
395 328 396 387 404 396 341 138 262 184 261 216 316 369 396 396 414 396 1 86 0 9 10 0 33 253 112 190 130 158 80 45 0 0 0 0 j380
679 635 620 663 593 680 575 439 523 555 477 582 547 528 536 559 601 538 1 45 60 0 87 0 105 241 157 108 203 98 133 152 144 104 79 142 s114
769 746 766 792 782 782 607 635 646 634 634 654 707 850 825 825 850 825 56 104 59 33 68 43 185 181 146 158 182 138 118 0 0 0 0 0 j391
263 256 247 256 236 210 244 213 208 230 211 248 288 288 288 276 270 288 25 32 41 20 52 78 68 99 104 69 101 64 0 0 0 0 18 0 m137
417 406 401 400 349 368 345 306 302 307 346 351 410 404 387 420 354 409 3 0 19 20 57 52 105 129 148 143 89 99 10 2 33 0 52 11 m246
498 512 546 502 477 546 484 383 415 378 349 376 492 443 546 546 520 546 48 8 0 44 43 0 83 157 152 189 191 191 54 77 0 0 0 0 jd421
372 406 405 406 379 370 332 323 274 240 320 315 382 370 392 371 357 391 34 0 15 0 27 36 103 112 176 195 115 120 24 36 28 35 49 15 f63
254 214 247 255 255 190 246 150 143 189 208 173 211 218 190 201 198 230 1 41 8 0 0 65 9 105 112 66 47 82 44 37 65 54 57 25 a296
431 478 398 440 504 422 433 391 338 428 399 405 529 552 529 529 501 529 98 74 131 89 48 107 96 161 191 101 153 124 0 0 0 0 51 0 m34
861 836 858 842 721 816 837 676 841 860 818 822 803 751 900 900 864 900 39 28 42 58 143 84 88 212 84 65 70 103 97 113 0 0 0 0 jd139
390 396 447 450 456 410 416 337 317 353 300 389 377 369 351 335 351 388 78 72 21 0 12 58 26 105 125 72 142 53 91 99 117 115 117 80 jt294
556 630 609 609 630 609 493 559 515 551 544 559 553 630 609 609 625 609 53 0 0 0 0 0 145 101 123 87 116 79 56 0 0 0 5 0 f124
349 350 364 350 328 350 266 273 277 296 314 258 313 324 307 273 325 287 1 0 0 0 22 0 109 102 113 79 61 117 37 26 57 77 25 63 md36
1210 1363 1363 1255 1328 1363 1061 1162 1207 1199 1102 1183 1334 1244 1320 1334 1334 1363 124 0 0 79 6 0 319 248 203 181 278 227 0 119 43 0 0 0 d184
591 576 592 539 572 592 427 412 469 339 349 355 445 413 460 431 511 491 1 0 0 53 4 0 128 128 86 216 191 200 147 163 132 161 65 101 n480
849 844 948 951 918 853 877 876 780 891 633 890 888 888 892 895 922 830 119 146 20 17 72 115 91 114 188 77 357 78 80 102 76 73 68 138 jd442
1258 1258 1292 1070 1258 1292 1023 1007 1067 1056 980 1046 1064 1258 1292 1292 1258 1292 34 0 0 222 0 0 269 251 225 236 278 246 228 0 0 0 0 0 jd411
284 277 299 296 307 261 303 311 244 257 263 258 360 360 360 360 333 342 76 83 61 64 53 99 33 25 92 79 73 78 0 0 0 0 27 18 m148
590 665 662 647 660 639 498 470 461 436 535 485 573 669 672 651 672 672 82 7 10 4 12 33 206 234 243 246 169 219 99 3 0 0 0 0 f202
501 505 505 510 475 502 364 411 358 375 437 378 463 544 544 528 544 544 43 39 39 18 69 42 180 133 186 153 107 166 81 0 0 0 0 0 f188
367 322 366 368 316 336 351 253 299 292 349 317 305 321 295 265 287 299 1 30 2 0 36 32 40 121 92 99 25 74 63 31 73 103 65 69 a369
832 720 731 769 732 718 792 564 648 582 706 664 716 766 814 836 836 814 4 94 83 67 104 96 6 213 129 216 92 113 120 48 0 0 0 0 j175
496 448 486 447 461 513 462 429 474 432 403 437 453 441 369 451 333 405 17 65 0 66 52 0 51 84 12 81 110 76 60 72 117 62 180 108 jt74
1245 1288 1353 1326 1295 1357 1069 1081 1091 1124 1028 1199 1404 1349 1316 1348 1240 1320 181 138 73 100 131 69 295 283 273 240 336 165 22 77 110 78 186 106 n442
734 754 780 750 662 715 591 582 706 593 592 686 640 805 840 840 805 840 106 51 60 90 143 125 249 223 134 247 213 154 200 0 0 0 0 0 jd460
983 984 960 984 901 984 776 859 835 901 731 917 781 691 685 636 725 692 1 0 0 0 83 0 167 84 85 42 212 26 203 293 275 348 259 292 n35
1046 993 1225 1200 1200 1225 1109 989 1039 1094 1031 1145 1193 1110 1070 1046 1074 1096 154 232 0 0 0 0 91 236 186 106 169 80 7 115 155 154 126 129 f430
242 232 217 253 295 249 231 268 211 222 225 185 245 285 268 223 217 223 44 67 69 33 4 37 77 54 97 86 97 123 41 14 18 63 82 63 md338
562 485 494 535 513 562 500 543 489 486 423 482 640 584 619 640 590 640 78 135 146 105 107 78 108 46 119 122 166 126 0 36 21 0 30 0 m211
474 456 436 430 452 475 430 426 366 382 352 402 300 338 329 310 376 360 1 0 39 45 4 0 20 6 84 68 80 48 175 118 146 165 80 115 o230
565 527 660 590 593 638 603 484 598 495 478 567 568 533 551 503 542 505 73 111 0 48 45 0 35 154 62 143 160 71 70 105 109 135 96 133 jt426
697 683 695 712 663 671 569 505 573 524 599 556 651 748 748 748 748 748 51 65 53 36 85 77 179 243 175 224 149 192 97 0 0 0 0 0 j243
507 492 575 554 467 575 436 397 322 344 388 358 575 575 463 539 575 570 68 83 0 21 108 0 116 155 230 208 164 194 0 0 112 36 0 5 ad421
783 763 784 698 661 784 769 685 645 594 531 670 738 686 777 797 781 751 1 21 0 114 123 0 43 127 167 247 281 142 46 98 7 15 3 33 jt186
208 209 198 209 202 209 174 165 164 194 200 163 194 189 164 166 184 179 1 0 0 0 7 0 54 63 52 34 28 65 15 20 34 43 25 30 md159
488 551 530 558 556 558 485 404 359 420 363 483 483 449 512 512 502 432 70 7 46 0 2 0 73 154 217 138 195 75 75 109 64 46 56 126 s260
518 586 576 490 600 576 387 472 451 311 390 468 575 543 510 557 584 574 58 14 0 86 0 0 165 103 101 241 185 84 1 57 66 19 16 2 d324
904 1068 985 1075 1075 1075 936 959 955 973 856 1040 898 807 903 821 965 875 171 7 65 0 0 0 139 116 95 102 219 35 177 268 147 254 110 200 o426
489 478 494 494 457 494 365 372 426 370 327 382 471 372 392 458 417 393 5 3 0 0 24 0 167 146 106 162 191 150 23 109 102 36 64 101 n412
724 754 725 725 640 690 597 599 596 555 550 581 662 735 572 655 715 696 1 0 0 0 114 35 103 129 104 145 178 119 63 19 153 70 39 29 ad90
446 432 423 450 422 364 421 308 311 358 358 339 378 316 346 411 338 366 4 0 27 0 10 86 29 124 139 92 74 111 72 116 104 39 94 84 a185
1059 974 1080 974 1053 1060 982 934 940 888 927 967 826 800 876 844 855 844 1 86 0 86 7 0 131 179 194 225 186 146 234 260 204 216 205 216 s454
353 297 383 384 359 358 219 282 218 231 224 292 396 378 388 374 349 399 46 83 16 15 21 41 159 78 160 147 136 86 3 2 11 25 31 0 m46
789 1015 986 986 868 986 774 772 737 756 707 700 986 825 980 980 1008 956 197 0 0 0 147 0 246 278 283 264 343 320 0 190 6 6 7 30 d301
318 281 360 360 378 360 322 348 341 298 296 289 320 333 279 275 276 295 42 97 0 0 0 0 58 51 39 82 103 91 40 45 81 85 102 65 jd74
847 1024 871 891 1040 1014 805 747 799 806 1003 1014 863 1040 1000 795 745 834 167 16 143 123 0 0 209 293 215 208 37 0 151 0 14 219 295 180 jt180
