9 11 2 32 9 20 12 20 36 27 34 34 0 31 12 24 25 0 7
10 9 4 32 15 16 22 13 36 26 36 32 0 25 16 14 32 0 7
6 8 3 34 9 16 9 12 32 26 24 29 2 27 20 23 20 0 7
17 26 0 40 21 23 28 20 44 27 29 44 0 29 17 16 35 0 7
14 6 1 34 7 23 10 13 32 18 26 31 2 29 13 22 19 0 7
15 18 3 43 7 27 20 18 50 35 22 47 2 29 18 30 22 0 7
33 26 4 93 21 64 26 47 91 58 52 87 5 63 34 65 31 0 7
4 11 0 48 16 17 27 6 42 41 25 45 2 24 33 18 30 3 7
12 12 0 44 12 25 22 21 50 38 28 50 1 24 20 28 19 0 7
6 8 3 29 17 12 26 9 35 30 37 33 3 23 20 10 36 1 7
18 8 2 75 14 33 43 13 79 66 64 82 2 52 44 41 59 5 7
27 13 1 38 6 24 13 19 45 18 23 44 2 26 16 32 17 0 7
5 11 0 30 25 11 33 7 34 31 34 36 2 15 21 3 38 2 7
9 9 3 36 14 16 18 13 32 23 31 29 0 31 20 14 27 0 7
22 11 4 75 10 41 39 23 83 62 61 80 2 56 36 45 49 1 7
3 12 0 21 22 7 24 12 21 21 20 24 0 6 14 0 20 3 7
0 8 0 29 11 13 15 9 31 32 24 32 3 21 19 17 23 1 7
16 18 2 90 36 44 69 21 90 75 73 89 1 55 47 22 70 1 7
15 7 5 81 21 54 37 28 77 62 59 72 3 51 30 40 38 0 7
5 17 1 65 36 33 50 21 62 61 49 65 7 36 39 16 45 4 7
5 4 0 43 7 20 12 12 40 35 28 40 2 29 25 28 20 0 7
1 9 0 30 18 9 32 5 33 35 36 36 2 22 23 4 40 3 7
9 9 4 28 23 5 32 8 27 23 31 28 0 12 23 0 32 5 7
10 17 3 36 16 18 16 24 40 30 33 37 0 29 18 24 26 0 7
33 21 6 107 19 44 47 12 97 71 70 98 5 79 68 57 79 7 7
17 2 5 82 9 43 42 18 83 67 82 79 2 75 41 42 66 1 7
8 15 0 45 21 14 37 5 45 42 25 50 0 15 31 13 35 5 7
8 13 0 34 30 13 31 8 31 24 27 32 2 15 23 1 32 1 7
9 10 2 32 14 14 22 11 35 27 35 34 0 26 18 14 34 1 7
3 10 1 33 23 12 32 7 34 33 35 35 3 22 24 4 38 2 7
23 13 7 82 20 40 52 21 82 61 59 77 2 52 44 32 51 2 7
13 15 1 32 14 21 15 23 36 23 21 35 0 18 11 21 13 0 7
12 18 3 40 24 21 26 14 36 24 18 33 0 16 19 10 22 0 7
10 17 7 36 25 9 31 2 28 26 19 29 0 11 27 5 34 8 7
7 15 1 36 13 24 15 21 36 29 30 35 0 32 12 21 24 0 7
5 6 3 35 11 15 13 10 32 27 26 29 1 25 21 19 22 0 7
19 12 1 32 16 15 27 4 31 13 28 31 0 24 17 5 36 1 7
18 12 1 32 9 17 19 4 31 14 20 31 0 23 15 13 28 1 7
9 15 4 36 11 17 13 14 36 27 21 32 0 25 19 23 22 0 7
45 37 43 69 29 30 52 16 95 60 53 62 29 55 68 53 74 10 7
21 15 2 44 10 25 18 21 50 29 25 48 1 26 20 32 19 0 7
7 9 0 32 8 19 12 15 32 25 23 32 0 24 13 20 17 0 7
4 14 0 50 14 25 28 11 49 46 26 50 0 26 25 22 29 1 7
33 16 29 95 9 74 69 54 120 87 104 91 17 103 38 51 66 0 7
2 7 2 32 18 11 22 8 31 30 25 30 4 18 25 10 24 1 7
11 7 1 45 13 13 25 4 41 34 29 44 0 23 32 20 32 4 7
16 10 2 68 16 47 24 42 72 56 74 70 4 68 25 48 42 0 7
15 19 4 62 55 14 72 15 52 57 53 68 16 23 64 0 57 20 7
7 23 1 59 28 25 56 7 62 59 32 65 1 22 35 10 48 4 7
26 20 3 88 27 26 57 7 81 65 71 88 3 64 65 34 84 10 7
56 28 5 102 27 61 39 50 104 48 76 99 2 77 43 65 54 0 7
15 12 4 44 10 31 16 27 50 35 28 46 1 26 14 34 13 0 7
10 13 0 68 15 32 25 12 64 56 53 66 4 57 40 41 54 2 7
17 14 1 66 21 26 37 16 70 55 70 71 0 56 40 35 68 2 7
8 9 0 43 24 18 43 5 42 37 36 45 2 21 27 2 40 3 7
11 9 0 28 14 9 24 6 30 21 31 32 0 21 19 8 34 2 7
8 16 2 47 36 11 45 11 31 37 29 43 3 14 39 0 34 14 7
14 8 7 82 14 32 38 9 80 70 64 77 2 58 52 46 63 4 7
3 19 1 36 27 13 31 14 35 33 26 35 0 18 23 5 31 1 7
39 19 4 40 23 23 29 7 41 6 26 41 0 17 17 16 38 4 7
11 9 1 28 10 14 18 11 32 21 15 31 0 11 14 14 13 0 7
47 31 42 48 43 6 65 14 46 18 34 23 22 27 64 0 51 19 7
12 16 5 49 15 29 16 20 45 33 20 40 1 25 21 29 16 0 7
25 21 6 49 16 34 16 27 50 25 29 44 1 34 16 34 23 0 7
8 20 6 45 24 20 41 11 49 42 20 44 0 12 25 9 29 1 7
14 7 2 49 15 34 17 26 45 31 38 43 1 35 16 28 19 0 7
19 11 20 39 31 15 43 6 49 36 33 35 16 13 40 12 38 6 7
11 14 2 36 12 14 22 8 38 29 26 38 0 24 22 18 32 2 7
19 17 1 45 34 12 50 10 43 31 33 49 0 11 33 0 40 7 7
2 7 1 41 12 24 16 11 40 38 25 39 4 24 21 24 21 0 7
11 9 0 32 13 20 12 22 32 21 31 32 0 27 12 20 18 0 7
7 5 0 38 6 18 19 8 43 38 31 45 2 26 22 26 28 2 7
8 9 2 32 11 24 5 22 36 28 36 34 4 34 12 31 23 0 7
22 18 1 32 9 21 16 11 36 14 27 35 0 31 11 20 34 0 7
11 15 2 36 25 11 28 3 26 21 17 30 0 11 25 4 29 6 7
1 11 0 36 17 12 22 6 31 31 21 32 0 19 24 10 26 1 7
6 11 3 36 18 8 28 1 22 26 13 29 0 9 28 4 23 10 7
11 16 0 40 25 11 35 4 37 29 24 40 0 15 29 5 36 3 7
1 10 0 33 21 10 24 4 30 31 22 32 3 15 26 8 28 2 7
25 23 7 66 46 20 51 3 57 41 43 59 0 20 46 15 63 9 7
15 9 0 35 9 20 10 14 32 17 23 32 1 27 16 22 18 0 7
9 7 0 35 10 15 14 8 32 23 25 32 1 26 21 18 24 0 7
16 14 8 71 19 40 35 24 72 56 70 64 1 65 32 37 60 0 7
7 23 1 59 28 25 56 7 62 59 32 65 1 22 35 10 48 4 7
8 10 0 40 17 10 37 2 35 37 26 45 0 15 30 8 34 10 7
6 7 0 36 17 13 22 9 31 26 33 32 0 28 23 10 31 1 7
27 32 3 83 22 45 48 34 91 64 46 88 1 50 39 43 44 0 7
13 16 6 72 34 25 56 11 65 59 68 66 0 50 47 16 73 7 7
16 11 0 31 7 16 14 9 32 16 21 32 1 25 16 18 23 0 7
16 11 1 69 16 45 20 35 66 50 66 65 3 68 27 46 42 0 7
19 14 2 40 17 22 26 9 36 17 31 34 0 33 18 10 36 0 7
5 7 0 31 6 13 9 12 32 27 25 32 1 26 19 23 20 0 7
15 12 1 40 23 9 44 4 32 30 24 44 0 9 31 1 32 13 7
46 21 6 84 29 50 54 21 90 45 70 85 0 55 34 37 70 1 7
21 31 8 84 50 44 88 23 87 70 73 83 0 46 40 3 81 4 7
7 15 1 36 13 24 15 21 36 29 30 35 0 32 12 21 24 0 7
2 4 0 30 23 9 29 3 29 30 36 32 6 22 27 3 37 3 7
15 10 0 35 12 23 15 18 32 17 30 32 1 33 13 17 22 0 7
20 14 1 36 13 21 18 18 36 16 31 35 0 32 15 18 27 0 7
4 8 1 39 12 18 30 7 43 41 28 44 1 20 22 15 29 2 7
5 10 1 42 20 19 33 4 38 35 22 39 3 16 26 7 28 2 7
3 12 0 35 24 13 29 8 34 33 33 36 1 21 23 7 37 2 7
9 9 4 28 23 5 32 8 27 23 31 28 0 12 23 0 32 5 7
13 6 3 32 16 11 24 6 31 19 34 29 0 24 21 8 34 1 7
12 15 5 32 14 19 21 15 36 24 30 31 0 26 13 15 30 0 7
11 9 0 32 12 19 12 21 36 25 36 36 0 28 13 24 24 0 7
22 16 4 98 26 50 47 20 88 69 88 87 0 86 48 44 84 3 7
4 16 1 40 17 18 37 6 43 41 20 44 0 15 22 8 30 2 7
25 17 1 45 12 23 23 14 50 25 33 49 0 33 22 27 36 0 7
22 9 5 84 27 29 74 13 78 62 75 79 0 57 55 10 71 6 7
6 8 0 32 9 14 17 9 32 26 24 32 0 23 18 15 23 0 7
17 15 5 32 7 23 7 5 34 19 12 31 4 20 13 29 22 2 7
9 13 1 32 11 21 18 17 36 27 32 35 0 29 11 18 28 0 7
6 4 2 30 6 18 6 16 32 26 28 30 2 26 14 26 16 0 7
10 12 2 32 11 20 15 21 36 26 33 34 0 29 12 21 24 0 7
23 18 2 43 9 33 15 29 50 27 32 48 2 36 12 35 21 0 7
9 17 1 45 18 23 32 15 49 41 33 49 0 27 22 18 35 1 7
5 9 0 39 17 11 35 2 39 40 27 45 1 15 29 10 34 6 7
13 10 1 32 7 24 7 22 32 19 30 31 4 38 12 25 18 0 7
6 10 0 32 24 11 32 6 32 30 35 36 0 16 21 4 39 4 7
8 9 0 32 18 10 26 5 30 24 31 32 0 22 22 6 35 2 7
3 11 0 35 13 21 16 17 32 29 21 32 1 23 15 16 15 0 7
40 10 3 78 24 54 57 31 96 56 74 93 18 60 42 39 53 0 7
11 6 0 32 15 14 17 12 32 21 34 32 0 25 18 15 28 0 7
12 9 1 44 11 21 24 10 44 33 27 44 1 25 24 21 26 1 7
5 15 0 74 27 34 60 8 79 79 57 84 10 45 50 24 64 5 7
20 17 4 36 17 20 20 16 32 12 23 28 0 28 16 12 24 0 7
27 27 4 45 16 36 24 34 50 23 33 46 0 38 9 26 26 0 7
6 10 0 32 24 11 32 6 32 30 35 36 0 16 21 4 39 4 7
22 18 12 32 18 17 33 9 36 14 9 24 0 6 15 3 18 0 7
8 13 8 45 33 12 45 12 30 37 23 37 0 3 33 0 24 15 7
15 10 3 68 13 33 26 26 72 57 74 69 4 71 39 46 58 0 7
21 4 6 96 23 57 64 25 96 75 80 90 0 61 39 32 59 0 7
10 17 0 54 17 27 18 22 50 40 33 50 1 38 28 32 28 0 7
17 11 0 32 12 7 23 1 27 15 21 32 0 20 25 9 31 5 7
17 14 2 46 13 35 16 28 45 28 22 43 4 27 15 29 8 0 7
33 9 19 72 5 59 16 38 84 51 75 65 12 79 25 68 46 0 7
8 12 0 45 19 15 32 2 36 32 20 40 0 17 30 8 30 4 7
4 6 1 32 10 17 18 12 32 28 34 31 0 30 15 14 28 0 7
4 13 1 32 12 19 17 18 36 32 23 35 0 20 13 19 18 0 7
25 13 0 40 9 13 33 1 38 20 23 45 0 23 27 12 35 7 7
7 9 0 32 8 19 12 15 32 25 23 32 0 24 13 20 17 0 7
18 6 1 43 9 25 19 13 40 22 26 39 2 27 20 21 19 0 7
18 15 0 36 15 23 18 14 32 14 25 32 0 30 13 14 26 0 7
10 7 1 36 17 22 22 13 32 22 33 31 0 28 14 10 27 0 7
9 9 4 28 23 5 32 8 27 23 31 28 0 12 23 0 32 5 7
4 6 2 36 13 20 16 14 32 28 34 30 0 32 16 16 26 0 7
8 19 3 32 25 12 34 12 35 28 26 33 0 15 20 2 33 1 7
8 14 1 72 25 16 62 1 61 70 51 77 0 35 56 16 64 17 7
14 6 0 35 14 15 14 11 32 18 34 32 1 31 21 18 29 0 7
4 12 1 39 19 25 19 20 36 32 33 35 1 31 15 17 25 0 7
21 12 4 32 7 23 16 20 36 15 33 32 0 33 9 20 25 0 7
12 11 1 77 25 39 44 34 72 60 73 71 1 66 39 28 50 0 7
6 9 0 36 14 11 20 8 34 30 27 36 0 22 25 16 28 2 7
7 12 1 32 16 15 19 11 32 25 28 31 0 24 17 13 29 0 7
15 23 0 32 24 12 31 12 36 21 22 36 0 16 20 5 33 0 7
26 6 10 104 9 81 43 33 104 78 85 94 8 89 31 61 58 0 7
10 14 3 32 14 16 21 9 36 26 31 33 0 26 16 15 36 0 7
6 19 0 32 25 13 33 12 35 30 26 36 0 15 19 3 33 1 7
6 9 5 34 9 23 7 22 32 26 31 27 2 36 13 25 18 0 7
19 37 5 71 22 48 27 46 78 59 41 73 1 50 24 51 32 0 7
5 6 3 35 11 15 13 10 32 27 26 29 1 25 21 19 22 0 7
14 14 3 39 8 25 14 14 36 22 22 33 1 32 15 22 22 0 7
6 6 1 32 11 8 21 4 30 26 26 31 0 21 24 11 28 2 7
12 12 6 34 8 30 9 25 36 24 33 30 2 37 6 27 20 0 7
34 19 3 71 14 37 37 16 72 38 53 69 1 58 35 35 56 0 7
5 7 0 39 17 16 31 6 43 40 29 45 6 19 29 14 30 2 7
16 8 0 31 6 16 10 16 36 20 28 36 1 26 16 26 20 0 7
6 6 2 44 7 21 20 9 44 39 30 43 1 29 24 25 27 1 7
3 10 2 33 22 12 32 5 34 33 35 34 3 23 24 4 40 2 7
4 6 4 36 12 18 14 12 32 28 34 28 0 33 18 18 28 0 7
2 5 0 36 14 15 21 7 32 30 35 32 0 31 21 11 33 0 7
20 28 1 77 27 42 30 35 78 58 63 77 1 64 36 48 56 0 7
10 7 10 66 19 19 40 9 66 62 65 62 0 47 47 32 63 6 7
15 9 8 79 10 43 42 24 83 69 63 76 5 62 41 42 48 1 7
4 22 1 54 31 22 39 10 49 46 28 49 1 24 33 11 40 1 7
23 20 3 32 13 17 27 11 36 13 25 33 0 27 15 9 34 0 7
8 13 3 48 13 36 14 31 50 42 37 47 2 37 14 36 19 0 7
1 9 0 42 25 19 41 3 38 44 27 45 3 11 26 4 33 7 7
11 6 0 32 15 14 17 12 32 21 34 32 0 25 18 15 28 0 7
18 8 9 85 19 30 57 11 78 66 88 75 6 85 61 27 85 6 7
7 15 1 36 13 24 15 21 36 29 30 35 0 32 12 21 24 0 7
6 8 0 40 11 14 26 2 36 34 24 40 0 21 26 14 30 4 7
2 15 0 44 19 14 36 2 40 43 21 45 1 17 31 9 34 5 7
29 9 9 85 7 58 26 27 91 62 82 82 6 84 33 65 64 0 7
6 8 3 34 9 16 9 12 32 26 24 29 2 27 20 23 20 0 7
19 15 0 32 13 10 26 3 34 17 30 36 0 27 22 10 42 2 7
4 6 0 36 15 17 19 10 32 28 34 32 0 30 19 13 30 0 7
11 9 0 32 12 19 12 21 36 25 36 36 0 28 13 24 24 0 7
9 7 0 36 15 16 21 9 32 23 33 32 0 30 20 11 31 0 7
4 11 1 42 14 22 28 12 44 41 25 44 3 22 23 17 24 1 7
1 12 0 32 19 15 31 10 35 35 33 36 0 21 17 5 35 1 7
29 36 5 80 25 60 21 57 78 49 55 73 4 73 24 57 34 0 7
17 26 0 40 21 23 28 20 44 27 29 44 0 29 17 16 35 0 7
19 12 0 35 10 21 16 16 36 17 33 36 1 35 15 20 29 0 7
6 6 1 32 11 8 21 4 30 26 26 31 0 21 24 11 28 2 7
18 9 0 34 8 23 14 13 32 14 23 32 2 28 13 18 19 0 7
27 8 3 50 16 29 22 19 45 18 37 42 0 34 21 23 26 0 7
14 16 2 40 19 20 38 8 44 31 20 43 0 13 20 7 28 1 7
3 5 1 36 14 19 16 13 32 29 35 31 0 31 17 16 27 0 7
29 18 13 54 25 6 26 15 13 21 22 37 1 19 49 24 25 37 3
16 16 7 31 11 2 16 21 5 20 20 29 1 21 30 20 15 31 3
20 10 11 45 16 5 15 14 3 20 30 29 0 29 40 25 26 37 3
21 19 10 40 35 3 22 19 5 19 21 30 0 5 37 18 21 35 3
19 9 4 32 11 0 7 12 6 17 36 32 0 29 32 29 33 30 3
32 13 20 73 19 3 19 26 11 52 71 64 4 58 74 65 58 73 3
25 24 17 45 26 6 21 30 11 25 26 33 0 19 39 29 20 39 3
17 15 12 45 23 3 15 18 5 28 30 33 0 22 42 30 27 40 3
25 14 14 42 15 5 17 16 7 20 22 31 3 21 40 28 20 38 3
17 14 7 28 8 3 12 16 3 15 18 25 0 20 25 20 16 29 3
21 16 15 47 18 3 12 15 5 24 20 30 3 22 47 33 21 40 3
12 8 7 32 15 0 12 12 4 20 24 25 0 17 32 20 20 28 3
10 8 10 36 17 1 9 13 3 22 32 22 0 28 35 23 27 29 3
32 25 23 50 21 15 12 15 3 13 20 22 0 29 35 33 30 42 3
27 21 15 45 21 6 23 17 7 23 29 35 0 24 39 27 33 43 3
17 9 6 36 23 0 8 11 2 15 31 26 0 22 36 24 29 30 3
14 21 21 45 38 10 34 30 9 31 33 24 0 16 35 11 24 36 3
30 22 31 40 16 23 24 20 11 20 28 19 5 29 22 26 30 39 3
7 9 1 36 37 1 12 22 4 25 31 31 0 8 35 20 18 28 3
20 11 14 32 15 6 15 13 12 12 13 18 0 9 26 17 11 20 3
20 13 8 32 26 1 16 17 4 16 32 28 0 14 31 20 28 32 3
16 12 11 40 15 2 18 15 6 24 20 29 0 17 38 22 17 34 3
17 14 13 50 23 2 17 11 5 28 22 32 0 17 48 28 25 40 3
9 12 5 36 38 2 15 19 4 23 28 27 0 7 34 17 21 28 3
14 9 5 32 14 0 6 14 1 18 31 27 0 26 32 26 26 31 3
6 6 6 34 15 0 4 11 1 26 34 26 2 30 36 28 29 31 3
26 21 8 32 21 5 12 24 12 10 24 28 0 19 27 24 21 24 3
18 18 8 36 29 3 14 22 8 14 22 24 0 16 33 18 18 24 3
25 7 4 40 8 1 7 8 11 15 25 36 0 24 39 33 24 29 3
14 12 8 33 13 3 10 16 1 18 20 24 3 23 33 22 16 31 3
20 17 10 32 15 0 12 17 4 16 28 26 0 25 32 24 28 32 3
21 14 12 40 12 5 13 15 11 24 22 33 0 20 35 32 21 34 3
21 13 6 36 31 4 9 19 6 11 27 26 0 14 32 23 21 26 3
14 12 5 36 20 1 11 19 0 18 28 27 0 25 35 21 21 32 3
24 14 5 32 23 1 8 20 5 8 26 27 0 17 31 24 20 27 3
11 13 10 35 17 0 9 12 2 21 27 22 1 28 36 23 28 30 3
32 19 12 51 41 6 28 12 10 18 31 38 4 14 49 22 38 40 3
5 15 5 45 37 3 14 18 3 35 25 35 0 8 42 26 22 37 3
30 14 11 40 13 4 19 21 7 15 22 34 0 19 36 26 15 38 3
11 8 10 32 20 0 16 14 1 21 32 22 0 20 32 16 26 31 3
15 13 11 45 19 3 13 19 7 30 32 34 0 26 42 32 26 38 3
35 37 27 91 78 10 52 51 18 56 67 64 0 26 81 39 53 73 3
21 14 17 39 15 10 18 19 1 19 26 23 1 25 30 22 21 39 3
12 12 9 36 24 0 10 17 4 20 28 23 0 21 36 22 23 28 3
12 21 11 32 30 2 28 22 5 24 24 25 0 10 30 8 23 31 3
30 11 8 45 32 5 15 16 10 15 25 37 0 4 40 30 20 35 3
35 18 6 40 16 4 19 19 4 10 27 39 0 24 36 26 26 41 3
35 18 6 40 16 4 18 26 4 10 36 39 0 32 36 27 28 41 3
18 24 18 96 56 0 29 34 5 78 60 78 0 28 96 67 50 91 3
24 15 9 43 17 9 12 14 3 16 17 31 2 19 36 28 18 37 3
15 6 6 41 12 0 6 11 7 25 26 34 4 24 45 34 21 33 3
25 14 11 45 17 5 22 24 11 25 26 39 0 19 40 28 16 39 3
17 14 6 32 21 0 17 20 3 19 31 30 0 19 32 19 25 33 3
51 28 20 81 35 13 31 33 22 33 44 64 3 37 71 53 39 62 3
19 9 6 32 21 0 8 17 3 13 31 26 0 19 32 24 23 29 3
12 11 4 32 14 0 5 14 4 20 21 28 0 18 32 27 18 28 3
29 18 9 40 12 3 23 19 7 16 18 36 0 20 37 22 17 38 3
14 13 11 36 24 3 10 16 6 18 19 21 0 12 33 22 16 26 3
22 11 7 36 22 1 10 18 2 10 29 25 0 23 35 22 22 30 3
17 9 6 36 23 0 8 11 2 15 31 26 0 22 36 24 29 30 3
16 15 20 40 22 8 35 17 6 29 21 25 0 10 32 10 19 39 3
13 11 8 43 13 1 10 12 6 32 25 37 2 23 44 35 24 39 3
53 33 16 81 42 21 29 39 25 31 63 68 3 54 63 55 57 59 3
15 9 7 30 11 0 5 10 5 17 31 25 2 29 32 27 30 27 3
19 10 9 42 15 5 14 11 4 21 22 31 3 21 40 26 21 36 3
20 18 6 32 15 3 12 23 4 16 27 30 0 25 29 24 22 32 3
30 17 10 45 20 3 19 24 4 15 28 35 0 25 42 26 21 41 3
20 9 7 57 16 4 6 16 12 34 36 47 3 34 56 48 29 42 3
9 10 3 32 20 0 1 11 1 19 25 25 0 20 32 27 24 27 3
9 10 3 32 20 0 1 11 1 19 25 25 0 20 32 27 24 27 3
12 12 6 32 14 0 9 15 3 20 28 26 0 26 32 23 25 29 3
29 26 34 82 25 5 35 27 9 55 58 50 2 59 79 49 57 75 3
21 28 12 44 39 4 24 29 8 23 27 32 0 16 40 20 26 36 3
27 21 24 42 22 14 27 25 18 28 34 31 8 28 36 28 30 37 3
21 16 16 45 25 4 18 21 5 24 29 29 0 20 41 27 24 40 3
21 12 11 45 16 0 16 18 6 24 24 34 0 20 45 29 18 39 3
10 16 6 45 36 3 11 18 3 30 24 34 0 9 42 29 22 37 3
31 18 10 40 19 5 23 24 5 14 27 35 0 21 35 22 21 40 3
42 20 17 75 23 0 28 21 12 42 52 67 2 43 77 56 51 72 3
34 15 9 50 25 1 15 17 10 16 35 41 0 25 49 35 33 40 3
24 24 18 55 54 4 21 20 6 26 36 32 0 12 51 29 40 44 3
26 15 13 40 17 4 18 21 8 19 21 32 0 15 36 27 15 37 3
19 14 12 48 21 2 25 11 9 31 26 38 7 23 53 25 29 41 3
9 8 8 45 15 4 7 11 3 31 32 32 0 30 41 33 29 37 3
29 18 9 40 12 3 23 19 7 16 18 36 0 20 37 22 17 38 3
25 18 15 45 17 4 19 26 8 25 32 35 0 28 41 31 24 42 3
20 13 8 32 26 1 16 17 4 16 32 28 0 14 31 20 28 32 3
35 29 33 38 32 14 40 21 10 25 43 27 17 34 41 20 51 50 3
8 22 5 18 19 0 8 11 11 32 28 35 18 26 36 32 39 29 3
5 15 5 45 37 3 14 18 3 35 25 35 0 8 42 26 22 37 3
10 11 6 32 11 3 4 13 3 22 29 26 0 29 29 28 27 29 3
17 7 6 32 20 2 10 15 5 15 25 26 0 12 30 22 17 27 3
25 26 28 47 22 17 23 14 11 30 40 27 3 38 33 32 52 44 3
15 10 11 47 20 4 13 20 6 30 26 34 3 20 46 32 16 39 3
16 17 3 28 17 0 10 14 3 16 23 29 0 18 28 22 26 29 3
17 12 10 45 16 1 15 14 6 28 24 35 0 20 44 30 22 39 3
20 12 5 32 26 0 15 17 2 12 28 27 0 14 32 17 23 30 3
11 3 9 36 7 0 7 12 4 34 33 36 9 29 45 38 24 41 3
15 11 12 40 11 0 12 19 3 30 25 33 0 21 40 33 17 42 3
17 8 4 28 9 0 12 12 4 15 16 28 0 12 28 20 12 28 3
12 12 9 32 14 1 9 18 4 20 20 23 0 18 31 23 14 28 3
17 19 13 36 21 5 8 18 3 19 26 23 0 24 31 28 27 33 3
26 15 7 40 42 2 15 22 4 10 30 29 0 8 38 21 23 32 3
15 10 10 40 12 1 21 18 8 30 26 35 0 20 39 24 18 37 3
9 10 3 32 20 0 1 11 1 19 25 25 0 20 32 27 24 27 3
17 15 33 54 27 9 44 16 13 37 30 21 0 18 45 10 29 41 3
43 34 55 98 63 16 70 64 33 62 86 50 0 49 82 35 56 72 3
20 10 11 45 16 5 15 14 3 20 30 29 0 29 40 25 26 37 3
16 10 5 32 15 0 9 18 1 16 30 27 0 25 32 23 22 31 3
24 18 28 84 36 5 40 22 10 53 48 49 0 36 79 37 44 67 3
36 17 13 74 19 0 16 23 11 48 55 71 3 47 77 68 49 73 3
12 13 5 32 28 2 7 18 3 16 22 23 0 12 30 21 17 25 3
17 11 13 39 13 2 19 20 9 28 25 32 1 19 38 26 16 36 3
17 7 10 41 12 4 14 16 3 23 25 30 4 24 41 26 16 37 3
22 13 3 28 19 0 12 16 6 10 27 29 0 16 28 20 24 26 3
15 9 4 36 17 0 8 11 3 17 31 28 0 28 36 24 29 29 3
20 18 3 32 21 4 14 22 5 12 22 29 0 19 28 18 18 27 3
23 14 9 43 14 4 18 16 7 22 22 36 2 22 41 27 20 38 3
25 11 9 39 14 5 14 14 3 15 21 31 1 18 35 26 18 37 3
15 16 10 32 17 0 15 14 3 21 29 26 0 23 32 21 31 33 3
16 12 7 32 14 4 13 19 5 16 20 25 0 18 28 19 13 27 3
25 13 9 40 23 3 24 14 6 15 27 31 0 17 37 16 26 34 3
24 17 7 36 29 3 13 24 5 8 23 25 0 16 33 19 16 27 3
16 24 9 37 33 2 20 22 6 24 26 31 3 17 38 20 28 34 3
13 11 4 37 9 0 8 13 5 32 25 41 3 23 40 37 23 40 3
19 9 6 32 21 0 8 17 3 13 31 26 0 19 32 24 23 29 3
29 15 10 40 13 6 14 16 8 16 21 35 0 19 34 31 20 37 3
38 31 14 50 32 8 30 22 5 17 24 41 0 18 42 25 33 50 3
23 16 10 50 29 4 14 20 9 22 29 35 0 21 46 31 25 36 3
46 30 78 70 24 77 58 24 66 38 54 6 14 60 7 26 60 18 3
11 13 10 35 17 0 9 12 2 21 27 22 1 28 36 23 28 30 3
21 8 9 40 11 1 14 12 9 24 28 36 0 21 39 31 24 36 3
26 15 11 45 18 2 17 23 11 24 25 39 0 18 43 33 17 39 3
63 51 17 56 59 10 45 18 8 0 21 46 0 5 46 18 54 55 3
16 16 7 32 23 0 15 19 4 20 29 29 0 17 32 21 26 32 3
26 22 40 51 22 25 36 25 13 28 32 14 3 32 29 18 29 41 3
22 13 7 40 12 1 11 13 6 23 32 38 0 28 39 34 32 39 3
16 17 15 40 21 4 22 15 6 29 19 30 0 11 36 23 21 39 3
13 14 7 36 27 3 10 18 5 19 26 25 0 18 33 22 22 27 3
24 13 10 47 20 4 15 18 6 21 23 35 3 20 46 30 18 39 3
19 16 17 66 19 3 14 19 6 47 61 49 0 58 63 52 58 60 3
16 7 8 45 15 3 10 14 7 24 25 32 0 21 42 30 18 33 3
15 15 15 50 21 5 20 20 7 30 21 30 0 19 45 25 16 38 3
28 17 15 50 31 6 17 20 7 17 28 30 0 19 44 28 25 38 3
27 15 10 45 18 3 18 21 11 23 25 40 0 18 42 32 19 39 3
23 7 14 44 18 2 7 12 12 22 38 31 6 32 48 38 33 33 3
16 17 15 40 21 4 22 15 6 29 19 30 0 11 36 23 21 39 3
72 32 21 99 34 13 30 21 34 24 64 75 5 70 91 66 75 62 3
20 9 7 57 16 4 6 16 12 34 36 47 3 34 56 48 29 42 3
16 12 7 36 26 0 7 14 3 16 28 25 0 19 36 25 26 29 3
20 12 10 45 22 1 18 19 5 25 33 35 0 23 44 27 26 40 3
41 27 22 45 22 19 23 16 5 9 33 28 0 32 26 27 44 45 3
46 30 78 70 24 77 58 24 66 38 54 6 14 60 7 26 60 18 3
14 8 6 28 13 1 13 14 5 18 16 26 0 8 27 19 10 27 3
22 24 14 36 30 2 13 25 5 14 21 22 0 15 34 23 20 31 3
43 40 16 72 42 4 21 44 16 35 51 62 0 42 68 57 47 62 3
13 9 6 36 17 0 4 12 4 19 23 26 0 19 36 28 20 28 3
19 16 13 45 21 9 16 19 7 26 20 32 0 15 36 29 17 38 3
19 4 5 39 9 0 4 5 6 21 36 35 6 36 45 36 35 34 3
35 28 10 50 34 5 17 26 3 15 32 40 0 26 45 33 34 47 3
23 26 14 50 27 1 20 25 10 32 29 41 0 23 49 35 30 45 3
23 14 9 47 20 4 19 20 8 22 22 36 3 20 46 26 16 37 3
14 11 9 42 13 4 13 17 5 31 25 36 3 23 41 32 19 40 3
14 9 7 32 14 0 8 13 1 18 31 25 0 26 32 24 27 31 3
25 24 17 45 26 6 21 30 11 25 26 33 0 19 39 29 20 39 3
12 17 32 40 18 13 36 25 5 33 37 13 0 30 27 9 29 40 3
19 10 14 50 24 3 19 12 9 26 26 31 0 16 47 26 24 36 3
25 21 24 50 28 6 16 20 10 20 15 21 0 12 44 29 16 35 3
15 11 12 40 11 0 12 19 3 30 25 33 0 21 40 33 17 42 3
17 13 9 32 12 3 10 13 3 15 27 23 0 28 29 22 27 29 3
6 10 29 48 24 12 30 15 4 36 32 13 0 24 36 12 27 38 3
23 18 11 50 20 4 14 20 9 27 22 39 0 20 46 36 20 41 3
16 11 8 44 18 1 9 15 4 24 21 32 1 18 44 31 17 36 3
26 19 17 43 18 2 15 20 2 19 26 28 2 27 43 30 25 43 3
12 16 3 32 33 1 9 18 2 20 24 29 0 7 31 23 22 30 3
17 12 13 42 17 8 19 15 4 23 20 27 3 19 37 21 17 36 3
16 11 3 28 12 0 11 13 1 16 29 29 0 23 28 21 27 31 3
17 11 6 32 29 2 12 11 3 15 21 26 0 3 30 20 21 29 3
22 17 12 40 15 3 18 22 5 23 28 33 0 25 37 27 23 40 3
14 11 16 49 19 3 17 14 4 31 25 29 1 21 47 28 22 41 3
21 13 7 45 18 0 13 16 3 24 32 38 0 27 45 32 29 42 3
32 19 12 51 41 6 28 12 10 18 31 38 4 14 49 22 38 40 3
17 9 6 45 17 0 9 11 4 23 23 34 0 19 45 31 21 36 3
20 9 4 44 13 0 5 11 4 20 23 36 1 23 45 35 21 36 3
17 11 9 36 25 1 12 12 4 15 29 23 0 20 35 20 28 28 3
15 11 15 49 18 5 13 18 8 30 25 30 1 22 45 32 18 37 3
9 9 5 28 7 0 5 11 4 23 15 27 0 14 28 27 13 28 3
19 5 6 38 8 0 8 6 8 21 27 34 2 24 40 32 26 32 3
22 24 19 50 36 6 25 27 11 28 26 31 0 14 44 25 23 39 3
25 21 24 50 28 6 16 20 10 20 15 21 0 12 44 29 16 35 3
17 21 9 36 18 3 11 21 3 19 24 27 0 27 33 25 24 33 3
24 19 13 50 39 8 18 23 12 21 26 32 0 11 42 27 22 33 3
12 6 6 38 9 0 5 10 7 28 26 34 7 27 45 35 22 33 3
29 26 11 50 31 4 27 21 8 21 34 39 0 29 46 23 39 42 3
21 19 19 40 24 4 27 15 4 24 17 26 0 8 36 18 21 41 3
20 11 8 40 14 0 19 14 5 25 25 37 0 18 40 26 22 40 3
18 19 18 45 32 10 26 33 11 32 31 32 0 13 35 24 17 39 3
29 15 10 40 13 6 14 16 8 16 21 35 0 19 34 31 20 37 3
25 7 8 44 23 2 11 11 7 15 25 32 1 13 43 29 21 33 3
14 13 16 45 25 4 16 19 3 31 32 29 0 20 41 29 26 42 3
12 11 7 8 9 3 7 16 5 20 21 25 24 23 29 25 16 27 8
18 5 4 11 5 0 8 10 3 22 27 36 29 27 40 32 22 37 8
19 7 6 11 6 1 8 14 6 21 25 34 29 26 39 32 18 34 8
52 45 32 30 34 9 70 34 35 68 90 88 82 92 103 50 101 85 8
17 14 11 14 14 4 9 15 6 28 22 34 36 26 46 36 21 39 8
11 8 6 4 9 1 4 17 3 21 32 26 32 36 35 28 23 29 8
12 5 7 6 2 0 5 12 1 20 35 25 26 38 32 27 28 31 8
14 24 15 21 17 7 18 30 35 36 26 35 24 28 38 32 20 15 8
10 9 4 10 11 5 10 14 5 22 23 28 26 25 31 22 18 27 8
22 19 15 11 19 5 28 18 6 28 31 35 44 36 50 22 32 44 8
17 15 10 14 16 7 14 17 7 28 21 35 36 24 43 31 19 38 8
45 11 15 21 6 3 12 20 11 32 55 62 56 60 74 65 46 66 8
11 18 25 13 10 9 27 21 7 34 36 20 27 38 31 18 33 38 8
8 19 8 13 16 3 6 19 3 28 17 28 23 20 33 30 17 33 8
14 13 12 13 17 2 15 19 7 22 32 24 27 33 38 21 26 29 8
31 19 17 16 5 4 20 21 11 41 65 55 50 72 62 52 63 61 8
13 12 13 6 12 6 20 11 11 32 24 32 44 28 44 25 25 34 8
18 18 11 13 18 5 8 18 11 14 14 21 23 18 31 24 14 21 8
24 13 18 13 12 12 28 18 19 26 47 32 32 42 33 22 42 31 8
23 23 10 16 28 11 28 18 15 32 32 45 44 32 49 27 37 40 8
16 17 12 6 23 4 8 23 9 20 28 24 34 27 36 28 22 27 8
24 14 19 9 16 4 15 25 8 42 63 47 63 68 68 51 52 58 8
11 10 6 11 7 3 6 15 4 29 22 34 34 29 42 34 17 36 8
22 16 10 17 6 6 6 21 5 23 29 35 23 34 34 39 24 40 8
8 20 8 10 7 3 5 23 5 28 25 28 22 33 29 31 22 31 8
35 16 15 12 15 8 8 23 18 25 34 45 48 35 52 52 27 42 8
12 9 11 7 9 1 8 10 3 20 31 21 29 36 35 24 30 29 8
14 26 15 9 23 8 27 21 5 41 29 40 46 32 47 28 34 50 8
18 5 9 13 2 0 13 9 2 27 49 36 32 52 45 32 45 43 8
21 9 6 18 6 3 8 13 3 19 31 34 27 39 42 32 27 37 8
30 14 6 16 6 6 10 18 15 15 31 39 24 34 34 35 27 30 8
11 7 7 4 8 0 5 11 3 21 25 25 28 24 32 27 21 29 8
22 8 6 7 8 1 3 12 7 18 24 34 38 28 44 37 20 33 8
18 21 16 14 10 3 16 21 7 27 24 29 26 30 37 29 24 38 8
27 19 12 11 11 4 7 24 10 23 31 38 34 34 41 43 26 40 8
14 12 10 11 15 2 15 16 3 22 33 26 29 35 38 21 29 33 8
14 7 6 9 9 2 5 12 3 26 25 34 36 27 43 35 20 37 8
21 19 17 11 8 4 13 20 7 29 31 33 34 37 41 37 30 43 8
12 9 13 6 4 4 11 15 3 33 27 32 34 28 36 34 21 42 8
18 22 20 7 24 6 12 28 5 27 23 25 43 26 44 33 17 40 8
48 15 4 25 7 12 9 19 34 12 55 56 29 56 42 51 51 26 8
19 18 12 13 8 2 7 24 7 17 27 24 19 32 30 29 21 29 8
16 7 9 9 10 3 5 15 7 24 25 31 36 26 42 35 17 33 8
13 21 16 7 22 5 13 16 13 37 29 34 48 33 50 37 34 37 8
11 32 23 16 23 10 25 32 10 39 28 27 29 31 35 25 28 40 8
16 19 11 8 24 5 3 26 6 20 26 25 32 26 35 33 19 30 8
27 15 7 24 5 6 11 23 3 18 39 38 16 43 34 34 31 42 8
36 10 25 30 15 10 42 14 27 60 74 71 74 76 94 54 70 69 8
9 6 3 4 3 0 4 10 3 23 34 29 24 32 28 28 30 29 8
14 15 7 6 12 3 7 16 8 18 17 25 26 20 29 25 16 24 8
21 11 13 11 6 5 12 17 6 24 25 32 29 26 35 33 19 39 8
18 10 7 9 7 1 4 14 6 14 22 25 23 25 31 28 18 26 8
20 16 11 14 12 9 7 18 6 25 29 34 36 38 41 38 27 39 8
13 9 8 12 14 3 11 28 16 27 31 32 33 31 42 29 12 24 8
18 14 8 8 13 4 10 16 4 14 18 24 28 23 32 22 16 28 8
20 15 7 10 4 3 10 14 5 25 30 38 30 36 37 35 31 40 8
11 16 9 10 10 10 7 20 5 29 16 31 30 22 30 33 12 35 8
12 32 14 9 36 8 13 38 9 65 45 63 75 48 76 64 39 68 8
14 8 5 10 6 0 11 11 1 18 32 27 22 34 32 21 29 31 8
24 16 5 17 6 4 5 22 6 21 29 40 23 34 36 40 23 39 8
52 38 43 26 4 12 28 10 12 44 46 53 62 73 76 68 74 84 8
18 7 4 11 6 0 6 10 3 14 33 28 21 34 32 26 30 29 8
13 25 13 6 18 2 4 27 6 27 25 27 30 27 34 36 23 34 8
21 13 18 4 16 3 12 16 9 29 27 32 46 24 47 38 24 41 8
16 7 9 9 10 3 5 15 7 24 25 31 36 26 42 35 17 33 8
9 9 6 4 8 1 3 16 3 23 31 26 32 37 35 29 24 29 8
20 6 4 12 5 1 16 11 7 30 44 46 43 50 54 34 39 43 8
12 17 9 3 12 1 7 20 7 24 19 27 29 20 31 29 16 29 8
20 15 12 9 10 3 11 21 12 30 25 38 36 26 42 39 19 38 8
14 15 5 5 13 0 16 11 10 31 21 40 40 23 45 29 25 35 8
21 25 14 11 14 10 28 15 6 34 30 41 39 36 40 27 40 49 8
19 6 8 8 9 0 6 10 4 21 26 32 37 27 45 34 22 36 8
16 14 5 5 9 0 4 20 3 29 31 40 35 31 40 41 25 42 8
5 12 31 13 4 13 30 19 6 43 36 17 29 38 29 18 29 42 8
21 21 22 11 22 10 30 22 11 34 45 33 44 44 45 25 44 44 8
18 7 4 11 6 0 6 10 3 14 33 28 21 34 32 26 30 29 8
9 11 6 5 4 1 6 14 9 23 13 26 23 17 27 26 10 23 8
10 9 10 5 9 2 10 12 10 22 15 22 27 15 30 22 12 22 8
45 14 3 22 5 13 5 22 37 15 56 57 32 58 41 55 48 23 8
29 26 30 12 12 6 24 29 18 62 52 61 72 60 78 67 49 73 8
9 13 6 6 10 1 2 19 4 23 27 26 26 30 31 30 21 28 8
18 5 2 13 6 2 8 10 3 10 30 26 19 34 30 20 25 25 8
11 8 5 5 10 2 5 14 4 21 32 27 31 35 34 27 26 28 8
21 13 18 4 16 3 12 16 9 29 27 32 46 24 47 38 24 41 8
30 11 4 21 3 2 9 15 6 15 34 41 19 37 38 36 30 39 8
14 7 4 6 4 0 3 9 2 18 33 28 26 36 32 29 31 30 8
17 14 11 14 14 4 9 15 6 28 22 34 36 26 46 36 21 39 8
13 12 15 7 7 7 11 19 5 32 33 30 38 38 38 34 26 40 8
9 12 6 8 14 4 7 15 6 23 20 26 28 22 32 25 17 26 8
9 11 6 5 4 1 6 14 9 23 13 26 23 17 27 26 10 23 8
12 8 3 7 3 1 1 14 4 33 28 42 33 29 39 44 22 41 8
16 16 17 14 9 15 12 19 3 29 38 28 31 45 30 33 35 42 8
1 6 3 3 7 3 4 15 4 31 18 29 29 17 29 28 9 28 8
22 19 15 11 19 5 28 18 6 28 31 35 44 36 50 22 32 44 8
8 13 15 9 7 3 15 21 1 42 47 35 36 47 42 35 39 49 8
12 10 5 8 9 2 8 10 7 28 22 35 37 27 43 32 22 33 8
11 12 5 4 10 0 8 17 5 25 33 31 32 35 36 28 28 31 8
11 14 6 13 14 6 10 24 10 29 18 34 27 18 34 30 8 30 8
15 9 10 8 5 0 7 14 1 17 31 22 24 35 32 25 26 31 8
19 25 17 8 22 8 11 28 12 31 25 33 37 23 37 39 22 38 8
11 13 6 3 4 0 7 16 2 25 32 30 29 36 32 29 29 34 8
33 14 17 16 7 0 21 17 9 51 58 67 61 59 77 63 55 75 8
25 19 13 15 20 4 13 26 9 25 41 37 40 46 51 37 34 41 8
10 18 11 5 10 0 10 20 5 30 32 29 31 35 36 30 30 35 8
16 9 4 20 9 2 7 15 4 24 31 36 25 36 43 33 25 36 8
14 15 8 8 15 3 8 16 8 18 17 24 28 21 33 24 16 24 8
15 26 16 13 24 11 22 28 15 25 24 24 27 26 29 18 22 25 8
37 19 33 27 10 9 25 27 16 54 85 58 64 94 82 66 77 75 8
17 14 11 14 14 4 9 15 6 28 22 34 36 26 46 36 21 39 8
28 37 24 16 30 29 38 23 23 44 35 48 56 42 43 34 49 49 8
19 15 20 16 11 13 9 18 3 26 39 25 34 49 37 36 36 42 8
11 21 10 5 21 1 10 24 3 25 24 26 35 29 39 26 21 33 8
22 7 7 18 6 2 10 15 6 18 25 33 22 26 38 30 17 34 8
16 13 12 12 7 4 8 19 5 29 23 33 28 25 36 37 17 40 8
8 7 4 0 12 4 4 15 1 20 28 24 32 28 28 24 20 27 8
40 11 3 16 4 12 3 17 37 20 49 57 38 50 42 57 43 23 8
15 16 6 9 24 3 4 23 7 17 24 26 27 21 33 28 17 25 8
19 11 7 7 8 2 4 15 7 26 25 38 38 28 43 41 21 38 8
18 10 11 16 6 8 10 14 6 27 44 34 29 48 37 35 40 39 8
15 11 11 7 5 0 8 19 4 30 25 34 33 27 40 37 17 41 8
25 16 12 15 20 6 16 18 11 20 20 33 35 20 44 29 18 34 8
13 8 14 6 3 0 9 11 2 32 28 31 34 29 40 36 25 43 8
19 6 4 7 8 4 4 10 9 21 26 36 38 28 41 36 22 31 8
6 15 14 13 8 10 8 20 3 34 25 26 27 32 30 32 20 37 8
15 14 10 7 10 3 1 21 9 30 31 35 33 30 37 44 24 36 8
9 11 4 6 9 0 5 16 3 23 29 28 26 31 32 27 24 29 8
7 18 30 5 7 11 14 22 1 38 36 15 35 41 29 31 32 44 8
8 7 4 0 12 4 4 15 1 20 28 24 32 28 28 24 20 27 8
18 5 2 13 6 2 8 10 3 10 30 26 19 34 30 20 25 25 8
11 13 7 6 16 3 9 16 6 21 19 25 30 20 33 23 16 26 8
21 19 17 11 8 4 13 20 7 29 31 33 34 37 41 37 30 43 8
16 7 6 11 7 4 3 15 3 24 25 34 34 29 41 37 17 37 8
11 8 6 4 9 1 4 17 3 21 32 26 32 36 35 28 23 29 8
19 10 9 5 12 8 10 17 9 13 14 23 27 12 24 22 7 23 8
19 7 11 11 8 3 5 16 4 21 25 29 29 24 37 35 16 36 8
7 11 5 4 6 0 4 14 3 25 21 27 28 26 32 28 18 29 8
10 11 4 9 14 1 9 13 3 22 29 28 27 31 35 23 27 29 8
10 14 4 10 8 4 3 21 4 22 26 28 22 32 28 29 19 28 8
10 6 13 4 8 3 5 13 1 22 34 19 32 37 33 27 27 31 8
15 6 4 5 1 2 3 12 5 17 34 28 23 34 26 29 28 27 8
21 11 13 11 6 5 12 17 6 24 25 32 29 26 35 33 19 39 8
23 12 6 18 2 4 14 17 6 22 42 39 22 46 36 31 37 39 8
8 21 26 10 8 10 19 21 3 37 33 19 30 40 30 26 33 42 8
8 20 8 10 7 3 5 23 5 28 25 28 22 33 29 31 22 31 8
19 17 6 13 9 1 9 21 6 17 28 30 19 31 31 27 24 30 8
26 12 25 24 7 5 38 17 10 58 84 59 60 89 79 46 79 74 8
25 10 10 17 11 0 13 12 6 20 35 35 33 39 50 32 33 39 8
7 9 6 5 5 1 7 13 3 25 31 26 23 30 27 25 27 29 8
14 7 3 8 10 0 8 12 3 18 33 29 28 35 36 24 28 29 8
24 23 30 15 20 27 25 25 20 26 37 20 40 46 28 25 35 30 8
19 18 10 14 13 2 13 24 10 17 27 26 18 27 30 23 21 26 8
15 30 20 6 19 8 13 29 13 35 20 30 39 26 37 37 21 37 8
14 26 15 14 24 10 31 25 17 41 29 40 41 31 45 24 30 38 8
16 16 17 10 16 6 13 16 7 29 20 28 40 24 44 32 20 38 8
15 9 6 6 3 3 7 10 8 30 36 39 34 37 37 38 35 37 8
20 15 12 9 10 3 11 21 12 30 25 38 36 26 42 39 19 38 8
39 28 19 24 24 8 19 33 19 52 50 72 67 54 83 72 45 72 8
15 20 29 19 9 11 34 15 9 39 25 25 29 31 37 20 30 45 8
10 6 6 3 5 0 3 13 1 22 26 26 29 27 32 29 19 31 8
9 10 10 4 3 1 4 9 3 23 30 22 28 37 31 28 31 29 8
18 5 2 13 6 2 8 10 3 10 30 26 19 34 30 20 25 25 8
11 10 26 9 15 9 21 14 6 34 35 19 41 35 41 24 31 39 8
30 19 15 15 15 7 12 20 16 36 36 51 45 35 53 54 35 50 8
12 11 8 6 9 1 8 16 5 24 34 28 26 31 31 28 29 31 8
11 8 7 2 13 3 3 16 3 21 32 25 34 32 33 29 24 29 8
14 10 17 12 9 9 11 15 4 26 30 23 33 36 36 29 25 36 8
15 26 16 13 24 11 22 28 15 25 24 24 27 26 29 18 22 25 8
20 12 11 11 12 5 9 18 9 25 42 34 39 48 45 36 36 36 8
17 6 7 8 2 0 7 8 5 23 26 33 32 30 40 33 24 35 8
12 14 10 7 14 1 10 14 6 24 31 26 33 36 39 26 31 30 8
32 12 19 11 2 4 13 11 9 52 60 65 66 64 73 71 61 75 8
24 6 5 19 7 2 9 19 18 16 26 35 26 29 43 31 13 22 8
7 11 4 5 8 0 4 16 1 25 29 28 27 32 32 28 24 31 8
23 19 18 10 19 7 13 24 6 37 31 42 50 31 53 47 26 54 8
15 25 18 8 24 11 11 24 9 30 20 27 42 26 39 34 21 36 8
13 14 13 9 13 5 6 15 5 32 22 32 41 27 45 39 21 40 8
25 12 8 22 5 5 11 20 1 20 42 37 23 49 40 34 34 44 8
32 20 22 29 10 10 22 20 13 52 76 62 62 94 81 62 76 71 8
11 10 13 4 9 4 7 17 3 21 30 19 32 36 32 25 23 29 8
20 16 11 14 12 9 7 18 6 25 29 34 36 38 41 38 27 39 8
8 7 4 0 12 4 4 15 1 20 28 24 32 28 28 24 20 27 8
12 11 10 6 10 1 7 16 3 20 29 22 30 35 35 25 24 29 8
28 19 6 14 9 7 8 24 21 22 41 44 31 45 38 42 36 29 8
11 13 9 6 12 3 8 19 5 21 19 23 26 20 29 24 13 27 8
15 6 6 12 6 4 5 16 7 25 26 34 28 26 36 35 16 33 8
14 12 7 11 10 0 11 13 4 18 28 25 25 35 36 21 27 28 8
23 23 15 17 21 9 12 27 12 27 27 35 33 29 41 38 23 38 8
11 14 3 7 15 1 5 17 4 21 26 29 21 20 27 27 23 28 8
3 14 3 1 7 1 1 20 3 42 22 42 39 25 39 44 16 42 8
14 14 18 13 3 6 13 19 4 31 31 27 27 37 34 32 26 41 8
28 10 11 18 10 4 11 15 8 17 26 34 32 30 46 34 21 37 8
29 28 15 18 20 8 15 35 13 26 38 40 32 40 42 40 31 42 8
12 20 10 10 21 3 11 21 8 20 20 22 26 24 33 21 19 24 8
18 19 14 14 23 6 17 24 12 27 26 31 36 27 44 28 21 33 8
24 25 22 8 13 4 11 23 11 48 59 50 70 78 74 61 61 61 8
25 7 9 16 7 1 8 13 6 15 25 31 29 29 44 32 19 34 8
20 12 8 14 10 3 8 22 10 16 33 28 22 35 33 28 23 26 8
18 15 14 9 17 9 8 23 9 27 21 31 41 23 41 37 13 36 8
11 7 6 6 5 0 10 10 4 21 25 26 26 27 32 22 22 28 8
20 9 7 13 5 2 3 18 4 25 27 38 27 27 38 42 18 41 8
15 16 13 17 8 7 39 1 43 35 24 37 28 28 38 11 39 7 9
17 15 13 13 12 8 33 6 27 19 12 23 19 12 24 3 21 9 9
10 15 8 14 8 3 34 9 28 26 30 28 18 32 29 2 36 8 9
14 13 9 14 10 2 33 7 25 22 32 27 18 30 30 3 38 11 9
12 14 10 6 18 0 31 9 20 20 26 22 30 27 36 1 31 12 9
25 34 16 38 9 29 56 7 37 47 26 56 28 46 37 16 53 35 9
12 10 7 15 7 3 32 7 25 20 30 25 17 33 29 0 33 7 9
15 16 12 11 17 2 43 11 32 30 38 33 34 37 43 2 43 13 9
11 10 4 15 10 2 23 6 27 21 30 28 21 35 34 9 34 5 9
9 12 7 6 16 6 19 11 31 23 28 25 30 29 30 13 29 1 9
21 40 9 42 43 10 37 42 15 56 37 68 42 41 74 40 35 62 9
12 10 10 15 10 2 38 4 27 28 30 30 25 30 38 2 36 13 9
11 4 7 4 4 4 14 6 35 29 28 33 36 28 36 26 26 5 9
21 10 11 20 15 7 41 3 32 24 26 34 30 25 43 4 33 13 9
62 21 19 65 32 13 46 31 55 4 56 47 1 45 53 20 46 11 9
13 11 9 17 11 7 32 2 38 32 25 36 33 29 43 13 34 7 9
5 11 3 9 14 2 10 12 1 27 21 29 27 22 34 22 20 31 9
16 6 8 7 14 1 30 7 25 16 34 24 29 31 35 2 33 7 9
12 12 12 18 15 6 31 8 24 20 20 20 18 21 30 1 24 8 9
12 13 10 12 8 4 33 4 36 33 32 35 28 32 36 12 41 9 9
7 14 3 5 11 2 13 27 3 25 26 29 27 29 30 19 13 29 9
18 7 6 12 7 3 24 7 28 14 33 26 20 33 29 8 33 4 9
14 23 14 17 19 4 33 11 30 22 22 22 15 21 28 3 34 6 9
10 10 12 7 12 1 38 7 20 30 22 28 33 20 39 2 25 20 9
15 13 8 22 8 6 39 4 36 30 23 37 23 28 39 6 32 9 9
21 13 14 10 14 3 45 9 22 24 23 31 30 18 37 0 27 23 9
16 3 10 15 2 1 36 1 22 29 51 35 25 46 39 9 53 23 9
12 11 8 21 9 6 37 4 32 28 29 32 24 36 39 3 36 8 9
14 11 7 13 6 2 34 2 33 31 34 38 27 34 38 11 43 12 9
11 9 5 11 4 2 26 3 26 21 23 27 17 24 26 6 29 6 9
20 18 7 21 10 9 42 9 46 30 42 43 29 50 41 8 51 4 9
18 20 7 26 4 22 15 34 50 32 40 43 24 56 28 35 26 0 9
9 8 8 14 9 4 3 14 4 23 16 24 18 15 28 29 10 28 9
12 8 8 13 12 7 26 4 23 20 16 24 23 15 29 6 20 9 9
14 26 16 23 12 10 25 13 31 18 14 16 9 28 22 7 27 1 9
9 11 5 11 8 2 27 6 27 23 29 27 21 32 30 5 34 5 9
21 13 10 14 14 4 35 4 41 29 37 40 36 36 46 15 46 9 9
10 8 5 14 6 3 29 3 23 22 24 27 18 26 29 3 29 9 9
13 16 9 5 13 0 36 10 15 23 29 27 27 27 32 0 35 21 9
14 15 6 12 11 2 33 8 29 22 30 30 20 29 30 3 37 7 9
17 13 10 11 17 0 32 12 20 15 27 22 25 28 36 0 28 12 9
15 16 14 15 16 10 36 6 39 30 20 31 30 20 35 9 30 6 9
15 7 9 7 15 1 30 10 23 17 33 23 29 30 35 2 30 9 9
13 13 7 7 10 2 29 6 28 23 32 29 25 30 30 7 39 8 9
10 15 9 13 12 4 30 8 28 22 25 23 19 28 28 2 32 4 9
17 8 8 14 9 4 33 1 30 23 24 32 31 27 41 7 31 10 9
7 8 11 7 12 0 32 5 19 25 32 21 25 28 32 0 35 13 9
11 8 6 6 9 4 20 10 30 21 32 26 26 31 28 12 30 2 9
17 8 8 21 7 11 19 9 42 28 28 37 29 33 39 26 27 3 9
11 18 8 9 18 2 28 7 30 25 27 28 27 27 34 8 38 6 9
18 28 12 27 12 18 35 22 49 32 32 38 18 42 27 15 38 1 9
8 6 12 27 10 3 40 4 24 32 26 28 18 26 42 0 28 16 9
6 6 3 2 4 2 13 4 24 22 15 25 22 14 22 15 17 4 9
10 13 6 8 13 2 31 11 24 22 27 26 24 27 30 1 29 8 9
12 8 7 13 13 3 27 4 25 20 32 25 23 32 33 5 36 7 9
35 36 24 50 10 27 48 42 96 63 76 74 41 94 64 50 70 2 9
8 6 15 18 6 1 40 11 16 32 26 25 22 26 39 0 21 24 9
11 9 7 14 6 4 29 5 26 21 31 25 18 34 28 3 35 6 9
11 8 10 1 13 0 28 4 17 21 24 22 27 15 28 4 28 15 9
11 12 23 26 18 0 42 23 3 66 76 54 58 78 84 35 65 74 9
26 22 25 13 23 0 78 10 37 58 50 59 71 49 84 6 62 47 9
12 6 5 6 9 2 20 7 28 20 34 27 26 31 30 12 33 4 9
14 12 7 6 12 2 39 6 31 31 24 38 34 20 38 6 30 14 9
22 17 20 26 19 0 43 30 1 55 71 57 58 77 84 34 58 76 9
9 15 10 9 19 11 27 12 13 18 21 17 18 17 16 0 24 14 9
14 13 5 4 8 3 24 3 24 18 19 27 24 20 25 8 29 8 9
14 16 14 23 14 6 41 3 30 31 20 31 22 22 39 4 33 15 9
17 10 8 20 12 3 30 7 26 15 30 24 16 33 33 2 33 6 9
11 5 6 6 13 5 16 3 27 21 19 26 26 11 27 16 21 5 9
7 11 7 3 8 5 24 15 4 17 21 17 18 20 16 0 17 20 9
13 15 13 16 15 8 34 5 39 32 21 32 29 21 37 11 31 6 9
10 22 10 19 17 8 30 13 34 26 23 26 17 28 28 6 32 2 9
11 11 11 7 10 3 30 5 27 25 25 25 25 22 29 6 31 9 9
14 22 12 21 20 11 36 8 46 36 28 38 34 35 44 14 42 4 9
13 14 15 13 8 7 42 5 40 37 26 35 32 28 38 8 35 10 9
17 18 20 31 21 9 42 8 42 33 32 30 24 34 46 8 42 8 9
10 8 6 11 12 2 26 6 26 22 32 26 25 33 34 6 34 6 9
12 25 13 14 20 7 34 12 30 24 20 23 22 25 29 2 33 6 9
13 13 9 11 11 8 22 16 35 23 32 27 25 34 28 14 29 1 9
15 11 8 16 7 12 23 9 43 30 25 37 34 33 38 22 27 2 9
12 22 9 21 7 6 20 8 36 28 28 31 15 38 30 20 42 4 9
30 30 26 42 13 15 76 9 76 61 48 65 49 65 76 15 69 15 9
20 14 28 39 22 6 57 26 6 68 63 60 57 62 90 31 51 82 9
10 15 8 14 8 3 34 9 28 26 30 28 18 32 29 2 36 8 9
17 12 7 8 12 0 32 15 13 15 28 25 24 28 32 0 25 19 9
17 10 12 15 11 6 36 4 36 28 26 33 25 21 34 9 32 9 9
11 13 9 6 14 2 40 6 26 34 23 36 39 22 43 5 30 19 9
19 13 11 12 9 6 27 4 30 17 14 25 20 15 26 9 23 6 9
14 8 8 9 8 1 42 6 22 31 28 37 31 24 39 3 30 23 9
26 10 13 26 13 11 50 10 59 40 67 53 46 71 61 16 67 7 9
17 12 13 7 12 4 33 4 37 28 24 32 33 20 36 12 32 8 9
42 8 13 43 6 13 39 14 54 18 42 47 11 39 41 21 36 6 9
18 8 12 10 17 4 38 7 24 22 24 28 35 19 41 2 25 16 9
9 13 14 19 16 5 40 10 16 31 19 26 26 20 40 0 22 24 9
14 11 9 13 8 0 36 9 24 22 34 27 19 32 32 0 36 12 9
9 14 7 13 14 2 34 7 27 27 31 29 23 31 34 2 38 9 9
11 6 3 6 10 4 16 7 29 21 34 29 30 35 32 16 33 3 9
11 10 11 7 17 2 26 4 27 21 30 21 29 28 34 6 36 5 9
9 8 6 7 10 2 24 4 27 23 32 26 29 35 34 8 36 5 9
6 12 6 3 11 2 24 9 20 18 20 18 18 17 19 0 23 4 9
15 23 2 26 19 0 11 14 18 40 32 53 24 31 50 44 41 37 9
20 24 12 20 13 9 46 14 46 30 36 38 25 41 36 4 46 4 9
21 10 9 11 6 3 34 2 33 24 26 36 29 26 37 11 34 12 9
8 13 7 11 8 2 24 14 14 16 19 17 10 20 19 0 18 10 9
20 9 10 17 3 4 20 6 39 25 27 35 23 29 36 25 30 6 9
18 16 21 29 14 10 61 6 50 48 61 45 43 70 62 5 71 16 9
12 12 12 7 14 0 39 3 25 33 24 33 38 22 45 6 33 20 9
16 11 12 8 12 8 24 7 40 29 25 33 37 24 37 21 29 5 9
20 12 8 9 15 9 30 8 36 25 24 37 31 17 31 15 28 9 9
19 14 8 9 13 7 33 11 41 26 31 37 31 27 33 12 34 4 9
18 13 11 23 13 7 44 5 37 32 27 39 27 27 43 6 35 13 9
18 20 12 27 11 17 22 24 50 32 30 38 28 44 38 28 26 0 9
16 13 11 4 23 7 42 7 33 29 32 34 41 22 38 3 38 12 9
16 14 7 7 15 3 34 12 25 20 22 29 29 21 33 2 24 11 9
23 27 21 34 10 20 42 30 76 55 64 57 38 74 52 36 61 2 9
11 13 6 16 13 4 28 5 32 25 32 30 24 37 36 8 40 4 9
11 9 7 6 11 5 19 4 27 21 23 25 26 21 27 13 28 5 9
11 11 7 7 13 3 28 4 25 21 21 25 25 19 29 4 28 7 9
23 14 11 28 6 11 22 13 48 27 26 39 22 34 39 28 27 2 9
14 16 8 21 10 8 37 4 37 31 20 37 24 26 37 8 32 8 9
15 13 8 22 8 6 39 4 36 30 23 37 23 28 39 6 32 9 9
47 17 34 32 14 9 61 10 72 37 79 50 59 90 82 23 86 12 9
8 19 8 18 12 5 36 10 29 28 26 28 18 33 31 0 35 7 9
14 15 13 12 14 8 34 12 46 36 25 37 33 22 37 16 28 4 9
21 23 16 29 24 14 43 11 45 29 27 34 26 31 41 7 39 5 9
15 20 10 14 13 9 19 12 38 25 30 30 26 37 31 21 38 2 9
17 18 9 10 21 3 32 9 25 19 27 27 22 19 29 4 36 11 9
9 15 8 10 15 0 35 10 16 27 30 28 26 30 36 1 35 20 9
11 15 15 10 15 5 35 3 33 34 21 30 30 17 35 10 33 12 9
24 11 23 34 16 13 69 2 55 53 55 54 50 56 71 8 64 22 9
16 17 12 23 14 12 39 9 39 29 19 33 22 22 33 6 27 6 9
12 11 15 14 16 6 42 2 29 33 25 30 31 20 39 3 34 16 9
18 17 15 25 9 12 25 13 48 32 23 35 25 31 38 25 27 2 9
7 8 9 6 11 3 27 4 27 25 32 23 26 29 29 5 36 5 9
12 12 8 19 15 6 6 11 4 24 15 28 17 12 30 30 16 32 9
11 24 10 21 16 5 40 13 33 29 26 30 15 29 31 0 37 7 9
21 8 8 14 12 10 32 5 39 24 28 37 36 28 40 13 31 6 9
12 15 10 11 16 9 34 4 33 28 17 30 34 20 36 6 28 7 9
14 13 14 14 20 10 31 6 39 31 23 31 36 20 40 14 30 6 9
13 21 14 16 23 7 33 12 32 23 24 22 20 22 29 3 33 4 9
20 18 12 17 21 8 35 8 41 25 27 33 28 24 37 10 37 4 9
11 16 7 7 18 3 28 9 31 25 29 29 29 27 33 8 36 5 9
19 5 13 7 7 8 27 20 49 31 35 37 38 29 37 23 20 1 9
12 8 6 8 9 1 26 2 24 20 32 26 24 31 31 6 38 8 9
10 25 21 30 15 5 47 10 36 40 25 29 15 30 40 3 40 14 9
5 12 0 6 11 0 9 12 1 27 28 32 26 29 32 23 28 31 9
12 22 9 21 7 6 20 8 36 28 28 31 15 38 30 20 42 4 9
20 16 14 11 15 9 32 5 41 30 24 36 34 21 36 18 35 9 9
11 13 8 7 15 0 32 11 17 21 27 24 25 25 32 0 29 15 9
17 15 12 23 11 7 39 4 35 28 21 33 22 25 38 6 32 10 9
25 16 20 22 12 10 48 5 70 59 56 64 55 54 67 36 67 14 9
18 13 12 9 14 1 43 9 29 27 32 33 31 26 39 2 36 16 9
13 7 7 3 6 1 15 5 30 23 29 29 29 26 31 21 31 6 9
11 20 11 11 22 8 33 6 40 34 25 34 34 23 37 12 39 5 9
15 17 7 7 14 3 30 7 29 21 28 29 25 26 29 6 38 7 9
11 13 11 8 17 1 42 9 26 34 32 34 37 28 44 3 36 19 9
4 19 14 21 16 3 40 14 24 36 21 26 19 24 37 0 26 16 9
39 36 27 83 18 33 103 41 112 81 69 93 45 94 95 17 64 8 9
16 24 13 28 11 10 32 15 47 34 26 37 17 34 35 18 35 3 9
15 12 5 6 15 4 21 12 30 21 24 31 26 17 28 15 24 6 9
13 20 5 19 14 1 9 22 3 23 25 31 13 26 31 27 23 33 9
12 9 8 12 15 4 27 6 28 20 31 24 24 30 32 5 34 4 9
10 6 6 13 9 3 26 2 21 22 18 26 23 18 33 6 22 11 9
33 34 24 52 10 31 48 43 97 65 78 74 39 94 60 50 69 1 9
9 11 5 11 8 2 27 6 27 23 29 27 21 32 30 5 34 5 9
17 6 6 12 10 6 27 3 32 23 26 34 33 26 39 13 29 8 9
20 12 15 33 8 15 21 7 53 40 48 45 27 52 45 39 53 7 9
10 8 7 4 14 1 27 2 24 22 32 25 28 26 31 5 38 8 9
18 9 9 13 8 2 41 1 29 27 27 36 27 24 38 4 35 16 9
15 6 7 4 10 1 15 4 26 17 26 25 28 22 31 17 28 6 9
21 14 14 21 19 9 37 13 44 29 36 36 29 31 41 13 37 6 9
12 25 14 19 18 8 30 13 34 24 20 22 17 27 28 6 32 2 9
12 10 9 12 11 5 29 5 27 20 30 23 24 34 31 3 35 5 9
18 18 11 16 23 10 31 15 43 27 27 34 34 27 40 14 30 2 9
12 24 21 30 15 5 49 9 36 38 26 29 15 30 40 1 41 14 9
16 11 7 8 16 1 32 10 20 16 29 25 28 29 35 0 30 12 9
13 8 5 12 11 4 21 6 28 19 24 27 24 25 32 11 26 4 9
9 11 6 8 19 0 32 10 17 23 29 26 28 26 36 0 30 15 9
12 9 4 16 8 4 28 6 28 20 31 28 20 37 32 4 34 4 9
14 15 11 10 15 3 32 14 18 18 17 21 18 13 25 0 18 14 9
6 16 12 27 19 4 45 21 25 39 29 33 23 31 46 0 24 20 9
14 15 13 11 8 8 19 6 18 13 12 14 13 16 16 8 21 9 9
10 11 5 3 12 1 28 8 22 22 21 27 25 16 27 4 24 10 9
11 13 8 7 15 0 32 11 17 21 27 24 25 25 32 0 29 15 9
25 12 18 22 7 7 68 7 65 59 60 66 55 59 70 16 65 19 9
25 24 21 25 18 13 40 12 46 25 26 29 25 32 37 10 38 4 9
20 18 12 17 21 8 35 8 41 25 27 33 28 24 37 10 37 4 9
12 17 7 22 15 4 36 12 28 24 28 29 14 30 32 0 33 8 9
14 20 7 7 14 5 18 14 34 22 25 29 25 26 27 18 31 2 9
17 6 6 12 10 6 27 3 32 23 26 34 33 26 39 13 29 8 9
7 11 7 11 11 4 24 6 28 25 29 25 25 34 32 8 34 4 9
12 15 12 23 14 7 42 7 31 33 21 33 22 22 38 3 29 14 9
22 16 11 11 14 11 36 15 61 44 61 55 55 63 55 30 62 5 9
12 9 10 12 6 4 31 6 20 20 15 22 16 15 24 1 18 12 9
12 14 9 12 15 2 32 10 20 20 26 23 20 25 30 0 30 12 9
13 13 9 4 11 1 33 7 25 23 32 27 32 34 35 3 38 11 9
26 46 34 41 25 26 81 28 84 65 45 57 43 59 58 10 63 7 9
18 20 12 27 11 17 22 24 50 32 30 38 28 44 38 28 26 0 9
10 12 10 12 6 2 28 4 29 26 24 26 20 26 30 8 32 7 9
24 11 18 12 10 4 57 4 64 60 61 66 65 56 73 27 68 20 9
1 12 22 22 12 11 19 12 6 39 20 18 23 24 34 21 20 34 5
5 11 20 11 8 7 12 18 7 40 25 25 29 24 33 33 18 38 5
8 11 31 13 12 9 30 17 7 37 34 14 27 28 31 15 28 38 5
1 13 18 8 14 10 9 15 6 31 27 14 28 31 26 23 25 26 5
2 19 20 13 17 9 17 19 6 38 21 20 27 23 31 23 21 34 5
11 11 17 21 19 11 19 21 7 21 29 15 15 26 25 13 19 25 5
16 25 30 10 18 15 29 26 8 39 41 25 40 42 35 26 40 47 5
4 5 9 6 10 4 15 16 2 28 27 23 26 22 28 17 16 30 5
8 16 34 19 21 22 24 14 12 37 20 11 31 19 28 21 22 33 5
2 23 33 2 15 13 15 21 7 48 27 17 43 30 32 35 29 43 5
2 11 10 14 15 6 7 17 3 26 24 18 18 25 26 21 18 25 5
10 10 15 2 7 9 17 17 4 22 30 17 30 33 23 15 23 28 5
3 12 16 16 20 11 15 13 6 37 20 24 29 16 34 25 19 34 5
7 12 28 24 15 12 29 16 6 33 20 12 21 21 33 11 16 34 5
11 14 16 19 19 8 14 20 2 21 26 16 17 26 28 18 20 30 5
7 10 14 5 17 10 11 17 3 25 30 18 31 28 26 21 23 29 5
9 10 21 20 10 8 23 15 4 31 22 19 20 22 32 17 17 36 5
6 29 41 25 45 24 44 50 20 78 55 43 66 46 67 40 34 64 5
9 7 19 6 11 7 14 15 5 36 29 26 39 25 38 31 21 40 5
2 0 10 3 9 6 12 12 3 43 45 35 42 36 39 33 33 42 5
5 15 22 12 18 14 14 18 7 40 21 23 38 22 36 31 18 38 5
1 11 26 20 10 12 26 15 5 39 21 14 20 22 28 14 17 35 5
4 9 15 5 11 5 13 18 6 32 36 21 27 29 27 23 27 30 5
1 13 18 8 14 10 9 15 6 31 27 14 28 31 26 23 25 26 5
2 12 13 9 19 11 13 17 4 30 28 19 27 26 25 19 23 28 5
2 24 33 4 14 16 15 22 7 48 26 17 41 31 29 35 28 43 5
12 33 31 19 21 14 37 33 12 43 33 24 31 39 36 18 33 43 5
37 10 61 53 38 26 22 17 11 51 67 27 43 46 70 66 60 77 5
15 4 15 22 11 7 15 10 6 25 28 25 23 25 38 25 22 34 5
2 15 20 12 15 12 16 19 10 43 21 25 33 21 33 29 17 35 5
11 12 15 8 7 5 12 21 3 25 33 21 24 33 27 24 24 33 5
2 6 12 6 16 9 10 14 4 30 26 20 30 20 27 22 18 28 5
10 11 19 9 13 7 21 19 3 35 43 26 31 35 33 24 35 42 5
14 16 21 23 20 19 20 20 9 31 20 24 27 20 31 25 16 36 5
17 30 40 27 33 17 44 30 18 74 74 51 64 71 74 47 74 73 5
18 11 20 19 18 13 20 20 8 27 25 25 31 22 37 25 16 37 5
6 14 17 12 15 3 25 16 4 30 31 19 20 25 29 11 29 32 5
8 9 14 19 16 11 18 18 3 24 31 18 17 29 25 14 22 29 5
12 20 28 30 29 12 25 24 13 43 35 27 20 21 38 30 31 42 5
3 18 24 13 12 11 20 17 6 33 27 12 19 28 21 16 28 30 5
9 7 16 6 11 6 12 15 5 36 29 29 39 25 39 33 21 40 5
1 12 22 22 12 11 19 12 6 39 20 18 23 24 34 21 20 34 5
8 34 55 23 26 23 40 30 15 76 38 29 61 46 61 44 42 69 5
4 22 25 17 25 14 19 24 8 41 23 20 33 25 36 26 21 37 5
9 10 12 10 14 11 12 19 4 23 30 20 26 31 25 20 21 28 5
9 10 12 10 14 11 12 19 4 23 30 20 26 31 25 20 21 28 5
1 13 20 13 19 10 20 20 10 49 37 30 32 26 35 30 30 40 5
22 14 20 24 19 16 18 23 8 23 31 25 26 31 34 27 22 37 5
1 9 22 12 11 12 22 11 5 39 23 18 33 25 33 18 21 35 5
13 10 40 6 12 12 23 16 11 71 62 44 78 60 72 61 56 73 5
7 16 21 12 17 14 22 19 6 38 29 24 38 33 36 23 26 39 5
5 15 42 31 31 20 41 16 18 61 40 24 35 24 46 25 39 48 5
10 7 17 9 12 7 13 14 8 35 29 28 36 24 38 32 22 37 5
24 50 63 29 41 25 65 34 17 67 41 28 62 50 66 26 57 74 5
11 10 11 1 12 11 7 14 2 21 30 21 35 33 25 25 26 30 5
4 14 17 19 20 14 20 16 6 41 31 28 31 30 36 25 29 39 5
4 20 22 9 17 12 18 22 4 32 25 14 27 28 24 18 23 32 5
1 8 13 1 8 4 9 18 3 35 37 23 31 32 28 27 27 33 5
3 10 11 8 15 6 8 13 6 29 30 21 28 30 30 24 27 26 5
4 6 12 10 12 7 12 12 9 28 26 20 22 20 25 20 20 23 5
9 10 13 7 8 6 16 17 1 23 30 19 25 32 26 16 23 31 5
3 13 31 4 6 13 10 11 3 42 32 14 36 34 27 35 34 42 5
1 18 18 6 11 7 6 19 0 35 18 18 26 21 25 30 17 36 5
4 20 22 9 25 17 16 23 3 32 25 14 31 25 23 20 22 33 5
3 7 12 5 12 7 10 12 3 29 25 20 31 24 29 22 20 29 5
9 8 13 6 12 7 11 14 1 23 32 19 30 33 29 21 26 31 5
1 12 14 12 9 5 12 19 4 31 20 18 16 19 23 20 13 28 5
6 16 23 14 17 9 22 18 10 44 24 27 31 19 36 28 22 40 5
8 17 25 3 12 15 20 20 9 42 23 25 42 24 30 30 20 41 5
4 9 14 5 9 8 16 15 8 28 15 18 23 12 20 16 9 24 5
8 4 19 10 10 8 14 7 6 32 28 21 35 26 37 26 25 34 5
1 16 21 22 19 16 22 19 7 35 20 15 18 21 24 14 17 29 5
1 18 18 9 12 8 18 19 5 35 18 18 23 20 24 18 17 31 5
5 18 35 4 21 19 18 22 10 61 59 31 68 63 53 48 55 56 5
9 9 12 15 11 6 12 15 4 23 23 20 21 25 30 20 17 28 5
11 10 18 24 9 8 17 12 6 29 22 22 21 27 37 23 20 34 5
9 9 12 11 15 8 16 16 3 23 31 20 25 30 28 16 24 29 5
2 18 20 16 21 14 20 18 5 43 27 25 34 29 36 25 27 40 5
17 14 27 7 15 11 20 17 16 55 70 45 65 69 61 52 67 56 5
9 9 12 11 15 8 16 16 3 23 31 20 25 30 28 16 24 29 5
19 20 30 11 13 14 27 19 5 31 30 20 34 32 31 23 31 45 5
11 11 19 18 16 6 21 22 6 39 39 31 27 29 39 29 28 44 5
4 15 11 0 17 9 7 2 13 32 21 25 40 23 31 29 34 23 5
1 12 14 2 9 4 7 17 3 31 28 18 30 31 28 25 23 29 5
9 21 25 27 27 16 33 27 9 51 39 35 39 39 50 27 33 51 5
16 10 20 11 12 4 13 20 7 20 35 16 21 28 28 23 25 29 5
6 12 35 22 12 15 47 26 7 42 44 13 20 37 27 1 30 41 5
4 10 18 1 10 8 15 21 6 32 35 18 31 30 24 21 24 30 5
12 17 20 8 13 12 18 28 8 24 28 16 24 27 20 18 17 28 5
2 9 16 12 14 10 14 12 4 38 23 24 33 22 35 26 20 36 5
5 14 16 13 17 11 20 22 3 27 26 16 23 28 25 12 18 29 5
9 11 18 24 29 2 16 11 6 31 39 22 12 16 34 24 39 34 5
14 16 25 7 8 14 31 18 10 31 20 20 33 24 26 14 18 35 5
12 9 14 9 9 4 13 21 4 24 36 22 23 31 28 23 24 32 5
18 7 27 23 13 4 26 21 5 22 43 13 21 42 40 14 29 35 5
25 39 48 41 43 25 42 37 25 66 65 43 57 69 73 49 67 66 5
8 16 19 11 20 18 19 24 4 28 29 17 29 30 22 17 21 32 5
1 15 25 11 18 8 20 24 8 49 35 25 34 27 37 30 26 42 5
22 31 44 37 20 37 37 29 30 62 53 40 47 64 47 47 55 54 5
2 6 12 5 8 6 11 11 6 30 18 20 27 16 26 21 13 26 5
13 27 43 29 38 17 35 31 20 78 64 48 62 53 74 56 60 71 5
11 10 19 8 11 9 16 15 8 21 14 13 24 13 23 16 9 24 5
14 27 35 29 33 17 41 33 3 58 57 37 49 58 61 31 51 69 5
19 12 32 13 19 12 27 22 6 65 60 52 71 53 72 57 50 78 5
4 17 29 18 11 11 19 14 7 41 19 16 27 25 34 26 22 38 5
10 5 11 3 6 6 11 11 5 22 19 21 29 18 26 21 13 27 5
4 13 23 5 14 11 13 14 12 46 47 27 45 46 39 37 46 38 5
6 16 21 17 21 10 15 20 2 34 32 19 28 33 35 25 28 38 5
6 11 20 16 11 7 29 19 6 39 25 25 24 21 33 16 17 39 5
7 17 22 25 28 15 24 24 13 38 28 23 25 22 35 21 21 32 5
14 6 11 6 6 4 8 16 2 18 34 21 26 34 28 24 24 30 5
5 8 10 8 15 8 9 13 6 27 32 22 28 30 28 23 27 26 5
4 15 26 2 19 19 16 24 6 41 30 19 48 31 31 29 21 39 5
10 18 24 18 23 10 20 25 13 40 32 26 27 22 35 30 25 37 5
6 16 21 17 21 10 15 20 2 34 32 19 28 33 35 25 28 38 5
6 6 12 5 6 5 11 13 5 26 18 20 27 18 27 21 11 27 5
2 11 19 12 12 11 19 17 4 30 29 13 20 28 21 13 23 28 5
19 32 58 45 46 22 69 38 31 85 72 46 67 66 90 35 66 73 5
2 10 12 16 16 4 7 17 3 26 25 16 16 24 28 21 18 25 5
3 13 20 5 15 9 16 18 5 29 19 12 27 17 23 16 14 27 5
0 13 15 8 12 9 13 16 4 32 19 17 24 20 23 19 16 28 5
20 20 44 47 28 10 33 29 32 64 52 40 37 44 74 51 43 52 5
10 18 26 6 20 19 19 19 8 35 27 19 44 30 31 26 26 37 5
20 8 16 16 12 7 14 16 5 20 24 24 24 20 33 26 16 35 5
1 11 18 6 12 8 15 12 3 31 21 14 30 24 28 17 20 29 5
9 21 25 27 27 16 33 27 9 51 39 35 39 39 50 27 33 51 5
12 15 14 8 13 11 12 7 2 24 30 22 28 32 25 24 38 34 5
5 10 16 11 13 11 14 14 6 35 22 24 34 23 34 26 18 34 5
17 20 24 23 21 21 32 24 12 23 20 16 17 19 19 8 16 28 5
12 15 44 20 22 28 40 34 18 65 51 33 64 50 56 37 32 59 5
19 29 60 42 45 34 36 23 9 53 55 12 24 32 32 36 61 63 5
5 7 14 1 9 5 15 17 4 31 38 22 31 31 27 21 28 32 5
1 13 17 5 12 8 10 16 3 31 27 15 31 33 28 22 24 29 5
6 14 17 12 15 3 25 16 4 30 31 19 20 25 29 11 29 32 5
5 12 35 2 15 17 20 16 9 72 54 42 82 57 67 57 50 68 5
10 14 16 13 14 4 14 22 3 26 31 20 23 31 32 22 23 33 5
5 9 18 24 30 2 13 17 22 45 41 32 26 20 48 37 33 28 5
2 12 21 24 23 14 22 19 11 43 24 24 26 17 36 23 17 34 5
2 14 23 14 15 11 21 19 8 43 22 22 26 17 29 24 17 37 5
31 13 20 19 9 8 19 20 6 14 41 25 26 45 37 26 34 39 5
7 5 11 9 8 7 17 16 4 25 27 21 27 28 29 15 16 28 5
18 27 43 43 47 15 42 47 15 80 85 55 48 57 76 56 65 83 5
14 16 25 7 8 14 31 18 10 31 20 20 33 24 26 14 18 35 5
13 11 16 11 11 7 10 12 3 27 21 24 29 21 33 30 20 37 5
33 16 28 33 25 17 24 25 19 51 68 56 58 66 74 60 59 65 5
23 32 56 73 63 35 59 38 29 89 80 56 47 57 85 53 74 83 5
1 20 19 14 24 15 15 23 8 35 25 17 26 26 25 21 22 28 5
9 9 13 12 13 6 13 17 3 27 36 23 28 37 34 23 28 33 5
9 7 16 6 11 6 12 15 5 36 29 29 39 25 39 33 21 40 5
6 11 22 22 13 12 23 15 7 39 25 23 23 23 33 22 21 38 5
12 5 17 12 11 7 13 10 7 28 27 23 33 25 38 27 22 33 5
24 2 7 13 3 7 11 10 10 16 30 33 27 29 33 29 22 30 5
12 25 36 20 23 17 35 36 19 72 47 48 57 43 60 49 36 65 5
9 7 14 4 8 4 12 18 3 27 38 22 28 32 28 24 27 33 5
7 16 21 12 17 14 22 19 6 38 29 24 38 33 36 23 26 39 5
8 20 43 23 25 16 51 29 12 76 64 41 54 52 61 33 55 72 5
7 14 20 8 18 15 15 16 8 38 22 25 42 22 35 30 20 37 5
20 14 39 17 18 16 24 20 12 57 52 38 67 54 68 53 46 65 5
10 14 16 21 18 9 19 21 4 22 26 16 15 27 27 13 19 28 5
16 14 23 24 14 9 21 15 10 29 22 22 21 22 36 24 21 35 5
16 16 35 16 7 20 21 25 12 68 68 49 61 70 57 63 59 72 5
3 3 11 2 6 6 6 13 3 29 29 21 30 26 26 26 19 29 5
19 19 20 17 21 18 20 25 8 26 26 25 33 29 32 25 20 37 5
8 9 13 6 15 5 12 16 3 28 36 23 34 35 35 24 29 33 5
1 7 13 2 10 6 8 16 1 31 33 19 34 35 30 24 24 31 5
12 14 27 11 18 17 19 14 3 33 22 18 39 22 33 26 22 42 5
26 29 46 23 26 28 35 40 20 65 49 45 61 46 56 56 38 71 5
3 15 21 11 21 12 19 22 17 47 45 29 34 33 33 31 38 33 5
28 20 46 14 12 14 39 29 12 56 52 38 63 54 63 45 43 72 5
16 8 20 22 11 16 21 12 7 24 24 20 23 25 29 19 20 33 5
0 14 16 8 17 6 19 24 7 36 31 20 24 23 26 17 21 29 5
4 15 30 32 24 22 46 22 14 50 30 24 28 26 38 8 23 40 5
8 4 19 10 10 8 14 7 6 32 28 21 35 26 37 26 25 34 5
1 9 16 4 8 4 14 17 1 35 36 20 28 32 28 22 28 35 5
9 12 17 21 19 10 17 18 6 23 28 15 15 26 26 15 22 26 5
5 14 17 5 14 16 16 21 4 31 22 19 31 22 20 20 15 32 5
1 7 20 12 17 10 15 13 8 44 29 25 38 23 40 30 23 37 5
16 10 20 11 12 4 13 20 7 20 35 16 21 28 28 23 25 29 5
16 9 14 9 14 8 17 17 4 20 36 22 27 31 28 19 28 32 5
2 6 12 5 8 6 11 11 6 30 18 20 27 16 26 21 13 26 5
3 12 16 16 20 11 15 13 6 37 20 24 29 16 34 25 19 34 5
6 19 20 22 20 16 30 24 12 39 26 25 23 25 29 15 21 33 5
2 18 23 10 18 13 18 22 8 48 32 27 40 32 37 32 28 42 5
5 7 10 0 3 9 8 14 1 27 25 22 32 29 23 24 18 31 5
1 16 16 8 13 7 12 23 3 35 29 20 24 27 25 24 22 33 5
37 21 34 44 35 12 38 19 26 29 56 32 16 35 48 28 58 40 5
11 13 20 11 16 9 17 21 8 39 37 30 34 29 36 33 29 42 5
4 8 16 2 9 9 14 16 5 41 28 29 43 27 36 31 20 40 5
18 13 42 11 11 15 35 25 6 66 59 42 66 55 62 49 47 78 5
5 13 11 2 14 16 7 17 8 35 19 29 38 18 24 33 15 32 5
3 11 14 6 13 7 8 14 4 29 29 18 30 32 29 24 26 28 5
12 20 28 30 29 12 25 24 13 43 35 27 20 21 38 30 31 42 5
15 8 16 13 12 13 19 16 10 30 28 29 37 28 37 26 20 35 5
13 22 30 15 18 15 25 22 10 37 18 20 35 22 35 25 18 40 5
1 8 13 1 8 4 9 18 3 35 37 23 31 32 28 27 27 33 5
15 8 16 13 12 13 19 16 10 30 28 29 37 28 37 26 20 35 5
3 15 16 9 18 8 14 18 5 33 30 20 27 27 28 22 27 31 5
1 11 17 15 12 12 25 15 9 39 21 23 25 20 28 15 17 31 5
4 7 19 3 8 5 13 16 4 41 29 26 37 24 35 32 20 41 5
24 23 22 5 19 23 16 21 9 31 43 33 55 53 37 39 45 46 5
39 8 25 21 0 18 19 9 0 1 24 15 24 36 27 21 23 40 4
44 32 60 8 25 51 51 37 26 16 38 0 58 52 15 9 33 34 4
45 17 27 25 14 25 21 13 3 0 19 18 25 26 25 24 23 42 4
52 10 44 25 27 30 25 14 2 2 35 10 29 18 24 29 31 52 4
39 10 25 12 18 24 21 14 4 1 22 15 28 14 16 19 18 36 4
40 18 22 17 12 24 16 11 3 0 22 18 28 33 21 24 29 37 4
45 30 28 32 31 34 16 21 2 0 24 17 18 29 16 29 33 43 4
41 9 33 15 0 20 16 11 1 4 36 12 25 40 20 29 34 44 4
45 30 31 34 34 33 21 19 3 0 24 14 16 26 17 24 35 42 4
54 40 38 49 8 23 26 2 12 0 23 16 5 55 31 28 61 42 4
43 11 42 13 24 27 15 12 3 2 34 3 27 16 13 30 33 42 4
32 15 19 16 2 13 16 12 1 0 25 13 16 38 19 16 28 31 4
39 9 34 16 16 26 17 8 3 1 31 6 29 29 19 23 32 37 4
44 12 41 20 21 25 12 9 2 1 42 4 20 27 15 33 45 43 4
45 17 30 19 23 24 15 11 4 0 28 15 26 22 21 30 34 41 4
39 9 26 21 2 18 20 11 2 1 23 14 24 34 27 20 21 38 4
42 9 42 16 25 25 18 15 1 3 36 3 29 20 20 27 30 44 4
28 17 14 18 13 24 13 9 2 0 4 14 14 11 8 15 12 26 4
32 24 10 22 5 11 14 11 1 0 16 22 10 35 21 18 29 31 4
48 13 46 16 8 10 20 17 1 2 47 4 29 46 35 30 43 49 4
32 16 13 17 6 9 12 9 0 0 16 19 19 30 27 20 23 32 4
32 21 16 21 8 14 13 14 0 0 19 16 15 37 22 19 26 32 4
40 16 12 21 5 12 16 9 2 0 16 28 19 27 28 24 23 38 4
32 16 13 17 6 9 12 9 0 0 16 19 19 30 27 20 23 32 4
101 31 87 31 27 13 77 57 6 4 89 18 74 93 92 28 63 99 4
42 10 39 12 17 22 16 10 5 3 35 6 28 23 18 29 35 40 4
40 16 36 25 30 31 19 14 4 0 24 4 20 15 14 21 26 36 4
45 15 41 23 31 31 21 17 4 0 39 4 27 29 19 24 37 41 4
39 10 34 16 23 26 16 11 2 1 22 6 24 9 14 24 21 38 4
36 12 16 19 4 20 23 15 3 0 15 20 17 23 16 13 12 33 4
45 26 20 30 19 3 17 12 3 0 19 25 20 31 47 28 33 42 4
38 4 28 15 4 9 11 7 1 2 28 12 25 28 31 29 25 39 4
45 22 14 22 12 9 18 11 2 0 23 31 23 33 36 27 34 43 4
42 22 50 8 12 40 35 21 32 8 38 0 42 48 10 15 39 18 4
44 20 33 17 25 10 26 27 5 1 25 12 28 20 35 19 18 40 4
36 7 31 9 21 23 16 11 2 4 25 9 31 11 17 24 21 38 4
36 21 10 19 6 26 13 9 0 0 6 26 17 21 10 23 18 36 4
52 18 50 13 30 23 42 38 9 3 37 5 37 20 27 13 17 46 4
40 17 17 22 3 14 16 10 1 0 15 23 23 33 31 24 22 39 4
50 12 33 21 15 9 31 27 10 0 38 17 24 30 36 19 23 40 4
40 14 19 18 16 24 15 9 3 0 18 21 27 20 21 25 23 37 4
31 26 65 6 16 31 55 40 8 35 29 1 54 34 29 11 15 58 4
40 13 16 21 0 10 17 9 0 0 19 24 24 36 35 23 23 40 4
32 16 20 16 5 9 13 9 0 0 24 12 20 40 27 19 31 32 4
27 11 40 10 16 17 28 15 5 13 21 0 35 20 28 12 17 35 4
32 13 13 12 6 11 12 9 0 0 19 19 20 26 21 20 23 32 4
32 21 14 20 0 11 14 10 2 0 19 18 12 40 21 18 30 30 4
60 32 42 23 33 7 41 35 3 0 40 18 32 33 48 19 37 57 4
40 13 18 22 10 22 17 11 0 0 19 22 23 26 23 23 21 40 4
60 21 47 34 39 45 31 24 10 0 29 13 32 16 21 29 26 50 4
31 8 25 14 18 21 13 10 2 1 16 7 18 6 11 19 14 30 4
24 20 2 16 4 17 7 8 3 0 12 22 8 28 7 17 24 21 4
39 10 29 16 15 23 18 10 5 1 22 11 29 21 22 22 22 35 4
41 6 41 13 12 27 25 22 3 4 39 4 37 38 23 20 23 42 4
40 19 24 19 20 20 15 11 5 0 21 16 21 20 20 25 29 35 4
45 24 8 26 5 9 17 9 3 0 12 37 24 35 41 28 27 42 4
55 29 45 20 28 26 36 32 5 0 37 10 30 32 24 19 34 50 4
38 7 30 14 13 20 12 7 1 2 25 10 21 15 15 28 25 39 4
45 16 35 20 23 25 19 13 4 0 29 10 25 22 20 26 32 41 4
50 20 60 14 31 33 49 30 16 10 30 0 52 24 33 11 20 44 4
50 26 31 27 17 6 19 21 2 0 34 19 18 37 39 31 39 48 4
32 21 10 16 6 7 13 13 0 0 19 22 12 29 21 19 27 32 4
50 24 34 23 26 19 41 28 10 0 16 16 32 18 36 9 12 40 4
50 35 31 28 32 31 22 28 4 0 25 19 17 22 14 28 32 46 4
39 8 31 18 16 22 16 12 2 1 32 9 27 29 23 24 28 38 4
32 21 21 16 16 17 12 8 2 0 19 11 16 24 15 20 32 30 4
38 8 27 13 14 18 16 11 1 2 24 13 27 18 22 24 21 39 4
32 21 21 19 15 14 11 11 2 0 19 11 9 20 14 21 29 30 4
30 15 45 7 25 23 21 19 1 15 30 0 43 25 27 24 26 44 4
31 11 28 13 6 14 12 11 0 1 29 4 19 34 18 20 29 32 4
49 14 30 19 12 43 26 13 3 1 26 20 31 28 7 24 27 47 4
60 22 46 32 31 39 25 22 4 0 28 14 28 19 21 35 28 56 4
43 12 32 19 17 24 21 15 3 2 24 13 31 23 26 24 21 42 4
80 19 72 31 29 40 25 20 5 4 77 12 53 67 44 59 76 79 4
51 19 50 11 19 17 40 35 5 4 47 5 39 41 33 15 31 50 4
28 13 17 16 3 12 4 4 1 0 22 11 12 32 16 24 31 27 4
45 17 30 27 12 15 16 10 4 0 28 15 23 38 35 29 35 41 4
45 21 32 25 17 13 16 13 3 0 24 13 25 33 37 29 32 42 4
50 31 24 29 14 21 24 22 0 0 29 26 16 40 24 26 38 50 4
39 9 27 19 14 19 16 11 1 1 23 13 21 18 21 24 21 39 4
38 14 34 6 7 9 37 32 8 2 36 6 30 38 27 3 18 32 4
28 14 35 7 3 12 15 7 0 7 21 0 28 32 23 20 28 35 4
35 13 16 9 9 18 29 15 5 1 14 20 31 21 22 7 12 31 4
29 4 31 11 2 15 15 14 0 3 36 1 25 43 21 17 26 32 4
45 20 21 23 10 23 17 12 2 0 16 24 22 26 22 28 24 43 4
45 21 23 21 6 16 21 11 4 0 24 22 19 34 24 24 34 41 4
36 13 29 15 22 32 13 16 3 0 23 7 17 10 0 23 20 33 4
45 22 33 22 26 25 21 17 4 0 32 12 23 28 20 24 37 41 4
45 21 19 25 15 21 22 13 2 0 24 26 20 30 24 23 32 43 4
50 31 27 26 22 30 17 16 3 0 29 23 24 38 20 33 44 47 4
44 13 32 21 5 22 22 15 3 1 32 13 24 40 23 23 30 42 4
39 13 31 12 8 20 17 9 0 1 19 9 28 24 20 23 23 40 4
43 9 27 17 4 7 20 14 0 2 27 18 23 28 33 25 22 45 4
32 21 18 20 15 13 10 11 1 0 19 14 12 25 19 22 29 31 4
51 8 48 21 22 30 25 14 4 3 37 6 33 23 24 29 31 50 4
39 10 33 17 23 27 16 11 3 1 22 7 23 9 13 24 21 37 4
31 2 38 12 9 26 14 5 4 9 30 2 33 27 19 26 27 36 4
34 4 43 5 17 21 30 12 0 11 32 2 35 15 19 15 24 45 4
32 17 22 19 6 17 9 7 1 0 23 10 13 34 15 23 33 31 4
40 16 20 23 14 23 19 8 6 0 16 20 22 22 22 21 24 34 4
32 10 25 12 19 16 12 13 2 0 22 7 16 9 12 20 19 30 4
50 10 50 19 15 28 19 9 5 4 35 4 29 25 20 35 36 49 4
29 4 31 11 2 15 15 14 0 3 36 1 25 43 21 17 26 32 4
40 14 27 21 7 22 14 7 5 0 26 13 19 33 18 26 33 35 4
38 13 45 8 5 26 28 10 3 7 32 0 37 40 19 17 35 42 4
45 13 32 22 11 5 12 10 1 0 23 13 18 21 35 33 26 44 4
31 11 29 13 22 24 13 10 6 1 21 3 19 10 8 19 22 26 4
32 19 8 16 1 6 10 5 1 0 13 24 12 27 22 22 27 31 4
25 14 32 6 15 10 23 20 4 7 18 0 22 13 18 9 12 28 4
28 12 14 16 11 22 9 6 0 0 9 14 16 13 10 19 15 28 4
53 13 32 26 15 35 21 11 6 1 32 22 34 35 25 33 34 48 4
40 15 16 13 10 18 21 13 4 0 17 24 22 18 17 19 19 36 4
39 9 28 16 12 22 16 7 4 1 23 12 29 24 23 24 25 36 4
32 24 10 22 5 11 14 11 1 0 16 22 10 35 21 18 29 31 4
38 14 34 6 7 9 37 32 8 2 36 6 30 38 27 3 18 32 4
40 29 13 31 3 27 22 13 14 0 1 27 5 24 9 18 17 26 4
31 8 31 9 0 5 12 12 0 1 32 1 19 35 23 20 28 32 4
40 16 11 21 2 8 16 11 1 0 16 29 19 30 32 24 21 39 4
44 14 42 21 37 32 22 20 4 1 31 3 29 13 18 23 25 41 4
44 15 41 23 31 33 29 25 4 1 30 4 27 19 17 16 20 41 4
71 21 84 16 31 56 68 39 40 13 51 0 61 35 21 16 33 44 4
44 11 38 22 30 30 20 14 2 1 34 7 28 20 20 25 31 43 4
44 12 32 20 15 24 19 12 3 1 33 13 20 25 16 26 33 42 4
45 15 41 22 28 28 17 19 3 0 30 4 23 17 17 28 26 42 4
40 14 22 18 8 17 16 8 2 0 18 18 22 24 23 24 24 38 4
50 29 38 34 32 30 23 26 1 0 31 12 21 34 25 27 34 49 4
31 12 30 11 17 20 13 8 4 1 28 2 21 23 12 19 32 28 4
55 41 29 30 30 24 41 39 7 0 25 26 30 42 36 14 27 48 4
32 14 8 16 0 10 12 7 0 0 18 24 16 32 22 20 25 32 4
40 11 30 22 10 30 18 9 5 0 29 10 23 35 15 22 31 35 4
32 14 29 14 17 21 13 11 1 0 26 3 18 23 11 19 29 31 4
41 7 44 13 14 31 21 12 5 4 38 1 37 36 19 24 33 40 4
44 9 25 17 1 10 24 12 0 1 27 20 23 31 30 21 24 45 4
47 16 48 14 22 16 20 14 3 3 44 2 36 38 34 30 46 47 4
41 7 40 14 13 24 21 13 5 4 29 5 26 19 16 24 23 40 4
39 9 28 17 18 25 15 9 1 1 23 12 28 18 20 25 23 39 4
40 13 13 19 0 10 14 5 1 0 19 27 16 28 25 26 27 39 4
39 13 45 13 6 20 22 21 0 6 41 0 32 48 25 23 33 45 4
28 9 20 13 18 19 9 8 0 0 19 8 19 14 13 19 20 28 4
32 22 22 18 13 17 22 19 2 0 18 10 18 32 19 10 21 30 4
41 8 33 12 5 21 16 10 2 4 28 12 28 27 19 29 26 43 4
45 12 36 22 21 19 16 13 3 0 33 9 28 29 31 29 32 42 4
50 22 28 25 1 22 19 8 2 0 18 22 20 35 23 31 32 48 4
32 24 13 20 5 13 15 13 1 0 16 19 16 40 23 17 27 31 4
40 13 25 20 14 25 16 8 4 0 19 15 25 22 20 24 24 36 4
45 15 42 22 34 21 17 24 5 0 30 3 23 11 24 28 21 40 4
44 11 42 21 32 14 21 16 4 1 34 3 24 13 31 24 29 41 4
43 13 50 14 28 26 19 17 2 7 47 0 31 26 19 31 43 48 4
32 19 20 16 17 18 12 12 5 0 21 12 16 23 14 20 28 27 4
43 9 29 14 11 19 18 10 2 2 27 16 26 21 21 27 26 43 4
39 11 9 18 0 10 16 8 0 1 21 31 27 36 35 24 24 40 4
36 13 24 12 4 10 15 16 0 0 32 12 20 36 22 21 29 36 4
76 21 51 36 6 25 30 20 7 1 67 26 48 90 59 47 68 70 4
32 21 19 16 17 20 15 8 4 0 19 13 20 28 16 17 32 28 4
32 21 9 18 0 19 17 12 1 0 11 23 14 32 13 15 20 31 4
48 20 47 17 17 18 37 31 10 2 40 3 38 49 37 13 29 40 4
58 11 46 26 13 19 28 13 5 2 39 14 28 32 35 32 37 55 4
32 12 26 11 13 15 12 10 2 0 28 6 21 27 17 20 30 30 4
32 14 18 16 4 9 13 14 0 0 26 14 20 41 27 19 26 32 4
39 9 28 18 3 12 19 8 0 1 23 12 22 29 28 21 24 40 4
45 34 43 23 17 23 17 21 4 0 20 2 22 37 22 28 33 41 4
32 21 13 21 11 18 10 9 1 0 19 19 15 34 18 22 31 31 4
36 22 12 16 10 11 18 15 0 0 23 24 16 30 21 18 30 36 4
45 16 24 21 1 16 18 12 0 0 29 21 19 39 24 27 33 45 4
32 12 31 13 21 21 13 13 3 0 28 1 19 19 11 19 27 29 4
44 12 41 17 29 27 21 19 3 1 42 4 33 31 23 24 35 42 4
44 19 42 22 28 31 18 18 5 1 35 3 23 26 14 27 36 40 4
45 21 26 23 1 21 20 10 4 0 24 19 17 39 19 25 35 41 4
32 17 21 20 22 15 13 12 2 0 23 11 16 23 21 19 28 30 4
32 16 16 16 10 17 11 7 1 0 16 16 16 22 15 21 25 31 4
44 17 36 16 26 17 21 16 7 1 28 9 29 19 28 24 29 38 4
39 6 23 20 7 15 23 14 1 1 26 17 25 29 30 17 18 39 4
38 7 26 12 17 22 18 12 1 2 25 14 28 15 18 22 20 39 4
32 25 7 18 1 10 12 10 1 0 15 25 14 39 22 20 30 31 4
50 21 15 16 0 23 29 6 11 0 19 35 34 40 27 21 34 39 4
49 16 40 20 22 15 16 17 1 1 44 10 30 38 35 34 43 49 4
36 9 40 12 23 21 16 13 2 4 31 0 28 17 19 24 27 38 4
44 13 33 16 14 21 16 10 3 1 23 12 24 18 19 29 26 42 4
50 10 50 19 15 28 19 9 5 4 35 4 29 25 20 35 36 49 4
47 4 38 24 18 13 22 15 3 3 56 12 26 42 37 28 45 47 4
40 11 38 21 22 29 19 9 3 0 29 2 24 23 16 21 31 37 4
36 15 22 12 9 13 16 14 2 0 30 14 20 31 19 20 31 34 4
41 4 35 13 10 19 21 12 0 4 32 10 27 22 21 24 24 45 4
55 25 35 22 28 32 23 20 3 0 30 20 28 22 18 32 35 52 4
32 16 14 17 12 21 19 12 5 0 8 18 11 9 7 13 12 27 4
40 13 32 20 17 28 17 9 5 0 27 8 25 28 17 23 31 35 4
37 8 39 16 22 29 17 13 2 3 32 1 29 23 16 23 27 38 4
32 13 23 19 22 13 11 14 2 0 19 9 17 14 23 21 18 30 4
50 18 41 23 14 14 16 15 3 0 42 9 22 40 31 34 45 47 4
39 9 30 19 6 24 17 9 5 1 31 10 26 39 21 23 31 35 4
66 25 49 31 19 19 45 28 14 0 41 17 29 41 41 21 38 52 4
32 16 14 16 0 9 9 7 1 0 24 18 12 35 19 23 33 31 4
26 17 28 4 25 7 16 19 1 2 18 0 20 5 17 12 16 27 4
32 9 21 13 16 34 13 11 2 0 15 11 23 11 2 19 13 30 4
32 17 16 16 8 9 16 13 0 0 23 16 20 37 27 16 27 32 4
44 13 42 17 35 30 17 17 5 1 32 3 33 15 20 28 28 40 4
44 13 44 22 28 31 19 19 3 1 41 1 28 32 19 26 35 42 4
32 14 29 14 17 21 13 11 1 0 26 3 18 23 11 19 29 31 4
39 7 29 20 13 22 20 12 3 1 25 11 25 23 23 20 20 37 4
35 4 43 11 8 21 17 8 4 10 32 2 29 24 19 28 28 41 4
13 13 13 39 13 11 10 2 21 32 23 32 1 19 29 35 34 24 2
33 16 29 43 20 41 21 25 25 17 44 21 7 40 9 29 35 25 2
31 26 13 50 36 18 14 8 22 19 34 37 0 24 32 36 52 28 2
8 9 5 26 9 8 0 1 12 24 15 27 6 15 24 32 23 20 2
28 13 26 64 21 22 15 7 35 56 71 58 13 56 55 69 77 49 2
22 15 10 48 27 15 9 4 20 23 30 35 2 23 35 36 41 25 2
37 40 28 91 50 37 29 12 49 54 51 63 0 41 54 62 79 42 2
16 10 7 27 15 7 4 4 16 20 35 29 5 25 25 32 41 20 2
28 26 9 14 23 19 5 8 23 12 24 31 26 27 21 35 42 17 2
20 6 5 36 16 12 3 3 16 20 26 35 9 20 33 37 29 24 2
21 6 9 39 19 13 8 4 20 19 26 31 6 17 32 32 28 20 2
9 5 11 39 11 16 8 4 16 31 27 29 6 25 29 32 28 24 2
24 13 7 39 15 13 4 7 24 26 37 43 6 30 32 46 43 26 2
20 15 11 43 22 10 11 1 20 25 21 34 2 14 35 34 35 25 2
17 17 16 46 25 12 10 4 24 28 19 29 4 15 38 35 32 21 2
38 23 26 89 43 37 19 8 36 46 73 58 2 61 54 65 88 48 2
12 19 5 21 19 8 9 19 21 28 21 35 19 21 32 31 21 19 2
21 12 11 19 14 9 1 14 20 19 20 29 21 18 31 39 18 20 2
16 16 16 44 21 13 7 2 22 29 20 29 6 19 37 38 34 23 2
13 24 9 41 26 19 15 18 12 27 26 31 3 29 25 25 32 28 2
25 17 17 45 16 20 6 5 20 20 19 28 5 24 30 39 31 25 2
43 31 32 88 65 27 50 22 62 55 67 66 3 26 64 48 76 36 2
15 14 8 31 20 11 6 9 19 17 26 24 1 20 21 26 31 13 2
41 46 25 47 35 31 23 46 54 55 50 71 41 53 57 73 50 42 2
14 18 12 32 24 9 11 7 24 22 18 24 0 8 23 25 29 12 2
12 20 9 20 15 2 10 21 21 24 25 27 12 25 30 26 24 15 2
19 26 13 49 29 12 11 5 28 36 40 42 1 31 38 44 61 27 2
17 18 12 42 17 18 6 5 21 33 32 38 3 28 27 44 45 29 2
24 13 8 35 15 21 2 5 21 16 19 32 10 21 24 38 27 19 2
29 22 18 76 28 38 24 8 34 43 62 54 2 63 40 48 76 38 2
20 15 11 43 22 10 11 1 20 25 21 34 2 14 35 34 35 25 2
19 14 8 32 26 9 11 4 16 13 26 24 0 14 23 21 36 16 2
19 12 10 42 18 17 3 7 20 26 24 35 8 22 33 42 29 25 2
42 19 20 52 19 35 24 4 32 24 47 46 8 41 25 42 62 34 2
12 16 13 32 21 6 9 3 19 24 29 23 0 19 26 27 42 17 2
16 10 4 32 20 6 6 4 14 20 35 32 4 25 30 30 41 22 2
24 13 10 40 20 9 15 1 23 21 23 35 0 12 31 30 35 22 2
23 23 18 57 27 17 7 10 28 49 61 54 9 50 49 65 74 44 2
14 10 4 29 15 6 2 3 16 22 35 32 3 25 26 34 42 20 2
27 15 10 40 24 12 16 5 28 18 30 35 0 16 28 29 40 17 2
65 50 26 94 45 57 37 20 24 40 70 79 11 75 48 68 100 81 2
19 12 8 37 22 11 3 10 17 17 33 28 3 28 29 33 35 19 2
14 10 6 32 10 10 1 3 23 31 26 39 8 22 30 44 33 22 2
10 16 12 45 22 10 16 1 23 35 20 33 0 14 35 29 35 22 2
50 30 12 74 28 23 3 14 28 34 54 72 10 56 61 81 70 56 2
41 30 25 91 45 31 35 13 52 50 61 66 0 46 60 56 78 39 2
18 33 23 45 36 19 33 11 31 32 27 27 0 18 26 17 49 19 2
22 20 13 45 25 10 14 1 24 28 30 37 0 20 35 36 49 26 2
15 11 5 27 15 7 2 8 17 17 29 27 1 20 21 30 32 15 2
9 5 11 39 11 16 8 4 16 31 27 29 6 25 29 32 28 24 2
30 43 36 65 31 45 49 29 21 36 23 30 1 35 21 17 37 45 2
39 40 26 90 46 33 27 13 42 52 64 65 1 58 58 64 91 49 2
27 18 12 45 26 14 15 3 23 18 27 33 0 19 31 30 42 22 2
9 5 10 26 14 10 0 2 10 23 35 22 10 31 26 32 38 22 2
30 16 31 51 16 49 20 13 24 30 34 29 15 39 17 40 37 36 2
20 12 13 53 21 19 5 4 28 52 72 59 13 56 47 67 80 44 2
28 12 8 39 19 10 9 1 16 17 33 37 1 21 30 36 44 29 2
60 34 17 77 47 24 25 6 44 24 38 67 0 19 53 59 66 40 2
47 40 29 84 56 26 39 14 58 44 51 62 0 28 58 52 77 33 2
25 23 10 49 28 20 9 10 26 25 37 40 1 32 30 41 50 24 2
20 6 8 35 14 7 5 4 19 25 30 37 10 22 38 40 32 26 2
20 17 10 32 20 9 7 6 20 16 28 26 0 20 23 29 39 16 2
12 16 13 35 15 28 7 11 21 20 24 19 1 30 8 25 29 11 2
30 6 3 36 14 11 7 1 17 10 26 37 4 18 29 33 31 23 2
25 14 10 44 24 11 11 1 21 20 31 35 1 21 34 34 44 24 2
10 11 8 30 16 14 1 7 12 22 29 24 6 29 22 31 33 20 2
28 30 38 81 55 33 37 36 70 63 74 53 10 49 58 54 68 21 2
49 24 33 101 41 34 27 12 57 55 80 71 3 63 70 77 92 47 2
24 12 23 61 23 20 3 5 29 60 60 61 16 43 57 81 67 55 2
42 19 20 52 19 35 24 4 32 24 47 46 8 41 25 42 62 34 2
24 22 31 46 19 36 19 24 22 31 44 24 4 41 14 36 42 33 2
13 13 12 39 13 15 7 2 17 32 32 33 1 27 25 38 43 28 2
15 8 5 27 15 7 1 6 16 17 32 27 5 25 25 31 34 16 2
7 8 10 36 17 6 6 0 15 25 24 22 0 19 30 26 32 17 2
37 33 14 47 23 35 30 20 9 23 27 46 8 32 20 30 40 51 2
37 18 25 60 22 40 21 14 20 29 48 41 6 44 26 45 52 46 2
37 32 36 88 39 51 19 17 44 47 40 48 3 39 40 65 55 40 2
20 6 8 35 14 7 5 4 19 25 30 37 10 22 38 40 32 26 2
20 11 24 64 28 12 27 9 45 64 61 60 13 38 65 57 63 39 2
15 12 13 40 32 8 13 0 19 21 33 23 0 18 32 23 45 17 2
27 26 50 58 25 57 8 11 34 33 44 10 8 52 9 52 59 26 2
9 11 3 26 10 10 1 6 13 23 29 29 6 30 22 31 34 19 2
15 7 3 31 20 7 2 4 13 17 33 29 5 25 29 30 36 19 2
25 23 13 45 25 14 12 8 26 25 27 37 0 20 31 38 42 24 2
12 8 6 27 12 6 7 2 19 20 16 26 1 9 22 25 22 13 2
14 14 5 14 17 12 0 18 16 14 21 23 18 23 20 28 17 12 2
33 23 14 70 27 26 13 5 28 51 61 70 14 57 58 71 79 56 2
14 21 11 35 22 9 9 3 20 22 24 25 1 23 27 27 42 16 2
19 8 4 30 20 7 4 6 17 13 32 28 2 20 25 28 34 15 2
23 23 10 52 26 26 15 12 18 27 27 40 3 29 29 35 38 32 2
27 18 15 44 19 20 10 9 26 23 22 35 1 17 25 40 31 24 2
31 29 54 94 32 58 26 22 43 60 75 37 4 80 40 65 82 48 2
9 5 11 39 11 16 8 4 16 31 27 29 6 25 29 32 28 24 2
14 4 5 36 24 7 7 2 16 18 36 27 0 21 29 25 38 16 2
12 12 9 29 16 6 2 6 19 24 33 27 3 24 26 34 39 17 2
11 20 10 19 15 2 6 28 24 25 25 26 13 25 30 30 17 12 2
16 12 6 33 21 13 2 11 17 16 28 26 3 24 23 30 29 15 2
8 9 5 25 13 3 1 4 15 24 23 27 3 15 25 31 28 17 2
9 5 10 26 14 10 0 2 10 23 35 22 10 31 26 32 38 22 2
21 9 9 37 14 8 7 2 20 24 27 36 3 18 32 38 34 25 2
46 35 35 91 64 32 42 21 58 52 77 63 0 40 59 56 91 40 2
21 13 6 36 32 6 15 3 19 11 27 26 0 13 30 17 37 13 2
22 24 11 44 35 13 23 10 32 22 31 33 0 20 31 21 45 12 2
33 20 27 93 52 30 43 8 57 71 84 77 11 52 74 61 96 47 2
16 8 8 39 18 12 4 8 21 24 24 32 6 18 33 36 24 19 2
12 9 6 33 21 12 2 7 16 20 31 26 3 24 24 30 33 16 2
52 10 18 80 34 44 20 7 30 44 74 78 24 57 60 76 77 66 2
19 12 10 42 18 17 3 7 20 26 24 35 8 22 33 42 29 25 2
11 22 11 32 28 6 14 5 23 25 23 25 0 12 26 22 40 13 2
11 14 7 29 15 7 2 5 17 25 31 29 3 25 25 34 40 19 2
19 10 10 45 22 9 11 2 24 26 26 35 0 14 36 34 34 21 2
15 18 16 48 44 16 23 9 30 30 27 29 2 6 34 22 36 15 2
18 12 8 32 23 4 9 1 15 14 20 24 0 9 28 23 31 17 2
14 12 13 47 18 13 8 2 19 31 24 32 3 22 37 37 34 26 2
16 22 17 40 29 13 23 1 15 29 32 28 0 19 27 22 53 30 2
21 17 7 31 20 8 4 8 20 15 28 29 1 20 24 32 37 16 2
33 14 13 40 26 9 18 2 27 12 22 32 0 6 31 27 34 18 2
20 13 7 32 25 4 11 1 17 16 23 29 0 7 28 25 35 19 2
13 10 7 37 14 11 2 4 20 32 26 38 8 22 34 43 32 25 2
12 13 9 30 18 12 2 12 20 20 19 23 2 14 20 30 20 12 2
12 9 7 31 14 10 1 7 12 24 36 29 9 36 30 35 38 24 2
29 34 31 88 36 36 24 13 45 55 38 53 3 42 55 60 59 39 2
17 8 5 34 18 8 5 1 17 15 24 27 2 18 28 27 31 15 2
27 18 11 44 22 17 9 12 25 18 27 34 1 23 28 36 33 20 2
15 7 7 30 19 6 2 5 16 17 33 25 6 26 30 30 35 16 2
22 9 8 37 19 11 8 4 20 18 31 32 8 26 34 32 36 20 2
20 6 8 35 14 7 5 4 19 25 30 37 10 22 38 40 32 26 2
18 5 9 36 14 10 6 3 15 22 27 31 9 22 35 34 29 25 2
11 19 10 34 30 9 17 3 16 21 21 22 2 15 27 15 37 16 2
41 26 23 63 20 46 29 24 29 31 34 49 9 40 26 43 36 43 2
26 23 16 44 30 10 17 6 27 24 27 34 1 15 35 33 44 23 2
9 8 9 28 15 11 2 3 11 23 32 23 8 30 25 30 37 21 2
31 21 15 42 36 12 21 11 36 19 39 35 3 18 33 29 49 14 2
10 11 8 30 16 14 1 7 12 22 29 24 6 29 22 31 33 20 2
16 5 12 30 12 7 2 1 16 29 31 33 15 24 38 43 35 29 2
15 14 8 33 22 15 4 12 17 17 26 24 3 23 21 28 28 15 2
14 10 4 29 15 6 2 3 16 22 35 32 3 25 26 34 42 20 2
10 15 11 27 15 15 6 4 16 22 25 21 5 25 17 26 36 16 2
16 15 17 61 16 28 12 5 29 68 57 67 23 56 56 72 67 55 2
11 23 10 36 25 13 8 8 21 25 22 26 0 20 23 28 37 15 2
15 14 17 48 21 16 9 3 15 30 31 28 2 29 34 36 42 30 2
26 27 17 47 18 31 18 11 11 29 28 38 8 37 24 37 44 44 2
17 26 20 47 38 11 20 4 21 33 34 30 3 22 39 30 56 29 2
18 15 9 31 20 11 8 11 17 14 25 23 1 20 21 24 29 15 2
14 6 7 27 13 7 1 1 11 18 26 25 9 23 29 31 31 21 2
18 15 9 36 26 11 7 6 20 14 25 23 0 19 25 25 34 12 2
14 8 5 30 20 10 1 6 13 18 32 27 6 25 26 31 34 19 2
20 17 38 49 16 26 42 2 29 36 31 18 0 26 23 14 46 27 2
25 20 10 49 26 22 4 13 25 25 30 40 6 29 33 46 37 25 2
34 13 6 45 27 7 10 0 21 11 32 39 0 18 38 35 45 24 2
39 16 11 60 22 25 1 13 41 38 61 66 10 48 45 76 64 36 2
23 24 15 52 38 17 12 7 30 27 26 35 3 17 38 38 43 20 2
20 8 12 44 18 13 12 0 19 20 24 28 1 18 32 28 32 21 2
20 15 11 43 22 10 11 1 20 25 21 34 2 14 35 34 35 25 2
12 13 10 29 15 7 1 7 17 24 32 26 3 25 25 35 38 19 2
15 17 11 36 27 9 7 6 20 21 28 25 0 18 27 29 39 16 2
13 24 9 41 26 19 15 18 12 27 26 31 3 29 25 25 32 28 2
26 20 16 59 22 22 1 13 32 51 46 61 25 50 62 76 53 45 2
19 16 16 44 19 12 10 3 24 26 20 29 1 17 33 35 33 21 2
14 6 4 30 14 6 7 3 16 18 26 28 2 18 26 25 29 16 2
20 11 5 31 20 6 6 5 17 16 34 31 1 20 26 30 40 19 2
15 12 8 36 27 10 7 5 17 17 28 24 0 18 26 25 35 15 2
18 15 16 46 14 24 14 8 25 27 21 29 4 26 26 31 28 20 2
14 17 10 40 23 15 8 9 24 22 19 26 0 17 25 28 27 12 2
15 8 7 32 18 11 2 6 17 17 24 25 4 18 25 30 26 15 2
22 20 13 45 25 10 14 1 24 28 30 37 0 20 35 36 49 26 2
31 31 22 54 32 46 30 24 19 24 35 33 6 40 14 25 42 36 2
25 18 18 60 37 23 7 15 30 47 66 54 18 54 55 65 69 42 2
27 25 11 45 25 16 14 8 30 23 25 39 0 20 29 36 42 20 2
60 41 25 95 49 28 21 11 38 38 71 73 3 63 70 77 101 60 2
26 27 17 47 18 31 18 11 11 29 28 38 8 37 24 37 44 44 2
23 14 12 34 10 17 3 1 10 17 26 28 6 30 23 37 39 30 2
14 11 2 35 11 18 1 4 17 26 21 38 10 25 27 39 28 23 2
76 27 26 104 57 43 52 15 48 20 57 70 0 34 61 44 69 48 2
14 19 30 40 28 17 40 5 29 31 35 15 0 20 23 5 49 16 2
12 11 8 35 14 6 4 4 20 33 25 37 5 18 34 41 32 25 2
19 7 8 39 14 10 5 4 23 26 29 37 6 22 35 40 32 22 2
16 12 13 46 17 18 4 4 19 29 24 32 4 23 32 41 32 26 2
33 19 42 87 31 46 42 10 45 63 65 54 9 53 50 54 74 51 2
17 19 7 38 15 16 6 7 22 23 21 33 2 25 24 34 33 18 2
52 10 18 80 34 44 20 7 30 44 74 78 24 57 60 76 77 66 2
19 16 10 27 15 11 3 13 24 13 16 22 1 13 17 29 19 8 2
25 11 10 49 22 13 8 4 20 20 25 35 1 18 37 37 32 25 2
68 23 44 102 33 13 30 5 42 36 68 60 2 58 91 74 86 62 2
30 7 24 56 19 21 5 1 22 54 77 60 35 72 70 79 83 62 2
41 26 23 63 20 46 29 24 29 31 34 49 9 40 26 43 36 43 2
40 55 45 111 40 68 57 31 27 72 43 67 9 65 52 55 67 85 2
27 17 22 71 29 29 16 11 32 50 49 55 13 43 55 61 55 45 2
14 17 10 40 23 15 8 9 24 22 19 26 0 17 25 28 27 12 2
8 8 5 27 14 6 1 3 16 24 24 27 5 18 26 31 29 16 2
16 22 17 40 29 13 23 1 15 29 32 28 0 19 27 22 53 30 2
17 12 14 34 12 10 4 4 20 28 24 31 6 20 30 41 32 25 2
20 9 9 36 14 11 7 3 16 25 27 36 9 22 34 38 33 29 2
18 9 7 29 20 6 2 6 17 14 31 25 3 20 26 30 34 15 2
19 7 4 24 14 5 6 2 13 9 21 24 4 14 23 22 26 15 2
17 14 7 36 25 7 7 4 20 19 31 29 0 20 29 29 41 16 2
22 15 6 32 26 5 13 3 19 14 30 30 0 14 27 23 42 17 2
15 9 11 32 17 8 9 3 23 17 15 21 0 7 24 23 21 9 2
20 11 13 37 14 11 5 3 21 25 25 32 3 18 29 40 33 24 2
27 26 50 58 25 57 8 11 34 33 44 10 8 52 9 52 59 26 2
31 7 0 52 23 0 60 37 0 29 41 60 3 21 55 0 11 60 1
8 1 0 16 0 0 16 0 0 8 15 16 0 16 16 0 16 16 1
25 2 2 56 0 0 52 7 0 27 37 50 0 42 56 0 32 52 1
16 2 16 27 17 4 27 26 0 11 34 11 0 19 23 0 10 27 1
14 3 1 21 14 0 27 20 0 13 33 26 6 22 27 0 16 27 1
15 1 23 35 0 11 39 1 0 29 32 21 9 33 33 5 32 44 1
11 3 0 16 3 0 18 0 0 7 15 18 0 13 16 0 18 18 1
8 1 3 16 0 0 16 1 0 8 15 13 0 16 16 0 15 16 1
14 4 0 20 10 4 18 9 0 4 23 18 0 20 16 0 18 18 1
21 3 1 55 0 0 40 0 1 31 36 51 1 42 56 12 39 51 1
10 2 1 18 8 0 18 14 0 8 16 17 0 10 18 0 4 18 1
3 1 0 8 7 0 7 7 0 4 13 7 0 9 8 0 7 7 1
12 1 1 27 0 0 30 1 0 18 29 29 0 27 27 0 29 30 1
15 1 1 33 6 0 36 1 0 21 47 35 0 38 33 0 47 36 1
21 3 0 33 11 0 36 9 3 15 45 36 0 33 33 0 39 33 1
8 4 23 30 4 13 27 16 0 19 32 4 0 36 17 0 20 27 1
15 6 2 24 15 0 27 26 0 12 21 25 0 9 24 0 1 27 1
4 1 0 18 0 0 16 0 0 12 15 16 0 18 18 0 16 16 1
23 2 0 47 0 0 41 0 1 25 34 48 1 36 48 7 36 47 1
11 1 1 16 5 0 16 7 0 5 23 15 0 19 16 0 17 16 1
19 4 1 30 8 0 32 13 0 13 20 31 6 19 36 0 11 32 1
27 11 0 43 29 0 48 38 1 21 49 48 1 26 44 0 22 47 1
20 1 1 44 8 0 44 3 3 24 32 43 0 25 44 0 30 41 1
8 1 0 16 0 0 18 1 0 10 17 18 0 16 16 0 17 18 1
7 1 1 18 0 0 16 0 6 9 23 15 0 27 18 0 24 10 1
14 4 0 25 15 0 24 8 0 10 28 24 2 21 27 0 24 24 1
10 3 1 16 2 0 18 1 0 8 24 17 0 22 16 0 26 18 1
8 1 1 16 0 0 18 0 0 10 17 17 0 16 16 0 18 18 1
14 3 43 48 4 32 35 7 16 30 30 1 0 32 16 9 26 28 1
12 0 0 55 0 0 50 0 1 40 39 52 1 42 56 2 39 51 1
18 0 16 44 11 3 44 22 0 26 44 28 0 33 41 0 22 44 1
18 3 3 36 12 0 36 12 0 18 45 33 0 36 36 0 36 36 1
16 2 2 33 3 0 36 1 0 20 46 34 0 41 33 0 47 36 1
34 8 9 55 25 1 60 40 1 26 52 51 0 30 54 0 20 59 1
13 0 0 44 0 0 42 3 3 31 33 44 4 36 48 2 30 41 1
4 1 1 18 0 0 16 0 0 12 15 15 0 18 18 0 16 16 1
22 4 4 37 0 0 41 2 1 26 32 44 11 36 48 7 34 47 1
14 5 3 24 16 0 27 27 0 13 31 24 3 20 27 0 9 27 1
16 1 0 31 0 0 26 0 8 28 32 44 17 36 48 18 33 36 1
20 2 1 51 0 0 48 1 0 28 34 47 1 39 52 0 35 48 1
11 2 0 24 0 0 12 0 4 22 31 33 12 36 36 21 33 29 1
32 8 4 57 36 0 60 49 0 28 64 56 3 36 60 0 23 60 1
28 4 0 48 1 0 44 0 0 16 51 44 0 59 48 0 55 44 1
8 0 0 16 0 0 15 0 0 8 8 16 0 8 16 1 8 16 1
13 3 0 30 0 0 23 0 1 20 30 33 3 33 33 10 33 32 1
6 0 0 20 10 0 18 9 0 12 18 18 0 10 20 0 9 18 1
15 6 0 18 9 0 20 5 0 5 24 20 0 18 18 0 25 20 1
16 6 1 30 6 0 33 11 0 17 38 32 0 34 30 0 33 33 1
31 12 4 54 29 1 60 41 2 29 60 56 1 37 54 0 31 58 1
10 4 1 18 4 7 17 0 16 8 23 17 0 23 11 1 27 2 1
16 6 0 25 16 0 24 17 0 8 18 24 2 11 27 0 7 24 1
15 4 0 26 7 0 27 9 0 12 14 27 1 11 27 0 9 27 1
20 1 1 51 0 0 38 1 10 36 55 55 5 56 56 18 55 46 1
10 3 2 18 9 0 18 10 0 8 24 16 0 18 18 0 17 18 1
8 1 0 14 0 0 16 0 0 8 15 16 0 14 14 0 16 16 1
15 6 1 35 10 1 33 11 0 18 38 32 1 38 35 0 33 33 1
7 0 0 18 6 0 18 1 0 11 18 18 0 12 18 0 17 18 1
8 1 14 27 13 1 27 22 0 19 26 13 0 14 26 0 5 27 1
29 5 26 70 11 7 70 17 1 41 51 44 0 45 63 0 39 69 1
7 1 0 16 0 0 9 0 1 9 15 16 0 16 16 7 16 15 1
11 1 1 16 7 0 18 9 0 7 17 17 0 9 16 0 9 18 1
37 3 6 65 20 2 65 16 0 28 49 59 0 32 63 0 36 65 1
8 1 3 16 0 0 16 1 0 8 15 13 0 16 16 0 15 16 1
7 0 0 14 0 0 16 0 0 9 16 16 0 14 14 0 16 16 1
30 7 1 54 19 0 60 23 0 30 41 59 6 29 60 0 25 60 1
8 2 0 16 8 0 18 4 0 10 25 18 0 16 16 0 23 18 1
7 0 0 16 0 0 12 0 1 9 16 16 0 16 16 4 16 15 1
6 1 0 18 0 0 18 1 0 12 17 18 0 18 18 0 17 18 1
9 1 0 18 9 0 18 9 0 9 26 18 0 18 18 0 18 18 1
14 6 1 24 15 0 27 13 0 13 21 26 3 12 27 0 14 27 1
32 7 3 56 28 0 60 37 0 28 65 57 4 44 60 0 35 60 1
8 2 0 18 0 0 16 0 0 8 14 16 0 18 18 0 16 16 1
12 1 1 33 0 0 31 1 1 21 32 32 0 33 33 2 32 32 1
6 1 0 18 0 0 14 0 0 10 15 16 0 18 18 2 16 16 1
4 0 0 16 0 0 16 0 0 12 16 16 0 16 16 0 16 16 1
24 4 3 52 13 0 56 15 0 32 66 53 0 52 52 0 55 56 1
10 3 0 18 10 0 18 9 0 8 24 18 0 17 18 0 18 18 1
11 2 0 18 0 0 9 0 4 5 14 16 0 18 18 7 16 12 1
9 3 0 18 11 0 16 16 0 7 21 16 0 16 18 0 8 16 1
31 8 2 55 19 0 60 17 0 29 52 58 5 41 60 0 43 60 1
8 1 0 16 8 0 18 8 0 10 17 18 0 8 16 0 10 18 1
7 3 2 18 7 0 18 9 0 11 24 16 0 20 18 0 18 18 1
8 2 0 16 0 0 16 0 0 8 14 16 0 16 16 0 16 16 1
23 2 4 48 0 0 44 3 1 21 42 40 0 48 48 0 41 43 1
35 7 23 70 9 14 69 1 0 37 65 49 8 69 64 3 71 72 1
9 0 0 24 0 0 27 0 0 18 18 27 0 16 24 0 18 27 1
8 2 0 16 8 0 18 4 0 10 25 18 0 16 16 0 23 18 1
6 1 1 18 0 0 10 0 0 10 7 15 0 9 18 6 8 16 1
13 2 12 51 5 0 48 12 0 35 46 36 1 47 52 0 36 48 1
10 2 21 27 13 5 27 27 0 17 34 6 0 23 22 0 9 27 1
8 1 0 16 0 0 14 0 0 6 6 14 0 8 16 0 7 14 1
20 0 12 48 0 1 44 2 6 24 44 32 0 48 47 0 42 38 1
31 6 1 56 15 0 52 20 0 21 46 51 0 41 56 0 32 52 1
7 0 0 18 8 1 18 0 10 11 27 18 0 19 17 0 27 8 1
17 0 2 44 3 0 48 4 1 31 36 46 0 30 44 0 32 47 1
35 13 4 55 23 0 60 37 0 25 59 56 10 55 65 0 35 60 1
11 1 0 14 0 0 21 0 0 10 27 21 10 32 24 0 28 21 1
27 5 2 43 0 0 48 1 0 21 43 46 1 44 44 0 47 48 1
17 2 0 36 12 0 36 1 0 19 34 36 0 24 36 0 35 36 1
9 3 1 20 9 0 18 9 0 9 15 17 0 11 20 0 9 18 1
17 0 0 48 12 0 48 7 0 31 48 48 0 36 48 0 41 48 1
17 3 8 34 0 0 31 0 1 31 33 40 14 36 48 17 36 47 1
32 11 5 53 19 0 60 28 2 28 37 55 7 29 60 0 20 58 1
10 1 27 32 8 10 36 25 1 26 26 9 0 16 22 0 2 35 1
9 1 1 18 9 0 16 8 0 7 23 15 0 18 18 0 16 16 1
20 6 1 33 0 0 36 0 1 16 42 35 0 44 33 0 48 35 1
8 1 0 16 0 0 18 0 0 10 17 18 0 16 16 0 18 18 1
12 4 0 25 24 0 27 18 0 15 32 27 2 12 27 0 18 27 1
21 3 3 48 0 0 48 1 0 27 45 45 0 48 48 0 47 48 1
10 1 8 16 1 3 18 0 0 8 26 10 0 23 13 0 27 18 1
23 5 2 37 0 0 33 1 6 21 28 42 11 36 48 11 32 38 1
8 2 1 18 5 0 16 0 0 8 22 15 0 22 18 0 24 16 1
15 6 1 36 11 0 33 7 0 18 38 32 0 37 36 0 37 33 1
18 1 1 39 0 0 37 0 0 30 35 47 9 36 48 11 36 48 1
41 4 77 56 0 71 56 0 68 43 80 7 28 84 13 28 84 16 1
25 1 3 48 11 0 48 22 0 23 59 45 0 49 48 0 38 48 1
13 0 1 24 0 0 27 1 0 14 18 26 0 16 24 0 17 27 1
23 4 3 48 0 7 45 5 21 25 44 45 0 48 41 3 43 27 1
10 4 1 18 9 0 20 11 0 10 26 19 0 18 18 0 19 20 1
12 3 1 16 8 0 18 7 0 6 24 17 0 16 16 0 20 18 1
28 4 3 53 21 0 60 37 0 32 68 57 2 45 55 0 35 60 1
5 0 0 14 1 0 16 0 0 11 16 16 0 13 14 0 16 16 1
10 3 0 16 8 0 18 9 0 8 15 18 0 8 16 0 9 18 1
20 4 6 43 0 0 48 6 0 28 44 42 1 44 44 0 42 48 1
9 3 1 16 0 0 16 0 0 7 13 15 0 16 16 0 16 16 1
11 3 0 18 9 0 18 9 0 7 24 18 0 18 18 0 18 18 1
6 1 0 18 0 0 18 0 0 12 17 18 0 18 18 0 18 18 1
23 3 3 44 0 0 44 1 0 21 30 41 4 36 48 0 32 44 1
14 4 1 32 0 0 31 0 0 22 44 35 1 44 33 5 48 36 1
18 6 2 33 0 0 27 0 1 18 30 34 0 33 33 9 36 35 1
24 5 10 31 0 12 31 0 12 24 43 38 17 48 36 17 48 36 1
18 0 4 52 13 0 48 14 0 30 48 44 0 39 52 0 34 48 1
18 5 12 28 5 28 27 2 16 12 25 18 2 25 2 3 28 14 1
12 1 0 16 6 0 18 0 0 6 17 18 0 10 16 0 18 18 1
31 7 3 53 21 0 60 37 0 29 53 57 7 39 60 0 23 60 1
27 11 0 43 29 0 48 38 1 21 49 48 1 26 44 0 22 47 1
4 0 0 14 0 0 12 0 0 12 8 16 0 7 14 4 8 16 1
32 11 5 53 19 0 60 28 2 28 37 55 7 29 60 0 20 58 1
17 3 2 36 12 0 36 10 0 19 45 34 0 36 36 0 38 36 1
27 0 0 40 0 0 36 1 0 9 36 36 0 40 40 0 35 36 1
10 3 0 16 5 0 16 0 0 6 13 16 0 11 16 0 16 16 1
34 10 4 57 27 0 60 25 0 26 38 56 3 21 60 0 23 60 1
12 3 2 22 13 0 24 19 0 12 29 22 2 19 24 0 13 24 1
6 1 0 9 0 0 0 0 2 12 17 18 9 18 18 18 18 16 1
21 1 9 69 0 0 70 7 0 49 55 61 6 60 75 0 49 70 1
33 5 0 52 13 0 48 19 0 15 31 48 0 26 52 0 17 48 1
13 1 0 28 0 0 22 0 3 20 32 33 5 33 33 11 33 30 1
9 3 0 20 10 0 18 9 0 9 24 18 0 20 20 0 18 18 1
34 10 2 56 10 0 52 14 1 18 29 50 0 32 56 0 25 51 1
15 0 3 48 10 0 48 12 0 33 36 45 0 26 48 0 24 48 1
8 1 0 16 6 0 16 1 0 8 23 16 0 18 16 0 23 16 1
19 2 4 48 0 0 45 0 0 29 46 44 0 48 48 3 48 48 1
15 4 1 33 11 0 33 4 0 18 40 32 0 33 33 0 40 33 1
6 1 0 18 8 0 16 1 0 10 15 16 0 10 18 0 15 16 1
15 2 2 27 7 0 30 12 0 15 18 28 0 11 27 0 8 30 1
12 3 1 25 14 0 24 16 0 12 21 23 2 13 27 0 8 24 1
13 1 10 48 3 0 44 11 0 31 43 34 0 45 48 0 33 44 1
26 7 4 55 20 0 60 31 2 34 53 56 0 35 55 0 29 58 1
24 5 2 44 0 0 48 0 0 24 43 46 0 44 44 0 48 48 1
10 4 1 18 4 7 17 0 16 8 23 17 0 23 11 1 27 2 1
34 8 2 66 9 0 72 5 2 38 52 70 12 56 78 0 55 70 1
10 3 0 18 1 0 18 1 0 8 24 18 0 26 18 0 26 18 1
15 6 2 24 15 0 27 26 0 12 21 25 0 9 24 0 1 27 1
8 1 0 18 6 0 16 2 0 8 7 16 0 3 18 0 6 16 1
27 5 10 51 7 2 48 5 1 21 55 38 1 58 50 0 55 47 1
24 1 7 55 5 0 60 12 0 36 47 53 0 39 55 0 36 60 1
8 0 1 27 7 0 24 8 0 16 16 23 0 11 27 0 8 24 1
37 3 11 61 18 0 72 28 0 35 57 61 5 37 66 0 32 72 1
13 4 1 25 15 0 24 16 0 11 20 23 2 12 27 0 8 24 1
15 5 2 22 12 0 27 17 0 12 13 25 2 4 24 0 1 27 1
9 3 8 26 9 0 33 15 0 24 41 25 4 31 30 0 29 33 1
11 3 0 16 3 0 18 0 0 7 15 18 0 13 16 0 18 18 1
21 3 3 40 0 0 42 0 0 27 33 45 4 33 44 6 36 48 1
7 2 0 18 10 0 18 10 0 11 25 18 0 17 18 0 17 18 1
9 2 0 18 4 0 16 1 0 7 22 16 0 23 18 0 23 16 1
14 3 1 36 0 0 33 1 0 19 41 32 0 48 36 0 43 33 1
6 1 0 9 0 0 0 0 2 12 17 18 9 18 18 18 18 16 1
26 7 4 55 20 0 60 31 2 34 53 56 0 35 55 0 29 58 1
8 1 0 16 0 0 16 7 0 8 15 16 0 16 16 0 9 16 1
13 0 18 48 5 2 44 15 0 31 44 26 0 43 46 0 29 44 1
7 1 0 16 7 0 18 9 0 11 26 18 0 17 16 0 18 18 1
16 0 1 43 1 0 44 8 0 28 33 43 1 32 44 0 25 44 1
11 2 2 36 8 0 36 11 0 25 46 34 0 40 36 0 37 36 1
20 0 48 33 0 44 40 8 34 28 36 0 11 33 0 8 28 14 1
9 3 3 22 0 0 20 0 3 18 15 24 2 16 24 7 18 24 1
16 2 1 48 0 0 52 18 2 36 37 51 0 36 48 0 21 50 1
12 3 0 16 8 0 18 9 0 6 6 18 0 0 16 0 0 18 1
11 4 1 18 9 0 20 0 0 9 16 19 0 9 18 0 20 20 1
27 4 5 44 4 1 48 12 1 21 56 43 0 51 43 0 48 47 1
6 1 0 18 0 0 16 1 0 10 15 16 0 18 18 0 15 16 1
20 3 1 36 0 0 32 0 0 28 45 47 12 48 48 16 48 48 1
11 0 2 30 8 0 27 10 0 16 18 25 0 12 30 0 8 27 1
10 0 0 30 10 0 27 4 0 17 18 27 0 10 30 0 14 27 1
12 0 3 43 0 0 48 5 3 36 36 45 1 33 44 0 31 45 1
15 6 2 23 14 0 27 18 0 12 21 25 1 10 24 0 9 27 1
6 0 0 18 0 0 18 0 0 12 9 18 0 9 18 0 9 18 1
28 4 1 44 0 0 44 0 7 20 32 47 0 33 44 4 36 41 1
9 0 3 27 5 0 24 8 0 15 16 21 0 13 27 0 8 24 1
11 3 0 18 9 0 18 9 0 7 24 18 0 18 18 0 18 18 1
17 0 20 48 10 12 48 12 2 31 60 28 0 50 36 0 48 46 1
35 10 17 9 59 0 19 19 14 49 86 67 75 37 84 65 77 70 0
24 18 13 0 56 4 30 23 9 48 54 59 66 10 62 42 49 63 0
19 15 13 12 40 0 6 21 2 17 30 23 20 0 32 30 24 34 0
26 16 19 17 55 11 18 26 10 34 34 41 49 0 55 42 24 50 0
16 13 11 2 32 8 9 17 8 29 23 34 38 0 32 36 19 37 0
24 11 12 8 36 9 9 16 9 16 21 28 37 0 36 31 16 31 0
44 17 13 11 55 0 34 22 7 40 79 71 66 33 77 50 74 77 0
16 10 10 1 32 4 12 14 3 16 30 22 31 8 28 20 26 29 0
21 39 22 13 66 11 38 24 18 34 27 33 42 0 44 17 42 37 0
43 36 39 1 93 7 74 40 77 77 69 81 119 12 113 46 65 43 0
27 13 14 1 70 0 17 19 10 39 64 52 71 14 72 49 58 56 0
20 18 13 2 50 19 13 24 11 25 27 32 48 0 31 32 21 34 0
9 10 24 13 48 0 7 13 17 63 62 48 59 24 72 65 59 55 0
36 24 28 2 75 0 30 25 20 48 72 56 82 21 84 54 71 64 0
19 15 10 9 44 9 11 23 8 26 30 35 36 1 36 34 22 37 0
44 15 22 10 61 0 29 14 18 47 89 69 74 35 84 62 90 73 0
44 26 47 4 84 10 19 34 17 40 58 37 80 0 74 65 50 67 0
54 50 42 12 91 11 23 35 18 50 41 62 92 0 93 81 56 86 0
12 13 13 8 36 16 8 23 9 33 23 32 37 0 29 37 13 36 0
27 18 24 0 76 0 35 20 25 57 78 60 91 28 91 49 76 59 0
29 33 30 12 72 24 21 41 23 55 39 54 72 0 60 63 31 61 0
19 12 19 0 63 0 15 8 20 53 72 53 78 28 78 57 76 52 0
24 16 40 7 72 11 19 42 34 60 80 44 70 16 66 65 54 50 0
17 13 8 1 32 8 8 18 7 28 23 37 39 0 32 37 18 38 0
42 29 21 4 92 0 20 23 18 49 75 70 94 20 98 71 81 73 0
35 13 28 5 49 0 17 20 3 49 71 56 79 35 84 67 64 81 0
38 11 17 12 43 0 22 5 11 46 85 67 72 53 84 62 91 73 0
18 10 6 2 34 8 4 19 4 14 30 26 30 6 24 28 21 28 0
38 48 26 3 99 3 17 30 22 53 56 65 95 13 95 74 74 69 0
33 46 21 11 91 15 30 40 15 58 45 70 80 0 76 61 51 76 0
42 20 19 9 54 2 11 15 28 35 57 58 68 23 75 66 62 49 0
27 33 20 10 91 13 19 53 10 45 51 52 68 0 65 53 31 62 0
15 12 7 0 38 2 6 18 6 17 28 25 32 2 30 26 22 26 0
23 19 34 3 62 1 26 23 11 61 65 50 74 15 76 58 61 73 0
19 34 29 24 79 0 14 23 12 65 64 55 60 19 84 70 75 72 0
20 15 13 7 40 20 18 20 14 25 21 32 43 0 30 27 16 31 0
14 9 6 0 36 0 4 12 6 18 31 26 32 4 32 28 28 26 0
14 6 1 3 34 0 3 10 6 14 29 27 29 6 32 25 25 22 0
13 8 4 0 36 7 6 15 2 19 32 28 36 9 29 26 25 30 0
34 20 24 8 59 10 23 22 12 50 52 60 69 7 67 61 50 72 0
30 19 23 6 62 0 22 20 11 54 65 61 71 15 77 62 64 73 0
13 11 4 0 32 8 7 10 3 19 29 28 32 8 24 25 30 29 0
19 10 8 6 36 7 7 15 8 21 22 32 39 0 38 33 17 32 0
21 9 13 6 28 8 12 7 4 24 27 32 34 4 32 33 29 41 0
21 20 13 0 61 11 11 26 10 45 46 53 66 5 55 55 40 56 0
16 16 12 0 35 8 11 19 7 20 29 24 32 5 24 25 26 29 0
14 15 12 0 32 8 12 18 9 31 21 33 40 0 32 33 18 36 0
32 11 12 4 63 0 17 13 20 45 66 65 80 21 84 60 64 57 0
16 10 7 0 32 8 7 15 5 29 26 38 40 0 32 38 21 40 0
22 6 6 3 36 1 7 9 12 18 34 34 42 9 44 33 31 28 0
24 29 37 20 50 20 38 28 23 42 26 29 40 0 40 28 27 43 0
10 15 12 7 32 8 15 15 6 22 17 20 25 0 24 17 17 26 0
51 29 18 23 87 0 41 29 25 53 75 86 89 25 112 63 75 79 0
14 18 13 0 40 8 4 18 3 18 22 19 32 0 24 28 22 29 0
26 30 7 5 61 0 19 12 47 72 54 91 86 17 91 79 72 51 0
22 9 9 8 31 14 6 14 9 23 27 36 32 1 26 39 22 36 0
16 11 24 0 55 0 24 22 16 61 55 53 84 17 84 53 44 61 0
33 11 18 0 64 0 24 19 24 51 85 66 84 32 84 60 77 60 0
13 9 10 8 24 16 10 12 10 19 15 22 24 0 16 22 12 22 0
41 47 16 9 94 1 80 45 74 79 58 104 111 11 119 40 60 46 0
41 13 28 3 52 0 31 17 1 43 71 56 88 39 91 53 67 83 0
39 40 20 10 85 11 33 40 18 52 64 71 74 11 73 58 64 73 0
22 15 14 9 36 17 14 24 9 23 21 31 36 0 28 31 12 36 0
46 21 18 16 60 10 19 22 20 31 45 59 61 6 67 58 44 57 0
31 16 17 10 63 7 21 24 18 46 50 60 74 9 77 56 42 59 0
6 13 32 23 61 0 8 23 13 66 71 40 49 23 72 64 61 59 0
11 8 10 0 45 0 3 15 4 21 32 22 36 0 36 29 25 28 0
36 16 18 3 52 0 22 17 12 55 88 73 81 44 84 69 87 79 0
25 16 17 10 40 17 8 20 9 20 20 28 40 0 33 37 16 36 0
24 22 16 9 45 18 17 28 13 26 28 34 36 0 27 33 22 37 0
34 43 36 18 84 13 26 53 26 57 48 55 66 0 71 65 38 65 0
19 11 12 4 37 0 12 14 8 21 29 28 41 8 45 28 26 32 0
38 18 25 5 72 0 31 27 21 46 66 59 79 12 84 53 57 63 0
12 16 11 10 40 10 15 18 9 33 20 34 40 0 40 30 18 36 0
29 22 15 5 57 0 16 18 8 43 62 57 61 20 66 56 66 64 0
20 10 13 7 40 8 13 23 7 25 35 32 33 0 32 32 22 38 0
31 11 11 3 61 0 14 14 9 35 66 55 69 23 72 52 63 57 0
26 22 13 0 60 6 10 27 10 46 50 59 66 6 60 62 45 62 0
55 36 35 13 87 12 34 48 16 36 68 56 85 25 86 57 56 75 0
32 17 19 1 55 0 17 20 12 52 55 65 76 11 77 67 52 72 0
8 9 12 9 27 18 10 12 8 24 15 20 27 0 18 22 12 24 0
23 21 15 11 48 21 35 14 13 32 23 40 49 0 39 20 30 42 0
37 26 30 14 84 29 26 42 25 54 52 61 84 0 69 65 36 66 0
38 24 25 11 66 10 23 36 21 46 48 59 66 0 67 61 36 63 0
19 12 13 0 40 1 8 22 7 26 33 32 40 0 39 37 23 38 0
31 13 52 0 53 4 24 19 36 73 78 52 104 38 100 80 72 68 0
16 10 17 2 52 0 18 19 6 61 56 60 75 14 77 59 47 71 0
11 10 10 0 30 10 7 14 6 25 17 26 40 0 30 29 13 30 0
29 13 17 1 47 0 16 23 13 55 59 67 76 19 77 68 49 71 0
28 10 7 10 29 4 6 15 11 12 30 33 25 6 31 34 25 29 0
24 12 11 1 47 0 26 13 10 60 60 73 76 19 77 58 59 74 0
21 6 7 6 26 4 4 12 11 19 26 33 29 2 31 36 20 29 0
16 16 12 0 35 8 11 19 7 20 29 24 32 5 24 25 26 29 0
8 19 7 0 45 8 4 21 4 28 26 29 36 0 28 32 24 32 0
17 10 6 0 39 9 5 14 3 15 30 26 36 6 27 27 26 29 0
13 28 23 1 66 3 35 20 11 37 32 27 54 0 52 15 40 39 0
19 17 7 3 40 16 12 15 5 17 28 29 29 0 16 24 30 31 0
16 22 29 0 53 0 22 24 14 75 56 62 84 19 84 69 54 77 0
33 14 26 0 78 0 30 16 6 51 82 58 91 26 91 54 80 78 0
14 18 13 10 50 10 12 22 8 31 27 32 40 0 40 33 23 37 0
45 37 29 12 91 5 31 40 16 46 67 62 79 13 86 60 64 75 0
41 18 24 10 59 0 27 17 16 43 78 60 74 37 84 57 79 68 0
31 37 26 0 104 0 20 43 25 60 67 65 91 0 91 71 61 66 0
43 28 19 11 80 18 17 31 37 29 56 53 61 4 54 55 53 35 0
21 14 9 3 32 8 10 18 10 24 22 36 37 0 32 35 18 35 0
17 12 15 9 36 7 26 11 6 28 33 30 36 9 38 19 34 39 0
33 13 13 1 60 4 13 16 10 51 59 71 83 12 80 71 56 74 0
16 16 16 7 32 8 10 19 11 29 20 29 33 0 32 35 17 34 0
26 19 14 7 70 12 23 22 16 51 47 63 77 2 72 54 44 61 0
10 5 6 0 18 8 1 12 11 26 22 30 32 6 24 35 15 25 0
14 14 24 15 58 0 28 21 1 63 74 53 69 38 84 49 67 76 0
16 16 16 7 32 8 10 19 11 29 20 29 33 0 32 35 17 34 0
12 11 6 0 40 9 6 15 5 20 29 26 36 5 27 26 25 27 0
40 16 42 12 85 6 32 25 13 44 80 42 79 19 85 52 71 71 0
11 8 7 6 32 6 5 16 3 17 20 21 26 0 26 23 12 25 0
7 15 6 0 33 1 6 17 3 29 30 30 32 7 31 30 28 33 0
17 12 10 7 28 14 11 18 11 23 20 30 28 0 21 29 14 29 0
18 18 13 10 40 8 27 15 13 32 22 37 40 0 42 23 25 37 0
32 26 18 11 76 11 15 40 18 40 58 54 55 1 55 57 44 54 0
33 8 10 12 34 9 14 12 7 12 37 35 38 16 41 31 33 38 0
16 12 10 1 36 9 16 15 8 29 24 35 44 0 36 29 21 37 0
25 13 17 0 48 0 15 15 10 59 71 67 77 29 77 69 69 74 0
14 19 14 17 40 30 11 19 14 31 17 31 33 0 20 34 17 31 0
24 12 6 2 33 8 11 16 10 21 33 39 38 7 32 34 29 35 0
32 20 25 0 55 0 15 26 16 52 64 59 77 22 77 69 58 68 0
40 36 30 4 84 13 19 47 21 64 55 74 100 7 91 85 44 83 0
18 10 7 5 38 9 7 17 5 14 30 25 31 7 27 25 23 27 0
33 15 14 0 76 0 18 21 11 58 89 77 98 36 98 73 83 80 0
25 8 17 0 54 0 19 10 18 59 88 67 91 50 91 65 86 66 0
11 13 6 0 34 3 7 18 3 25 32 30 32 6 29 29 27 33 0
22 11 14 0 60 0 14 15 6 55 55 63 84 12 84 63 51 71 0
29 18 25 10 66 0 30 37 12 55 78 59 67 22 77 54 59 72 0
37 22 45 9 86 0 30 34 10 61 90 53 89 26 98 68 78 88 0
33 13 11 7 46 11 11 19 14 27 37 49 53 4 49 49 31 46 0
38 16 17 5 64 10 16 21 11 46 56 67 79 8 74 68 51 73 0
18 14 24 0 61 0 20 22 12 66 58 60 77 5 77 64 50 72 0
15 10 8 3 32 8 7 15 8 25 22 32 37 0 32 33 17 32 0
36 13 21 0 45 0 18 15 10 48 71 63 77 32 77 66 69 74 0
17 17 16 0 36 18 11 18 8 33 23 34 45 0 27 39 22 42 0
29 18 23 13 70 16 18 20 12 55 54 61 71 2 68 66 52 72 0
18 14 30 0 65 0 12 20 6 66 58 54 77 1 77 72 52 78 0
14 9 6 0 36 0 4 12 6 18 31 26 32 4 32 28 28 26 0
17 13 9 1 35 8 6 22 6 15 27 23 31 5 24 26 18 26 0
9 10 5 0 45 9 4 19 3 23 30 27 36 0 27 28 21 29 0
24 13 22 6 65 2 29 21 13 53 53 55 78 7 82 48 45 64 0
37 22 25 14 79 5 29 26 18 67 69 79 98 19 107 75 65 86 0
30 12 13 3 58 0 10 13 17 36 54 53 69 14 72 56 53 49 0
8 11 11 4 27 18 7 17 10 24 13 21 32 0 18 25 7 22 0
13 13 12 11 32 8 11 16 6 19 19 20 21 0 24 21 16 26 0
33 29 26 6 82 1 21 27 23 58 62 65 92 16 97 70 64 68 0
38 35 24 3 98 14 31 39 17 53 56 67 95 0 84 60 52 74 0
15 16 10 9 32 16 8 18 8 17 16 22 23 0 16 24 14 24 0
15 20 16 10 50 16 12 28 13 21 25 20 30 0 24 24 17 23 0
29 11 34 9 51 2 29 22 7 55 85 50 68 37 75 55 74 77 0
12 18 8 0 45 9 5 22 5 24 27 28 36 0 27 31 23 31 0
73 30 25 32 43 22 21 22 20 11 42 59 52 29 62 63 50 64 0
12 1 12 0 35 0 4 4 13 72 71 72 84 37 84 80 68 71 0
22 20 15 15 50 14 18 25 6 23 25 30 35 0 36 27 20 39 0
5 12 8 8 32 16 5 19 9 35 20 32 32 0 24 35 13 31 0
34 42 30 1 91 2 18 39 16 64 56 68 90 0 89 80 59 82 0
40 31 16 4 79 4 17 27 20 51 60 75 87 12 87 74 64 71 0
31 14 17 3 60 6 24 22 13 53 58 67 81 12 78 60 50 71 0
33 10 17 0 60 0 10 16 11 51 62 67 84 12 84 74 56 73 0
17 15 11 5 33 8 16 15 5 28 30 34 35 7 32 29 30 40 0
22 12 15 5 38 0 16 23 7 23 42 30 40 16 45 29 31 38 0
26 27 16 0 72 11 14 28 18 65 51 75 84 0 73 77 50 73 0
21 13 6 4 33 5 9 13 5 24 32 39 36 7 35 36 32 40 0
14 14 8 7 32 12 5 16 6 18 18 24 25 0 20 27 16 26 0
14 19 9 7 45 9 9 22 9 31 26 36 38 0 36 36 23 36 0
25 15 10 23 36 17 14 20 12 15 17 30 22 0 28 26 12 28 0
32 9 18 3 58 2 21 15 17 45 57 59 81 14 82 56 51 60 0
27 17 19 1 66 0 29 14 13 50 60 58 83 18 84 48 63 64 0
17 16 14 16 40 13 14 19 11 28 20 31 34 0 37 31 17 34 0
33 8 10 12 34 9 14 12 7 12 37 35 38 16 41 31 33 38 0
40 33 22 11 82 12 21 37 16 51 71 69 73 14 72 70 67 75 0
20 10 8 5 32 8 10 11 8 25 26 37 35 0 32 35 25 37 0
19 15 13 12 40 0 6 21 2 17 30 23 20 0 32 30 24 34 0
19 16 11 0 45 9 9 14 5 26 29 34 45 0 36 36 31 40 0
36 19 12 7 89 0 23 25 10 68 72 92 105 9 112 81 66 94 0
31 25 25 0 91 0 15 34 14 60 66 66 91 0 91 76 57 77 0
23 12 33 12 74 0 19 14 13 61 84 51 79 30 91 65 82 71 0
16 13 15 0 36 10 11 15 4 29 23 30 45 0 35 34 21 41 0
36 26 23 2 78 10 17 36 20 55 78 68 89 26 81 74 68 71 0
36 13 7 5 51 0 7 14 18 41 53 70 72 15 77 70 52 59 0
11 11 8 0 36 2 6 14 2 21 29 24 36 9 34 26 26 30 0
28 24 16 0 75 0 54 40 59 77 96 89 105 45 105 51 80 46 0
49 27 45 4 91 2 26 43 20 55 77 59 108 21 110 78 61 84 0
21 15 13 1 36 17 16 19 14 29 25 37 44 0 28 34 21 36 0
23 11 13 1 43 9 15 16 6 22 34 32 44 2 36 30 29 39 0
29 14 18 5 68 15 32 17 14 48 52 59 79 4 69 45 49 63 0
13 7 11 0 33 9 13 11 3 27 25 29 45 3 36 27 21 37 0
11 10 7 0 40 0 4 18 4 21 30 25 32 0 32 28 22 28 0
12 8 9 0 32 0 9 14 3 20 32 23 32 8 32 23 26 29 0
23 27 11 2 50 4 31 13 5 32 28 44 48 0 46 24 42 50 0
20 15 13 7 40 20 18 20 14 25 21 32 43 0 30 27 16 31 0
26 8 6 7 35 3 5 10 14 14 32 34 33 5 37 35 30 26 0
15 12 8 0 40 0 7 14 6 30 33 37 45 5 45 38 31 39 0
34 23 27 5 77 0 31 35 13 50 73 57 72 11 77 53 61 71 0
43 16 26 16 58 0 33 19 11 41 80 58 68 38 84 51 77 73 0
52 14 18 21 55 12 37 14 15 44 70 78 75 29 84 59 70 81 0
42 6 33 16 4 20 10 16 7 3 30 12 29 32 25 35 20 38 6
32 17 19 16 1 13 4 10 4 0 23 13 16 39 19 28 30 28 6
31 14 12 9 9 4 4 12 4 1 18 20 23 23 28 28 20 28 6
32 10 32 2 13 7 16 9 0 4 35 4 30 27 25 20 36 36 6
31 9 17 9 6 6 7 10 3 1 23 15 23 26 26 25 22 29 6
32 11 27 16 8 17 10 14 3 0 29 5 20 37 19 22 26 29 6
32 16 17 10 11 3 7 12 6 0 24 15 22 29 29 25 28 26 6
44 17 20 14 7 11 5 18 6 1 19 25 31 29 34 40 18 39 6
34 3 22 10 3 7 9 9 3 6 29 18 30 29 33 31 23 37 6
32 16 14 13 6 8 4 14 5 0 16 18 23 30 28 28 18 27 6
40 5 36 11 7 18 8 15 7 5 31 9 34 29 27 37 21 38 6
4 1 8 0 7 3 3 8 3 28 31 24 32 25 29 29 24 29 6
36 21 13 14 11 8 7 17 7 0 24 23 26 39 32 29 28 29 6
42 6 33 16 4 20 10 16 7 3 30 12 29 32 25 35 20 38 6
27 7 27 4 9 7 7 15 3 5 33 5 28 31 25 25 25 29 6
44 18 30 14 18 18 9 23 8 1 27 15 36 32 32 36 22 37 6
5 13 11 2 14 16 7 17 8 35 19 29 38 18 24 33 15 32 6
36 18 12 11 8 12 11 20 6 0 18 24 21 24 20 25 16 30 6
78 12 60 28 8 32 18 23 16 6 60 24 56 64 52 66 49 68 6
45 19 21 16 13 17 10 19 9 0 26 24 34 37 33 35 26 36 6
50 26 21 22 8 21 16 21 15 0 14 29 23 28 24 34 19 35 6
39 11 10 13 5 3 8 5 5 1 21 30 27 27 37 32 27 35 6
30 9 25 6 5 8 7 10 3 2 31 7 26 35 24 25 30 29 6
36 7 38 7 8 12 11 18 5 9 38 7 38 37 33 34 27 40 6
32 10 32 2 13 7 16 9 0 4 35 4 30 27 25 20 36 36 6
44 13 23 14 5 35 13 10 10 1 23 22 26 27 5 32 26 35 6
46 15 34 11 9 12 25 12 14 4 45 16 44 57 43 25 48 36 6
40 4 36 27 13 27 14 16 6 5 32 9 18 23 18 31 20 39 6
52 14 22 16 8 11 7 13 7 2 31 32 44 42 49 47 32 47 6
14 10 29 0 13 18 12 15 5 26 22 11 45 23 27 28 17 35 6
35 14 22 12 4 15 6 21 5 1 22 14 20 28 17 30 15 31 6
32 10 32 2 13 7 16 9 0 4 35 4 30 27 25 20 36 36 6
31 12 12 9 4 6 4 13 2 1 20 20 23 28 26 28 19 30 6
32 16 14 13 6 8 4 14 5 0 16 18 23 30 28 28 18 27 6
35 13 22 10 7 13 3 14 5 1 32 14 26 38 23 33 31 31 6
50 20 19 16 8 14 8 19 6 0 20 31 29 28 31 42 21 44 6
30 8 25 6 7 11 3 19 2 2 32 7 26 33 21 29 21 30 6
50 20 18 18 10 16 7 23 10 0 20 32 32 30 34 43 17 40 6
10 19 11 8 14 13 14 23 9 26 26 25 24 26 19 22 22 27 6
48 14 30 14 12 13 11 20 10 2 26 20 36 28 37 39 20 40 6
36 20 15 12 5 6 5 18 3 0 25 21 20 35 26 31 27 33 6
44 8 34 19 3 21 8 17 7 1 37 11 26 42 24 37 28 38 6
12 13 8 4 16 14 5 14 3 28 27 32 41 29 31 35 26 37 6
42 10 50 9 15 24 27 21 19 8 40 0 36 30 21 23 29 31 6
33 4 43 3 6 12 9 16 4 12 32 2 37 26 28 36 20 41 6
32 18 14 14 7 10 10 14 3 0 22 18 22 38 26 22 26 29 6
34 8 33 14 7 18 4 20 2 2 37 3 22 38 18 32 25 34 6
36 6 27 13 8 10 10 14 4 4 26 13 32 28 35 30 18 36 6
50 21 21 20 5 23 13 20 10 0 19 29 25 31 22 37 20 40 6
55 36 16 27 4 21 13 26 11 0 19 39 23 46 29 42 29 44 6
44 16 17 16 11 9 6 20 9 1 20 28 24 21 31 39 16 36 6
32 12 11 13 11 10 5 12 1 0 28 21 19 29 22 27 28 31 6
37 4 29 10 7 13 11 10 3 3 28 11 35 29 32 29 22 37 6
40 20 26 17 2 6 10 9 3 0 20 14 18 33 29 30 31 37 6
31 12 16 8 6 7 7 10 3 1 28 16 24 34 25 25 30 29 6
31 11 15 10 6 7 9 9 3 1 29 17 26 39 29 23 31 29 6
32 18 13 17 9 10 8 18 5 0 22 19 19 36 26 24 22 27 6
44 16 22 10 4 8 7 15 6 1 29 23 30 36 32 38 30 39 6
30 8 24 9 8 6 9 11 3 2 32 8 23 32 26 23 29 29 6
44 11 26 17 5 20 7 12 6 1 25 19 33 35 30 38 24 39 6
32 13 17 12 7 8 5 17 5 0 19 15 20 25 24 27 15 27 6
31 13 14 10 6 6 9 13 4 1 19 18 22 26 26 23 19 28 6
36 25 14 15 14 17 6 25 7 0 20 22 25 36 23 30 20 29 6
39 14 17 15 6 12 8 13 5 1 18 23 30 30 33 32 19 35 6
28 9 27 4 7 6 7 17 6 4 31 5 28 33 26 25 23 26 6
31 10 19 9 8 6 7 13 7 1 22 13 23 24 26 25 19 25 6
31 10 24 9 6 5 7 11 4 1 30 8 23 34 27 25 29 28 6
34 5 40 5 7 11 10 19 7 11 31 5 35 25 29 35 17 38 6
36 19 22 13 11 13 12 20 4 0 26 14 23 34 23 24 25 32 6
45 9 30 14 13 14 14 17 9 5 51 20 41 53 41 36 43 41 6
36 15 22 16 7 12 9 15 8 0 30 14 20 38 24 27 30 28 6
32 16 16 11 7 8 12 10 3 0 24 16 25 38 28 20 30 29 6
36 19 20 12 13 16 8 22 6 0 26 16 28 37 24 28 23 30 6
37 10 23 9 2 11 5 8 3 3 22 17 36 34 34 35 24 37 6
43 11 19 12 2 8 7 12 3 2 34 26 28 38 32 38 33 42 6
45 20 15 16 13 8 7 15 6 0 34 30 34 47 42 38 39 39 6
45 28 24 23 15 18 12 25 9 0 17 21 27 35 32 33 20 36 6
31 11 22 8 6 6 5 13 1 1 29 10 24 34 26 27 27 31 6
54 27 20 17 28 9 32 16 13 1 28 35 43 32 51 23 39 42 6
29 4 26 8 8 18 9 11 4 3 28 6 28 28 18 23 21 28 6
39 8 35 8 7 8 9 15 5 6 37 10 32 33 32 36 30 40 6
32 23 16 13 8 7 5 23 6 0 17 16 19 32 25 27 17 26 6
36 24 19 18 12 13 8 23 7 0 21 17 18 33 23 28 22 29 6
49 15 19 16 6 27 11 20 9 1 25 31 34 34 23 39 20 41 6
36 4 34 6 9 13 12 14 10 9 32 11 39 27 32 33 22 35 6
44 14 20 18 0 19 5 19 5 1 22 25 22 32 21 40 17 40 6
43 10 21 11 9 10 11 13 5 2 26 24 34 27 35 34 23 40 6
45 23 13 20 10 7 12 15 6 0 31 32 30 50 43 33 39 39 6
43 9 22 16 2 14 4 16 6 2 27 23 24 30 26 41 20 39 6
44 13 27 20 17 24 15 23 15 1 23 18 30 23 26 30 13 30 6
32 13 17 12 7 13 7 17 2 0 27 15 24 38 23 25 23 30 6
43 11 19 11 7 13 7 15 5 2 25 26 39 33 37 38 21 40 6
55 29 31 20 28 28 31 22 21 0 37 24 40 44 32 24 44 34 6
28 7 21 8 9 4 10 10 4 4 33 11 28 36 32 22 30 28 6
6 18 14 6 12 11 11 17 4 30 18 22 26 20 21 25 19 32 6
25 4 24 6 7 8 8 9 4 3 24 4 26 25 24 20 19 24 6
78 15 39 20 6 12 10 12 12 6 57 45 64 66 72 74 60 72 6
30 8 24 6 3 11 4 16 2 2 32 8 26 37 21 28 24 30 6
31 9 23 11 6 18 7 15 4 1 23 9 25 30 18 25 17 28 6
30 9 21 6 8 6 7 13 3 2 31 11 26 32 26 25 27 29 6
31 13 20 13 5 9 12 14 8 1 27 12 23 40 27 20 26 24 6
32 5 28 7 3 12 7 13 2 4 31 8 25 29 20 29 23 34 6
31 12 11 8 3 5 3 13 2 1 20 21 24 29 27 29 19 30 6
60 36 18 30 3 33 8 20 24 0 14 42 30 47 27 52 30 36 6
49 14 26 14 4 14 7 16 9 1 26 24 31 32 31 43 24 41 6
32 19 13 18 7 8 10 11 4 0 21 19 18 38 28 22 29 28 6
32 14 21 12 10 11 12 16 5 0 26 11 24 35 25 20 24 27 6
36 20 14 13 5 6 10 15 3 0 25 22 19 35 26 26 30 33 6
45 19 15 21 7 12 9 19 9 0 17 30 24 29 33 36 17 36 6
36 2 30 14 6 17 9 10 4 4 30 10 31 30 28 31 22 36 6
32 15 28 12 10 7 12 22 6 0 25 4 16 25 21 20 18 26 6
30 9 25 7 8 7 7 16 1 2 31 7 25 32 25 25 24 31 6
32 14 21 12 10 11 12 16 5 0 26 11 24 35 25 20 24 27 6
36 31 11 18 13 12 4 24 6 0 14 25 22 37 28 32 21 30 6
30 10 25 8 9 11 7 16 3 2 30 7 28 36 25 25 24 29 6
36 17 13 16 5 19 5 14 7 0 10 23 24 25 21 31 13 29 6
34 6 29 6 8 11 4 14 4 6 26 11 39 28 34 36 18 36 6
49 20 24 13 10 19 12 20 7 1 20 26 32 26 26 38 20 43 6
32 18 5 11 5 4 5 5 2 0 22 27 25 40 32 27 35 30 6
9 12 6 0 8 11 3 22 0 31 38 34 36 37 25 37 28 40 6
50 26 15 18 16 18 11 23 10 0 24 35 37 39 37 39 27 40 6
31 5 33 4 5 11 14 9 4 9 27 7 36 27 29 26 23 36 6
32 12 17 6 10 8 8 12 7 0 20 15 22 18 20 24 20 25 6
34 8 30 8 6 13 6 21 2 2 37 6 24 34 19 30 24 34 6
31 12 11 8 3 5 3 13 2 1 20 21 24 29 27 29 19 30 6
39 12 18 16 7 14 8 12 5 1 20 22 29 29 31 32 20 35 6
50 33 20 23 11 16 15 23 3 0 27 30 27 49 34 35 37 47 6
36 19 20 12 13 16 8 22 6 0 26 16 28 37 24 28 23 30 6
32 5 31 7 5 16 6 15 4 8 27 9 38 31 29 34 17 36 6
36 29 8 20 4 19 4 23 4 0 16 28 20 46 21 32 22 32 6
44 16 17 16 11 9 6 20 9 1 20 28 24 21 31 39 16 36 6
27 9 29 3 11 7 8 12 6 5 31 3 33 34 29 24 28 26 6
32 19 13 13 6 5 6 12 4 0 21 19 19 34 27 26 28 28 6
36 21 13 12 5 4 6 16 4 0 24 23 20 35 28 30 29 32 6
50 24 7 24 3 20 9 23 0 0 36 43 26 57 30 41 37 50 6
30 10 25 7 10 6 8 17 6 2 30 7 25 30 26 24 23 26 6
34 7 32 11 7 15 13 16 7 6 25 8 34 29 30 27 16 33 6
30 8 19 9 2 4 10 11 3 2 32 13 19 33 24 22 29 29 6
35 18 19 10 11 6 7 24 6 1 27 17 22 29 26 29 21 30 6
33 4 44 5 8 15 11 14 4 12 32 1 40 28 30 34 22 41 6
44 11 32 20 4 19 8 16 6 1 25 13 25 32 26 37 20 39 6
45 20 15 16 13 8 7 15 6 0 34 30 34 47 42 38 39 39 6
36 23 11 14 10 17 7 21 16 0 13 25 22 26 19 29 15 20 6
58 19 37 19 29 16 33 20 10 2 41 23 41 31 44 27 40 50 6
49 16 31 21 7 32 18 25 6 1 34 19 34 48 23 32 25 44 6
36 21 21 11 16 15 10 29 8 0 24 15 25 29 21 26 16 28 6
10 15 10 0 8 13 4 20 3 40 25 40 45 28 32 46 20 47 6
39 12 25 16 7 12 13 10 5 1 20 15 29 29 33 27 22 35 6
36 29 8 20 4 19 4 23 4 0 16 28 20 46 21 32 22 32 6
30 11 24 6 13 8 4 19 4 2 29 8 30 32 28 28 21 28 6
26 5 29 5 6 10 12 12 1 6 35 3 27 34 22 20 28 31 6
32 13 20 12 8 6 10 12 4 0 27 12 20 32 26 22 28 28 6
65 11 74 9 9 19 18 23 7 19 61 10 68 57 58 66 49 77 6
54 24 21 12 18 11 20 13 6 1 20 34 38 22 39 35 31 49 6
29 4 25 8 1 12 3 21 4 3 28 7 20 27 16 29 11 28 6
32 13 26 18 7 18 11 17 3 0 27 6 18 38 18 21 23 29 6
32 27 9 20 8 7 5 13 3 0 13 23 16 37 29 27 27 29 6
34 12 21 6 6 6 4 17 3 2 33 15 26 34 26 32 28 33 6
31 10 25 15 5 15 7 15 2 1 30 7 21 40 21 25 25 30 6
39 12 25 16 7 12 13 10 5 1 20 15 29 29 33 27 22 35 6
50 27 26 18 12 16 9 21 6 0 33 24 32 48 34 41 39 44 6
49 19 46 28 15 12 31 17 26 1 41 4 17 39 33 19 43 24 6
44 5 36 15 6 43 12 17 22 6 35 14 30 30 2 38 23 28 6
84 38 29 45 9 31 24 20 14 0 34 55 46 69 60 60 52 70 6
64 14 79 8 7 22 16 13 15 20 70 5 69 70 55 68 71 69 6
34 7 34 9 9 17 9 18 6 2 29 2 27 27 19 27 18 30 6
36 18 24 13 11 9 11 29 6 0 27 12 19 29 23 25 16 30 6
24 5 20 5 6 7 5 10 4 4 23 8 27 26 25 23 18 24 6
53 20 19 18 15 28 23 19 6 2 24 36 42 33 32 32 25 49 6
31 9 16 12 0 9 2 11 2 1 15 16 20 24 23 30 13 30 6
55 36 16 27 4 21 13 26 11 0 19 39 23 46 29 42 29 44 6
50 21 21 20 5 23 13 20 10 0 19 29 25 31 22 37 20 40 6
45 19 12 20 3 21 5 16 4 0 17 33 30 37 29 40 20 41 6
44 17 20 14 7 11 5 18 6 1 19 25 31 29 34 40 18 39 6
36 20 15 17 5 15 6 13 4 0 25 21 23 45 25 30 32 32 6
32 27 9 20 8 7 5 13 3 0 13 23 16 37 29 27 27 29 6
23 2 40 5 2 17 11 10 1 17 30 0 35 30 23 29 22 39 6
24 14 19 10 12 12 7 16 12 0 18 5 14 20 12 17 16 12 6
36 17 24 12 4 14 4 21 3 0 28 12 20 36 18 32 24 33 6
65 30 33 27 13 15 11 22 10 1 47 33 45 71 57 55 55 56 6
50 25 27 14 15 17 7 26 8 0 35 23 36 45 33 43 34 42 6
39 9 24 20 6 18 9 16 6 1 23 16 25 30 27 31 16 34 6
48 12 28 12 7 12 13 20 11 2 28 22 33 29 33 37 20 39 6
45 23 13 20 10 7 12 15 6 0 31 32 30 50 43 33 39 39 6
32 9 21 15 6 11 6 16 5 0 23 11 21 30 25 26 16 27 6
26 4 18 9 6 9 7 15 4 2 24 10 23 26 23 21 13 24 6
12 18 14 7 6 9 7 13 0 24 27 22 25 34 23 29 32 36 6
36 5 32 7 6 8 13 17 6 9 31 13 33 26 32 32 19 39 6
119 65 33 33 24 5 68 41 63 1 55 87 79 88 107 52 79 57 6
36 8 40 8 9 8 18 15 6 9 37 5 32 31 32 27 30 39 6
52 14 22 16 8 11 7 13 7 2 31 32 44 42 49 47 32 47 6
37 4 29 10 7 13 11 10 3 3 28 11 35 29 32 29 22 37 6
84 35 34 39 9 33 19 23 17 0 37 50 52 69 58 65 49 67 6
43 8 31 13 2 17 10 9 5 2 28 14 32 34 28 35 27 40 6
28 8 28 9 8 10 12 19 6 4 24 4 23 24 22 20 13 26 6
36 20 15 12 5 6 5 18 3 0 25 21 20 35 26 31 27 33 6
39 11 22 16 6 12 8 13 5 1 21 18 29 30 33 32 19 35 6
43 7 35 14 2 16 12 12 5 2 38 10 26 38 24 33 33 40 6
35 14 21 7 11 10 4 24 5 1 31 15 25 29 22 32 21 31 6
32 15 14 10 9 8 7 11 4 0 25 18 26 36 28 25 29 28 6
